timestamp,open,high,low,close
2026-01-01 00:00:00,1.100067335962129,1.100116883091154,1.100006657649903,1.1000745071229519
2026-01-01 00:01:00,1.1000521346825891,1.1000991088886145,1.1000232175314708,1.1000537674777762
2026-01-01 00:02:00,1.1001541355024205,1.1003304850757543,1.1000911826523867,1.1001509207584912
2026-01-01 00:03:00,1.1004267183100347,1.1004123842561226,1.1003683334322578,1.1003793752369524
2026-01-01 00:04:00,1.1003068913653196,1.100417535138926,1.1002245343775976,1.1003442522307438
2026-01-01 00:05:00,1.100266814337626,1.1004365548991093,1.1002320274714874,1.1003091316872016
2026-01-01 00:06:00,1.1006078445966347,1.1006508618746327,1.1004459315597508,1.1005460136095275
2026-01-01 00:07:00,1.1006379965818065,1.100709906301009,1.1005829616116658,1.1006611288189005
2026-01-01 00:08:00,1.1005275558933316,1.1006641309932075,1.1005059449397607,1.1005907076610104
2026-01-01 00:09:00,1.1006478351704434,1.1006862446312822,1.100590232205714,1.1006720916675483
2026-01-01 00:10:00,1.1005860763768642,1.1007624111943906,1.1005103853758258,1.1006025790136265
2026-01-01 00:11:00,1.100610467686977,1.1006060743319412,1.1004475785569146,1.1005327195505907
2026-01-01 00:12:00,1.1006152552019446,1.1005698922568157,1.1004374341505039,1.1005690138913258
2026-01-01 00:13:00,1.1003393978854585,1.1003057901863231,1.1002354267568197,1.100282021854627
2026-01-01 00:14:00,1.1000642828618674,1.1000309450867953,1.0999409853205497,1.1000232841797501
2026-01-01 00:15:00,1.0999862532339446,1.0999901174061582,1.0999347868663076,1.099938941050364
2026-01-01 00:16:00,1.0997526122759849,1.0999974913328856,1.099679647097694,1.0997870163823138
2026-01-01 00:17:00,1.0998242233744355,1.1000383712732567,1.0997883216882907,1.0998341534822031
2026-01-01 00:18:00,1.0996484541052238,1.099713482370795,1.0996264691449757,1.099697949870875
2026-01-01 00:19:00,1.0994755799141476,1.0995259190421867,1.0993066518308352,1.0994861043156745
2026-01-01 00:20:00,1.0997401568805596,1.0997117424060006,1.099551467484771,1.0997059516310128
2026-01-01 00:21:00,1.0996788143501806,1.0997455968660124,1.0996116754433043,1.0996720851859398
2026-01-01 00:22:00,1.099747788457591,1.0997008068647378,1.099546113746166,1.099682214416643
2026-01-01 00:23:00,1.0994114313990997,1.0996284416649305,1.0994620230536987,1.099468502188711
2026-01-01 00:24:00,1.0994118566975672,1.0996145534298376,1.099310301030595,1.0993868447800323
2026-01-01 00:25:00,1.0993410680283953,1.099526934368331,1.0992557111389585,1.0994034831684887
2026-01-01 00:26:00,1.099235542955334,1.09933403076026,1.0992062842636958,1.0992308341318753
2026-01-01 00:27:00,1.099324205505755,1.0993312147550658,1.0992616701174758,1.0992871888346272
2026-01-01 00:28:00,1.0991863679027982,1.0993259006036247,1.0990266308353218,1.0991970930311394
2026-01-01 00:29:00,1.0991808952988749,1.0991547898685967,1.0991450256160984,1.0991533389686705
2026-01-01 00:30:00,1.0990150963600944,1.099186696556439,1.0989807406583798,1.099063082976836
2026-01-01 00:31:00,1.0992577402056025,1.099466358540588,1.0992463613617556,1.0993409247045123
2026-01-01 00:32:00,1.099366751601926,1.0994120001834802,1.0992884636142297,1.0993389001208016
2026-01-01 00:33:00,1.0992674439931622,1.09923408697718,1.099126113571962,1.0991802434814584
2026-01-01 00:34:00,1.0992538229712652,1.0993751986423907,1.099105943061379,1.0993036252182737
2026-01-01 00:35:00,1.0991816083797834,1.0993599348608363,1.0990709771609777,1.099120498670778
2026-01-01 00:36:00,1.0991539993804695,1.0993703376995323,1.0991213937229234,1.0991518282100288
2026-01-01 00:37:00,1.0987910931153622,1.0989265492257472,1.0988265847947278,1.0988578776914468
2026-01-01 00:38:00,1.0986020745190443,1.0988210382833932,1.0985967941484143,1.098658649784112
2026-01-01 00:39:00,1.0986889682081604,1.0987264957884684,1.098489611328391,1.0986881789694924
2026-01-01 00:40:00,1.0987787258420956,1.0988488585381055,1.0987865960363077,1.0987989489564918
2026-01-01 00:41:00,1.0987590085498324,1.0989938812818347,1.0988029810197548,1.0988246541986704
2026-01-01 00:42:00,1.0987226049922507,1.0988243455328508,1.0987813847750116,1.098807306956312
2026-01-01 00:43:00,1.0987198054355773,1.0988434237610074,1.0987497029252828,1.0987621414019737
2026-01-01 00:44:00,1.098550053553835,1.0986231689849077,1.0984575337273836,1.0985403631034185
2026-01-01 00:45:00,1.098432066434529,1.0985394945221996,1.0984203666162846,1.0984323864721592
2026-01-01 00:46:00,1.0983382287586403,1.0985707392916169,1.098318209422882,1.0983632906565153
2026-01-01 00:47:00,1.0985319533501627,1.0985240624768486,1.0985008903840907,1.0985218589904482
2026-01-01 00:48:00,1.0986254030698765,1.0986855878843629,1.098527647540483,1.0985734017338835
2026-01-01 00:49:00,1.0983286520361006,1.0983276136068103,1.0982655709496443,1.098308945710579
2026-01-01 00:50:00,1.098351492872419,1.0984304646704885,1.0981803686377638,1.0983575583059884
2026-01-01 00:51:00,1.098346199564259,1.0983349125106885,1.0982361089480863,1.0982997959639258
2026-01-01 00:52:00,1.0981502651487691,1.0982324236870753,1.0981311561793137,1.09819825766388
2026-01-01 00:53:00,1.0982787631302284,1.098317140605013,1.0981804251909058,1.098290009107206
2026-01-01 00:54:00,1.0984346046388005,1.098566317115994,1.098334213852795,1.0984446590355805
2026-01-01 00:55:00,1.0985225033905257,1.0986965040681904,1.0985409968924007,1.0985843510534479
2026-01-01 00:56:00,1.0984374747168504,1.0985294036764102,1.098436210932242,1.0984584684249645
2026-01-01 00:57:00,1.098308338584542,1.0984140323941385,1.098243889690188,1.0984120865685867
2026-01-01 00:58:00,1.0985573849856805,1.098475627307758,1.098413972301778,1.0984617760832973
2026-01-01 00:59:00,1.0985612371629438,1.098650496856598,1.0984641470392857,1.0986081078523657
2026-01-01 01:00:00,1.09861553742326,1.0985667506012369,1.098522249580837,1.098536231716689
2026-01-01 01:01:00,1.0985102870954753,1.0986130740496383,1.098484532977622,1.0985083828701894
2026-01-01 01:02:00,1.0983706758306964,1.0983759570322753,1.098253874915919,1.0983424326240885
2026-01-01 01:03:00,1.0981385616405586,1.0982971081018063,1.0979848331518296,1.0981630016304762
2026-01-01 01:04:00,1.0982952769884335,1.0983592456813895,1.0981484128712453,1.0982848805038354
2026-01-01 01:05:00,1.0985208409901204,1.0985088041745075,1.0984830691225147,1.098488316508121
2026-01-01 01:06:00,1.0985107426106038,1.0984806545764372,1.0984498814603796,1.098477514989884
2026-01-01 01:07:00,1.0986667835940715,1.0987888027552077,1.0985846699559716,1.0986280449245678
2026-01-01 01:08:00,1.098663873692823,1.0986843463840599,1.0986607234512316,1.0986822903283249
2026-01-01 01:09:00,1.0985615043815096,1.098614440732446,1.0985502677408605,1.0985855223651342
2026-01-01 01:10:00,1.098560022889697,1.0987576240550903,1.0985956414870994,1.0986397317059604
2026-01-01 01:11:00,1.098896598141489,1.0988924041361654,1.098758792105412,1.0988704371909304
2026-01-01 01:12:00,1.0989191822206301,1.0989260158895846,1.0987662771268232,1.0988650632850638
2026-01-01 01:13:00,1.099180558917432,1.0992552972068201,1.099053839415276,1.099099759833436
2026-01-01 01:14:00,1.0987220566995515,1.0987268825771341,1.098615021248043,1.0987067980678225
2026-01-01 01:15:00,1.0987917594548333,1.0988401625507433,1.0987990438298312,1.0988300834434788
2026-01-01 01:16:00,1.0987582856965499,1.0988472692492732,1.098777456956845,1.0988431405037145
2026-01-01 01:17:00,1.0988503727377987,1.0989020052910103,1.0986904578944816,1.0987982894011445
2026-01-01 01:18:00,1.098722239689286,1.0988454973691097,1.0987761617592509,1.098812053517625
2026-01-01 01:19:00,1.0984968879765478,1.0986617253702704,1.098409938857982,1.0985139181804349
2026-01-01 01:20:00,1.098469752055862,1.0985803263488185,1.0982961010903625,1.098480967397259
2026-01-01 01:21:00,1.0985310615260935,1.098548126739708,1.0984037700248765,1.098534534282986
2026-01-01 01:22:00,1.098758008519699,1.0987646650683363,1.098728852377776,1.0987562183896973
2026-01-01 01:23:00,1.0986853852347744,1.0987854033063316,1.0985217923862347,1.098678477856956
2026-01-01 01:24:00,1.0984364356534182,1.0986528333167311,1.0984972948405958,1.098557203816522
2026-01-01 01:25:00,1.098482673055478,1.09871440759057,1.0984643728887353,1.0984819402599846
2026-01-01 01:26:00,1.0985077717989342,1.0986209511850882,1.0985224022129436,1.0986192505776398
2026-01-01 01:27:00,1.0987051741477432,1.098719065352916,1.0985303863252318,1.0986685632440887
2026-01-01 01:28:00,1.0985613429557335,1.0985975510611052,1.0985120942026319,1.0985890992135237
2026-01-01 01:29:00,1.0985582374922296,1.0987374477954814,1.0985154746044132,1.0986660893284907
2026-01-01 01:30:00,1.0986399407270235,1.098862726988673,1.098636765961845,1.0986806509608928
2026-01-01 01:31:00,1.0987974439425137,1.0988965250577825,1.0987120415587113,1.0988259477094728
2026-01-01 01:32:00,1.098780174726269,1.0988598355834864,1.0984748228023364,1.0987206397453912
2026-01-01 01:33:00,1.0986813223104892,1.0988419006312076,1.0985734139390353,1.0986714904234016
2026-01-01 01:34:00,1.098629896447649,1.098624185169824,1.0986013085161817,1.0986126742004316
2026-01-01 01:35:00,1.098452208039923,1.0984277388911168,1.0982332346341284,1.098393146958212
2026-01-01 01:36:00,1.0984327577853752,1.0985264803822503,1.0983702516305482,1.0984375649997715
2026-01-01 01:37:00,1.0985144326886502,1.098588898400884,1.098446214750128,1.0984767232905985
2026-01-01 01:38:00,1.0985116833647917,1.0985541767128955,1.098437478342965,1.098477490309095
2026-01-01 01:39:00,1.0983779787644103,1.0984491094660136,1.0983839856673632,1.0984423022390888
2026-01-01 01:40:00,1.0983036458066626,1.0983328735269235,1.0980894318680303,1.098229996627781
2026-01-01 01:41:00,1.0980958847403628,1.0982170683338832,1.0981468259752905,1.0981668998293663
2026-01-01 01:42:00,1.0981613609843612,1.0981403251661388,1.0979052325826952,1.0981154926518872
2026-01-01 01:43:00,1.0979192974096588,1.0980029628350276,1.0979277970967143,1.097995151061504
2026-01-01 01:44:00,1.0980010200441617,1.0980109817903068,1.097885136601577,1.097970958204754
2026-01-01 01:45:00,1.098124661577184,1.0980517311237894,1.0979769394323586,1.0980315658332764
2026-01-01 01:46:00,1.0983038447856304,1.0984174909459357,1.0982582026524295,1.098314493718458
2026-01-01 01:47:00,1.0983278626082402,1.0983452883125462,1.0983299359022034,1.0983406803903828
2026-01-01 01:48:00,1.098409834948957,1.0984866818148828,1.0983716264082908,1.0983793129489912
2026-01-01 01:49:00,1.098351676238828,1.0983762543159161,1.0982367987454935,1.0983681460616261
2026-01-01 01:50:00,1.0981712443145186,1.0981283951734802,1.0980106842703528,1.0980803303793314
2026-01-01 01:51:00,1.0980859629104869,1.0983302914602924,1.0978899333454253,1.098076353298014
2026-01-01 01:52:00,1.098069379354094,1.0980893772678804,1.098018257070368,1.0980853878295052
2026-01-01 01:53:00,1.0984278598699833,1.098595298103004,1.0984459543267167,1.098454874146378
2026-01-01 01:54:00,1.098379372578152,1.0984394380227285,1.0983978996421204,1.0984260200016607
2026-01-01 01:55:00,1.0984398643536728,1.0985231879775745,1.0984589101896605,1.0984712521030107
2026-01-01 01:56:00,1.0984485116678722,1.0986333817321703,1.0984215861380477,1.098466045337555
2026-01-01 01:57:00,1.098266361678237,1.098349688871906,1.0982473601079032,1.098290743631912
2026-01-01 01:58:00,1.0984292582903825,1.0986204098514916,1.0983868553210272,1.0984621670540893
2026-01-01 01:59:00,1.0986798990705098,1.0986566407101352,1.0984626655412475,1.0985749570089922
2026-01-01 02:00:00,1.0986421070472243,1.0988316716716389,1.0984432946219582,1.0986936118010489
2026-01-01 02:01:00,1.0985645353122118,1.0986008192269803,1.0985088052488694,1.0985572036828295
2026-01-01 02:02:00,1.098797248879958,1.0987933848780211,1.0986977015856028,1.09876762282947
2026-01-01 02:03:00,1.0985888505698305,1.0985643085153811,1.0983965810389988,1.0985573451700512
2026-01-01 02:04:00,1.098642443380332,1.0987142901798286,1.0986174124621306,1.098645373734121
2026-01-01 02:05:00,1.0989619069494003,1.0990423055062213,1.0989612221395944,1.0989739420779927
2026-01-01 02:06:00,1.098847939003785,1.0988527345544399,1.0987780801222304,1.0988253616292232
2026-01-01 02:07:00,1.0987537430522816,1.0987418440050778,1.0984681715556837,1.0987404169697828
2026-01-01 02:08:00,1.0987424167328075,1.0987703244702978,1.098738750613238,1.0987553646745458
2026-01-01 02:09:00,1.0986017493978422,1.0986896260438992,1.0985648691808916,1.0986798433264284
2026-01-01 02:10:00,1.0984238476256518,1.0984908443892907,1.098414809240649,1.0984472438117685
2026-01-01 02:11:00,1.098400200749804,1.0985419122089535,1.0983538953383056,1.0984575282579894
2026-01-01 02:12:00,1.098264824723427,1.0983374461124955,1.0982126344313379,1.0982981827009304
2026-01-01 02:13:00,1.0983708827274514,1.0984145801178766,1.0983418588044862,1.0983692215655256
2026-01-01 02:14:00,1.0982492447375904,1.0983895302470654,1.0981260749834303,1.0982313079303907
2026-01-01 02:15:00,1.098552820728708,1.09846882086106,1.0984162446464698,1.0984637980911434
2026-01-01 02:16:00,1.0983194397783476,1.098394260852093,1.0982269725204385,1.0983463100972928
2026-01-01 02:17:00,1.0983367321516257,1.098370894989319,1.098114683824692,1.098298000869862
2026-01-01 02:18:00,1.0984353264536892,1.0984892635298908,1.0983182327472245,1.0984200284524674
2026-01-01 02:19:00,1.0983001986885343,1.0983013027324913,1.09810579393572,1.0982353988050024
2026-01-01 02:20:00,1.0982983292311728,1.0983269278627212,1.098251649706432,1.0982695177951929
2026-01-01 02:21:00,1.098415165136971,1.0985192305983245,1.0983903001001858,1.0984655892083353
2026-01-01 02:22:00,1.0981383144216865,1.0983278548286435,1.0981629723128996,1.098224466723151
2026-01-01 02:23:00,1.0982677248869144,1.0982929078126602,1.0981696452119565,1.098252161801931
2026-01-01 02:24:00,1.0982647216711734,1.098381940452431,1.0982685204122016,1.0982911442210683
2026-01-01 02:25:00,1.0983594019645375,1.0984207656327514,1.0982966242695622,1.098408417651835
2026-01-01 02:26:00,1.0981594961599765,1.0982353036229195,1.0981059435186946,1.0982228750452032
2026-01-01 02:27:00,1.0980328553281198,1.0980459449762223,1.0980097917700389,1.0980248065532405
2026-01-01 02:28:00,1.0981784831730488,1.0981777589245432,1.0979298483285862,1.098103097788083
2026-01-01 02:29:00,1.0981272118717826,1.0981802032707466,1.0981083253886998,1.098147645489068
2026-01-01 02:30:00,1.0982147329321736,1.0984128019593846,1.0981817989481661,1.09818521941662
2026-01-01 02:31:00,1.0982320733305335,1.0983224091123442,1.098151724183869,1.0982371866480445
2026-01-01 02:32:00,1.0980707138353525,1.0981869931100106,1.098089483756425,1.0981351829398076
2026-01-01 02:33:00,1.0982067615615574,1.098222941095363,1.0980291983175512,1.0981700209943819
2026-01-01 02:34:00,1.0981592472631754,1.0983009105640755,1.0982062740042384,1.0982139818653767
2026-01-01 02:35:00,1.0981079104842024,1.0981079158663762,1.0980012597277844,1.0981068291526728
2026-01-01 02:36:00,1.0983696193085941,1.0984004305772852,1.0982769809423674,1.0983866953293444
2026-01-01 02:37:00,1.0985024241392094,1.0987495876229871,1.098395503090826,1.0984577702674811
2026-01-01 02:38:00,1.0982261671932771,1.098297489324469,1.0982288201182553,1.0982790747429008
2026-01-01 02:39:00,1.098397101279586,1.0984905756571444,1.0982563487122636,1.0983775577841959
2026-01-01 02:40:00,1.0981893656632944,1.0982586566054113,1.0980820365524409,1.0982313555336618
2026-01-01 02:41:00,1.0983238629636065,1.0985568822279776,1.0983325397504815,1.098349418224223
2026-01-01 02:42:00,1.0983414475496973,1.0985324032393347,1.0984948944788422,1.0985232075610742
2026-01-01 02:43:00,1.0985047101419023,1.0984017077415509,1.0983898995742585,1.0984001052133214
2026-01-01 02:44:00,1.0985721394793493,1.0986240716710025,1.0982969324260203,1.098544611632708
2026-01-01 02:45:00,1.0985681613974516,1.0987038909966913,1.0985564197708177,1.0986065287717486
2026-01-01 02:46:00,1.098673605011331,1.0987801947576386,1.0985779041606387,1.0987298377957477
2026-01-01 02:47:00,1.0989895743055018,1.0990294181446087,1.0990026905680288,1.0990143567431458
2026-01-01 02:48:00,1.0990133925024863,1.0990541606088065,1.0988744379204158,1.0989775485257454
2026-01-01 02:49:00,1.0987698838548126,1.0989772943565725,1.0988131753764554,1.0988644881010918
2026-01-01 02:50:00,1.098723981715683,1.0987620504145859,1.0985540696298823,1.0987310609366479
2026-01-01 02:51:00,1.0986972214875261,1.0987360479487627,1.098517693139817,1.098608689393903
2026-01-01 02:52:00,1.0985404268206926,1.0986385868275481,1.0985331214756526,1.098597124137491
2026-01-01 02:53:00,1.0986523161856516,1.0987478143297034,1.09861265567536,1.0986482969337135
2026-01-01 02:54:00,1.098799966044376,1.098744768872242,1.098623686842394,1.098689800553613
2026-01-01 02:55:00,1.098845485622453,1.098994021050895,1.098793820922903,1.0988138780409684
2026-01-01 02:56:00,1.0988221245157743,1.0989459871230303,1.098808036051182,1.09881582832475
2026-01-01 02:57:00,1.0990591902590692,1.0992191602846135,1.0989789010047173,1.0990338584363237
2026-01-01 02:58:00,1.0989741166445874,1.099006648599873,1.0988432680219113,1.098994159911338
2026-01-01 02:59:00,1.0994671668505918,1.0994037550659224,1.099290351472647,1.0994021852863265
2026-01-01 03:00:00,1.0994760688873462,1.099517901319167,1.0993540969529116,1.0994960353884913
2026-01-01 03:01:00,1.099269502674592,1.0994120938065524,1.0993450622581387,1.0993674617550289
2026-01-01 03:02:00,1.0991872627251225,1.0992268918102022,1.0991331515458027,1.0992068278803195
2026-01-01 03:03:00,1.0992308620161122,1.0993159497836602,1.0992173127095917,1.099279198742606
2026-01-01 03:04:00,1.0992316196241971,1.0993497224140716,1.0991827559484684,1.099245679324807
2026-01-01 03:05:00,1.099339825195967,1.099548284275953,1.0990613684773443,1.099352779398921
2026-01-01 03:06:00,1.0994836362025973,1.0994606589865101,1.0992960565863739,1.099423765042607
2026-01-01 03:07:00,1.0994476053420417,1.0994342215851025,1.0993045218610418,1.0994128407057084
2026-01-01 03:08:00,1.0992989849223769,1.0993776192584592,1.0992624621398719,1.0992858216479982
2026-01-01 03:09:00,1.0990584472937288,1.0992317115274721,1.098846914258799,1.0990585945642954
2026-01-01 03:10:00,1.0989386744210423,1.0990551583095083,1.098907997836415,1.0989916173214853
2026-01-01 03:11:00,1.0990110183787505,1.0991242064093345,1.099093494304069,1.0991200771406338
2026-01-01 03:12:00,1.099157849202823,1.0992077934119375,1.0990444618349517,1.0991521912022533
2026-01-01 03:13:00,1.0990050624456251,1.0990244588643268,1.0989635441699577,1.0989653303854465
2026-01-01 03:14:00,1.098985890830162,1.0991759648291046,1.0989578471388712,1.0989913075243243
2026-01-01 03:15:00,1.0990223624151443,1.0990919705839752,1.0989925418410948,1.0990491051312836
2026-01-01 03:16:00,1.0989397516241142,1.099019470571446,1.0988892747168304,1.0989165265158534
2026-01-01 03:17:00,1.098935418671714,1.0989732747944236,1.0988365414031815,1.0989395852817452
2026-01-01 03:18:00,1.099032603799111,1.099032960019658,1.0988191697006056,1.0989483165895122
2026-01-01 03:19:00,1.098838507461941,1.0988694382657878,1.098746170738837,1.0987768710448376
2026-01-01 03:20:00,1.0988785145517408,1.098863616638492,1.0988013658763518,1.0988305391488897
2026-01-01 03:21:00,1.0989525435335554,1.0989656729092099,1.0988932457296163,1.098914656827845
2026-01-01 03:22:00,1.0990126061435987,1.0990920601232876,1.0990282014586563,1.0990771145143212
2026-01-01 03:23:00,1.0992683345072292,1.0993122598430882,1.0992296677583393,1.0992351848221265
2026-01-01 03:24:00,1.0990473507148153,1.0992667057701062,1.0990284735687008,1.099028534416933
2026-01-01 03:25:00,1.0989181818973655,1.0989705842717115,1.098768197948863,1.0988878606609458
2026-01-01 03:26:00,1.0989897464253677,1.099081099947666,1.0988135043329914,1.098965115951027
2026-01-01 03:27:00,1.0990648219730563,1.0990927804635626,1.0988914285492006,1.099042183843664
2026-01-01 03:28:00,1.0992544843200873,1.099222027807207,1.099118438881436,1.0991194409966099
2026-01-01 03:29:00,1.0996935414367104,1.0997035838551699,1.0996284812768633,1.099697350720208
2026-01-01 03:30:00,1.0998298011658534,1.0997937012883379,1.0997518871501633,1.0997829842968119
2026-01-01 03:31:00,1.0999297696523258,1.1000611704169754,1.0999130675218656,1.099953319142839
2026-01-01 03:32:00,1.1001359514865574,1.1001139488603535,1.1000294755702087,1.100096419407363
2026-01-01 03:33:00,1.1002410940895706,1.1002340598552307,1.1001829154506977,1.100194128095059
2026-01-01 03:34:00,1.1001650590122196,1.1001828770478645,1.0999555036748905,1.1001468377083627
2026-01-01 03:35:00,1.1003441454385556,1.1003111118767752,1.1001641785333791,1.1002606830914368
2026-01-01 03:36:00,1.1001005455074382,1.1001738557822698,1.1000551093422362,1.1001447593092561
2026-01-01 03:37:00,1.1000848754711618,1.1001599373841722,1.0998351938760418,1.1001092365182452
2026-01-01 03:38:00,1.100047050990372,1.1000878220487356,1.0999176892709026,1.1000364319860707
2026-01-01 03:39:00,1.100092753449653,1.100168608246778,1.0999965901079143,1.1000487131069787
2026-01-01 03:40:00,1.1004048833680444,1.1005743893958981,1.1002642942838268,1.1003959118919797
2026-01-01 03:41:00,1.1001801100649167,1.100117167149553,1.1000959651944031,1.1001158221130911
2026-01-01 03:42:00,1.1001856766480989,1.1002412464472267,1.1000126205992449,1.1002187611416472
2026-01-01 03:43:00,1.0999198248364943,1.1000697329691138,1.099933817496818,1.0999768537609687
2026-01-01 03:44:00,1.099921470397927,1.100199629771333,1.0997785986686963,1.0999060639811002
2026-01-01 03:45:00,1.1000655475568397,1.1001767393738677,1.099976934390094,1.1000694065706453
2026-01-01 03:46:00,1.1001061917595276,1.1001219333660703,1.1000127794251608,1.1000790485735097
2026-01-01 03:47:00,1.099916016742277,1.0999589705404489,1.0999087107492742,1.0999173868568204
2026-01-01 03:48:00,1.0997930903109001,1.0998701125970058,1.0997568076735533,1.0998100913004314
2026-01-01 03:49:00,1.0999082840841854,1.1000078241682933,1.0998301043163528,1.0999120309627717
2026-01-01 03:50:00,1.0998039184127537,1.099983236818791,1.099706937110896,1.099802475968014
2026-01-01 03:51:00,1.0998196956914588,1.0998855605219973,1.0997151915253247,1.0998349447564513
2026-01-01 03:52:00,1.099831623930121,1.0999473836124336,1.099752398889379,1.099841780532437
2026-01-01 03:53:00,1.0997238608134468,1.0997697349928082,1.099633637916949,1.099744040480296
2026-01-01 03:54:00,1.1001084653496882,1.1000964153309463,1.0999166073413649,1.1000656320936948
2026-01-01 03:55:00,1.1001704209972678,1.100367542551193,1.1001460785178583,1.1001607199470425
2026-01-01 03:56:00,1.0999697861826523,1.0999967291068864,1.0997407982541958,1.099856948559044
2026-01-01 03:57:00,1.0998929519338232,1.1000051743567818,1.0998664290306346,1.0998849167062592
2026-01-01 03:58:00,1.0997581058630277,1.0998036401734987,1.0996350739564877,1.099785648736544
2026-01-01 03:59:00,1.1000470475055066,1.0999972967902865,1.0998295192827894,1.0999135137367635
2026-01-01 04:00:00,1.099815316944884,1.0998048350976621,1.099626065450595,1.0997946356259984
2026-01-01 04:01:00,1.0998269313991231,1.099861668422791,1.0997128009273638,1.0997774251597785
2026-01-01 04:02:00,1.0998827784007859,1.0999282605295657,1.0998053178249538,1.0998531732516257
2026-01-01 04:03:00,1.100014187082216,1.1000484796334615,1.0999314704677428,1.099983036530751
2026-01-01 04:04:00,1.0998297747722605,1.0999001977662668,1.0996408046949142,1.0998029920696928
2026-01-01 04:05:00,1.0996977126560776,1.0997541473478543,1.099700833469744,1.0997528168843165
2026-01-01 04:06:00,1.0996999515400205,1.0997415572899745,1.0995483301095428,1.0996815750876425
2026-01-01 04:07:00,1.0995173326375638,1.0997394544022587,1.0995204338421292,1.0995835757027563
2026-01-01 04:08:00,1.099839675696978,1.0999303311656126,1.0997684870314843,1.0998483938387986
2026-01-01 04:09:00,1.0998728602226144,1.099951530043687,1.099908527950399,1.0999091410954427
2026-01-01 04:10:00,1.0997378820115848,1.099816586765579,1.0996641951763266,1.0997200085022925
2026-01-01 04:11:00,1.0998743941067175,1.0999115451616803,1.0997582499212515,1.0998576877943507
2026-01-01 04:12:00,1.1002000685184408,1.1002226871050977,1.1001232076234477,1.1001760112239025
2026-01-01 04:13:00,1.1003452458416227,1.1004791794561835,1.100254037461295,1.1003308810129853
2026-01-01 04:14:00,1.100072634251003,1.1001847437577528,1.1000980660449617,1.1001029755180922
2026-01-01 04:15:00,1.1000172902326946,1.1001437234428426,1.0998951696539596,1.100030340407162
2026-01-01 04:16:00,1.100266396887603,1.100261624980729,1.1001517880338965,1.1002203770795402
2026-01-01 04:17:00,1.100167619493562,1.1001880964095303,1.100088003302759,1.1001142266596973
2026-01-01 04:18:00,1.100123460418988,1.100343500066006,1.1001372284906807,1.1001807995739192
2026-01-01 04:19:00,1.100220448300308,1.1004992537049907,1.1002937072334185,1.1002969946819336
2026-01-01 04:20:00,1.1001216106420368,1.1002832091843,1.1001539243412641,1.100157955111197
2026-01-01 04:21:00,1.1002012866868893,1.1002269282499397,1.1000595333016312,1.1001490263077878
2026-01-01 04:22:00,1.0997235804082865,1.0996900783464427,1.0996037271536447,1.0996628362067773
2026-01-01 04:23:00,1.0994629424665572,1.0995509245695594,1.099493537132698,1.0995091780605772
2026-01-01 04:24:00,1.0994866583055551,1.0995904014233455,1.0993949260228963,1.0994712928378683
2026-01-01 04:25:00,1.0993758469272303,1.0993659858632394,1.0992440516352042,1.0992841253605734
2026-01-01 04:26:00,1.0995497526300253,1.0996381977345615,1.0994863270925348,1.0995289870561633
2026-01-01 04:27:00,1.0993855410137308,1.0993692563798898,1.0993019940336455,1.0993144658494691
2026-01-01 04:28:00,1.0992983955049689,1.0993820454168814,1.0992336368875804,1.0992484591764646
2026-01-01 04:29:00,1.0992225603277461,1.0993404839189889,1.0992175441287402,1.0992680702630575
2026-01-01 04:30:00,1.0994747621852428,1.0996133370988297,1.0994475589949453,1.0994842612564175
2026-01-01 04:31:00,1.0992706196576552,1.0995276728310936,1.0992298410150985,1.0992688819337406
2026-01-01 04:32:00,1.0994485631659647,1.0995633290230729,1.0992464807656204,1.0994433564965638
2026-01-01 04:33:00,1.0994907079033887,1.0995147834242247,1.099350917907542,1.0994448914557167
2026-01-01 04:34:00,1.0993180993961733,1.0993386452824387,1.099221605091617,1.0992976651580595
2026-01-01 04:35:00,1.0992201706320102,1.0994453165502514,1.0993098865798048,1.099366980679199
2026-01-01 04:36:00,1.0993311976198803,1.0995438885886581,1.0993850046269695,1.099396839633535
2026-01-01 04:37:00,1.0991974380562124,1.099433084079531,1.099267651984435,1.0993068071019612
2026-01-01 04:38:00,1.0993260456767424,1.0993948648970264,1.0993035432822533,1.0993172774147097
2026-01-01 04:39:00,1.099271504757654,1.0992673767797474,1.099140516110632,1.0992594803751805
2026-01-01 04:40:00,1.0992906692248987,1.099340616103622,1.0992419459425031,1.0992765079769682
2026-01-01 04:41:00,1.0993278811647604,1.0994417330125377,1.0993696187083248,1.0993758275781462
2026-01-01 04:42:00,1.0996474373008243,1.099716419562394,1.0995095110428699,1.0996137301005682
2026-01-01 04:43:00,1.0994638709005675,1.0994880155298685,1.0994047292716354,1.099428057775744
2026-01-01 04:44:00,1.0996852553285823,1.0999098915459087,1.0997358649240097,1.0997480127819426
2026-01-01 04:45:00,1.0993818977019416,1.0994967822749597,1.0994237973517655,1.099455199612014
2026-01-01 04:46:00,1.0994324252634475,1.099554121518793,1.0994230709454222,1.0994324318477589
2026-01-01 04:47:00,1.0996102685424123,1.0996570170800855,1.099519756729432,1.0995206794287316
2026-01-01 04:48:00,1.0996478153460016,1.0996233438324523,1.0995041587500154,1.0995628282088916
2026-01-01 04:49:00,1.099497593498941,1.0995604651308872,1.0993943065589562,1.0994694232809186
2026-01-01 04:50:00,1.0994017051097862,1.0995955783650206,1.0993383479047167,1.099438204943365
2026-01-01 04:51:00,1.0994085969361405,1.0994099236042392,1.0992250564744863,1.0993642548031661
2026-01-01 04:52:00,1.0992532288763843,1.0994254659709413,1.0991878783534863,1.0992758500896247
2026-01-01 04:53:00,1.0993649150523441,1.0994951116208287,1.099385863700731,1.0994032904041777
2026-01-01 04:54:00,1.0993496443854915,1.099589117173761,1.099446530968828,1.0994568427270726
2026-01-01 04:55:00,1.0993580253977007,1.0993698185563476,1.0993257766314686,1.0993529062877834
2026-01-01 04:56:00,1.0994563529016417,1.0994958036225926,1.0992522759200858,1.0994878462690985
2026-01-01 04:57:00,1.0995387627162063,1.099609823638846,1.0993764825614536,1.0995339411972298
2026-01-01 04:58:00,1.0995409026302438,1.0997255028012636,1.0995472225027667,1.0996558705150556
2026-01-01 04:59:00,1.0997588061749735,1.0997781948225829,1.0997057388562226,1.0997503148413443
2026-01-01 05:00:00,1.0995044095315074,1.099646832426828,1.0994352165224508,1.099625965589706
2026-01-01 05:01:00,1.0995963354463398,1.0995732052782496,1.0994442020219282,1.0995419384336764
2026-01-01 05:02:00,1.0996801270361516,1.0997398223569739,1.0994652699623821,1.0996540324744448
2026-01-01 05:03:00,1.0997316547756888,1.0998009449673667,1.0996490666065848,1.09974558801426
2026-01-01 05:04:00,1.0997705887681695,1.099768182775227,1.0997185789826363,1.0997424527751654
2026-01-01 05:05:00,1.0997111481695283,1.099868263113961,1.099632668150148,1.0997600518826616
2026-01-01 05:06:00,1.0999553203928107,1.099964605028543,1.0999502322074755,1.09995170161703
2026-01-01 05:07:00,1.0999027046106276,1.099948132126138,1.0998243492589046,1.0998629659087045
2026-01-01 05:08:00,1.0997903160534255,1.1000209275857704,1.0999295614827664,1.09994503051588
2026-01-01 05:09:00,1.099892340400031,1.100012575701646,1.099843313873606,1.0999147016180149
2026-01-01 05:10:00,1.099880917231024,1.0999092904391912,1.099872147992582,1.0998820494375308
2026-01-01 05:11:00,1.1000370512844415,1.1001702383931624,1.0999946244924912,1.1000468659653289
2026-01-01 05:12:00,1.1002435335089884,1.1002511879357801,1.1001139970858969,1.100170678417677
2026-01-01 05:13:00,1.1002365098068312,1.100311552439179,1.1002116134858158,1.1002927048630773
2026-01-01 05:14:00,1.1004574687219781,1.1005541956187133,1.1004231524811696,1.1004885266841504
2026-01-01 05:15:00,1.1003958838090797,1.1005177081645223,1.1004001369633467,1.1004916772603952
2026-01-01 05:16:00,1.1006694845386533,1.1007449743272881,1.1004716990268064,1.1005939702060896
2026-01-01 05:17:00,1.1005351156854701,1.1005694840155162,1.100380558806366,1.1005474301926006
2026-01-01 05:18:00,1.100574134701072,1.1006154256834544,1.1004827625067437,1.1005960551454739
2026-01-01 05:19:00,1.100573909553203,1.100630562481722,1.1003704914174741,1.1005765336873186
2026-01-01 05:20:00,1.100622894873489,1.1006134111733932,1.1005658827059475,1.1005910830820675
2026-01-01 05:21:00,1.100697724806059,1.1008001958483784,1.1006204482173536,1.1006803566358832
2026-01-01 05:22:00,1.100690017744076,1.1006660433578024,1.1004539230009611,1.100557623533398
2026-01-01 05:23:00,1.100894178419171,1.1008925119287731,1.100843933393233,1.100871481624751
2026-01-01 05:24:00,1.1006973167460674,1.1007404183692435,1.100702350995172,1.1007205790175258
2026-01-01 05:25:00,1.1005103828887315,1.1005393689609462,1.1004070307726455,1.1005384507256077
2026-01-01 05:26:00,1.1006925294090117,1.100763943101355,1.1006983038537796,1.1007121673566327
2026-01-01 05:27:00,1.1007558249144958,1.1008526969947021,1.100781105561163,1.1008309167607273
2026-01-01 05:28:00,1.1009265279436595,1.1009720935768779,1.1008729184309924,1.100924534733285
2026-01-01 05:29:00,1.1010579599649852,1.1011934761288094,1.100912244087315,1.1010187865596748
2026-01-01 05:30:00,1.1009862813637166,1.1010708256274822,1.100939469325934,1.1010169495437476
2026-01-01 05:31:00,1.1008419923852106,1.1009078560850651,1.1008291007123574,1.1008823613880248
2026-01-01 05:32:00,1.1009695293290684,1.1009193491323233,1.1007041813371548,1.1008937320717538
2026-01-01 05:33:00,1.100720833657196,1.1009114889156197,1.1007771249776506,1.100792157815027
2026-01-01 05:34:00,1.1008350348562157,1.1010155998564992,1.1009184223963084,1.1009384257750396
2026-01-01 05:35:00,1.100858722070632,1.100966163352496,1.100909666163642,1.1009163671678144
2026-01-01 05:36:00,1.100715520952439,1.10084379599936,1.100710374505665,1.1007925425882954
2026-01-01 05:37:00,1.1007636460152528,1.100824487471058,1.1005819817909583,1.1007443347120476
2026-01-01 05:38:00,1.1007882392051662,1.1008409930797,1.1007535042889967,1.1008062744301887
2026-01-01 05:39:00,1.100710731395017,1.1007987959692669,1.1006089871948974,1.1007217157472682
2026-01-01 05:40:00,1.100656029396782,1.1007037662374697,1.100553308660203,1.1005983826879333
2026-01-01 05:41:00,1.1006003690265989,1.1006777172091722,1.1004347651694844,1.100634935769657
2026-01-01 05:42:00,1.1007104352259107,1.1008418709783252,1.100606552008825,1.1006716807553234
2026-01-01 05:43:00,1.1006712054189778,1.100651773078662,1.1004988264192326,1.1005956392790177
2026-01-01 05:44:00,1.1005022004082743,1.1005579324631967,1.1004632406700823,1.100524983533175
2026-01-01 05:45:00,1.1005966421665563,1.1007272769910699,1.1004924495998225,1.1005597910237785
2026-01-01 05:46:00,1.1003304874769275,1.1003700586030292,1.1002537979789961,1.100342578372554
2026-01-01 05:47:00,1.1001776637128395,1.1003515831537427,1.0999916104070906,1.1001314588063975
2026-01-01 05:48:00,1.0999451177138309,1.1002235810638958,1.0999455746395808,1.1000236921732096
2026-01-01 05:49:00,1.0999093994881965,1.0999950780590875,1.0999701362715668,1.0999916751004528
2026-01-01 05:50:00,1.1000187478495471,1.1000996883208716,1.100024199785622,1.1000383112352925
2026-01-01 05:51:00,1.100215168427382,1.1002971602535976,1.1001071161738205,1.100259614667835
2026-01-01 05:52:00,1.100362428155844,1.1004050206218954,1.1003748856740632,1.1003882636113154
2026-01-01 05:53:00,1.1003532965026985,1.1004804987915713,1.1002782289850142,1.1003642728318208
2026-01-01 05:54:00,1.1003974210772272,1.100415379522709,1.1002919877625204,1.1003614204006353
2026-01-01 05:55:00,1.1001906579670115,1.1003005320515424,1.0999537657570153,1.1002110409959398
2026-01-01 05:56:00,1.1001670709600098,1.1003714655140435,1.1001582818619435,1.1002082640255408
2026-01-01 05:57:00,1.100147389560865,1.1002554600129968,1.0999658512148076,1.100164965229703
2026-01-01 05:58:00,1.1001749157497631,1.1003940771532468,1.1001772499944622,1.1002133730137535
2026-01-01 05:59:00,1.1000425880971174,1.1001167729022876,1.1000770392796833,1.1000892883722206
2026-01-01 06:00:00,1.100086539508678,1.1001718164710834,1.1001584546068308,1.1001671903493568
2026-01-01 06:01:00,1.1004005750921182,1.1004085113355297,1.1003240198737463,1.1003971011863072
2026-01-01 06:02:00,1.1003523518787088,1.1003869754993274,1.100356257989775,1.1003807871640388
2026-01-01 06:03:00,1.1004893578593153,1.1005337992554347,1.1003167938386615,1.1004410439223535
2026-01-01 06:04:00,1.1004721957165073,1.1005635896055517,1.100450074648842,1.1005445655211104
2026-01-01 06:05:00,1.100457278272575,1.100634127117188,1.1004198026861671,1.1004843824503274
2026-01-01 06:06:00,1.100608641683632,1.1006543192201124,1.1004164299995112,1.100517996322599
2026-01-01 06:07:00,1.1004729047068613,1.100550247790006,1.100466064022167,1.1005198851827163
2026-01-01 06:08:00,1.1005227099348938,1.1005834252094029,1.100397590220033,1.1005345365974986
2026-01-01 06:09:00,1.1003577929307788,1.1005774791627645,1.100242102541541,1.1004185851299202
2026-01-01 06:10:00,1.10035484028042,1.1005464863094139,1.1003448346638187,1.100422261656059
2026-01-01 06:11:00,1.1005743269489003,1.1006095201111492,1.1004745947425656,1.100496961399746
2026-01-01 06:12:00,1.100723184915547,1.100824254973402,1.1006815716148062,1.1007146329409152
2026-01-01 06:13:00,1.1008652075067398,1.1008653107029978,1.1008019885695777,1.1008585235648278
2026-01-01 06:14:00,1.1010966851216988,1.1012246640964185,1.1011671603373476,1.1011815009334547
2026-01-01 06:15:00,1.1010843358684268,1.1011403663458332,1.1010088631265695,1.1010663987990215
2026-01-01 06:16:00,1.101255117991829,1.101454446426279,1.1011011855712791,1.1011972468945295
2026-01-01 06:17:00,1.1012822220484317,1.1014496914408103,1.101145598451793,1.1012247481953903
2026-01-01 06:18:00,1.1015866352968533,1.1016140921942854,1.1015360375889927,1.101553218635373
2026-01-01 06:19:00,1.10137549961369,1.101487686949827,1.1014173107151655,1.1014319738925697
2026-01-01 06:20:00,1.1013216717871024,1.1013646571311315,1.1010711047604402,1.1013060156162426
2026-01-01 06:21:00,1.1012494859674498,1.1012780839322514,1.101121117812601,1.101216106719426
2026-01-01 06:22:00,1.1008078001815251,1.1009883993278604,1.1008053399951474,1.1008975223607795
2026-01-01 06:23:00,1.1007625951279532,1.1009871115909877,1.1008086602911507,1.1008186591075273
2026-01-01 06:24:00,1.1007491970743817,1.1007890189409957,1.1006712748944165,1.1007047892082944
2026-01-01 06:25:00,1.1007711505650994,1.1007296678741216,1.1007138148528735,1.1007273482762658
2026-01-01 06:26:00,1.1007011825209514,1.100913713247881,1.1006556621568615,1.1007786116726324
2026-01-01 06:27:00,1.1010997883714781,1.1012112901950446,1.101018844975076,1.1010600372985146
2026-01-01 06:28:00,1.1012073660442003,1.1013356713873756,1.1010214452969231,1.1012026008742426
2026-01-01 06:29:00,1.1011551157736237,1.1013338620991129,1.1010581576958058,1.1011160653258933
2026-01-01 06:30:00,1.1009495770590192,1.1010512445792033,1.1007321869843758,1.100981303125191
2026-01-01 06:31:00,1.101087350175741,1.1010712608535873,1.100933418651667,1.101055091000917
2026-01-01 06:32:00,1.1008992474585881,1.1008673418776571,1.1007480930675728,1.1008570560198638
2026-01-01 06:33:00,1.1011142080879692,1.101146709025848,1.1010958463043115,1.101131774834742
2026-01-01 06:34:00,1.101309578480159,1.1014497965359569,1.1012369644984719,1.1013086908528502
2026-01-01 06:35:00,1.1012058884235594,1.101318629979296,1.1011523745839529,1.1012383145050346
2026-01-01 06:36:00,1.1010639262731052,1.1010053070774948,1.1009343187540441,1.1009813443256709
2026-01-01 06:37:00,1.1011784115848293,1.1012577306099423,1.1010345705457287,1.1011844251817957
2026-01-01 06:38:00,1.1011211429887489,1.1013565204227669,1.1011400712010209,1.1011672442050078
2026-01-01 06:39:00,1.1013171253561103,1.1013840657376837,1.1011659434856085,1.101352916651804
2026-01-01 06:40:00,1.1011200910330416,1.1012325290269764,1.1011074221807065,1.1011137525029846
2026-01-01 06:41:00,1.1010615128081305,1.1010635785747969,1.1010159874102503,1.1010238462495416
2026-01-01 06:42:00,1.1009578414622416,1.101078069294363,1.100904795947562,1.1010246328044992
2026-01-01 06:43:00,1.1011240628937111,1.1010407892541896,1.1010302462513464,1.101031679893564
2026-01-01 06:44:00,1.1009796038375448,1.1010493240708201,1.100922011841698,1.100964170072842
2026-01-01 06:45:00,1.1010809203613428,1.1010582248783127,1.1009530919481714,1.1010575975626944
2026-01-01 06:46:00,1.1008925950210957,1.1010506080298113,1.1008853754750367,1.1008974544982868
2026-01-01 06:47:00,1.100877060523901,1.1009911243151234,1.100801095307377,1.1008760975755336
2026-01-01 06:48:00,1.100886727763394,1.10091467032224,1.1007786421642363,1.1008941419202904
2026-01-01 06:49:00,1.101022197543851,1.1010831627398248,1.1009519415689477,1.1009713077453993
2026-01-01 06:50:00,1.10107765354774,1.1011307031458222,1.1010777573804447,1.1010780499771127
2026-01-01 06:51:00,1.1009477061742616,1.1009617112621777,1.1008915628241958,1.100909353663337
2026-01-01 06:52:00,1.1006575441615591,1.1007556552163904,1.100572169700585,1.1006792365377267
2026-01-01 06:53:00,1.100880670087427,1.1009585054541806,1.1008181226833935,1.1008708880610114
2026-01-01 06:54:00,1.1008805391455962,1.1009916782785412,1.100920376902625,1.1009207351628083
2026-01-01 06:55:00,1.1008692885939524,1.1008729217255664,1.1007889958128223,1.1008084621823249
2026-01-01 06:56:00,1.1009994476166174,1.1010793802184202,1.1009138921403716,1.1010411349786533
2026-01-01 06:57:00,1.101042237201584,1.1012560825037863,1.1010367455885244,1.101058486173797
2026-01-01 06:58:00,1.1012196327307842,1.1012924121581855,1.1011498903591432,1.1012353807514068
2026-01-01 06:59:00,1.1012278109542346,1.1013634193450546,1.1012445689881607,1.1012455085236184
2026-01-01 07:00:00,1.1015907455008227,1.1015580109847187,1.101448991863976,1.1015546207123506
2026-01-01 07:01:00,1.10180208895048,1.1019369626122844,1.1017781690630597,1.101817921838717
2026-01-01 07:02:00,1.101850273442972,1.1018731747265165,1.1017792351679063,1.101780577216445
2026-01-01 07:03:00,1.101885389104782,1.1019354204451237,1.1019249845501924,1.1019263128590884
2026-01-01 07:04:00,1.1020315881250233,1.102040878851002,1.1019276753888971,1.1020231192515262
2026-01-01 07:05:00,1.1021896246856904,1.1022940031989348,1.1021777224131424,1.102228413985156
2026-01-01 07:06:00,1.1021047241051956,1.1021800661594765,1.1020796549926153,1.102083675466069
2026-01-01 07:07:00,1.10218578569872,1.1021885930602457,1.1021363839890506,1.1021865831850688
2026-01-01 07:08:00,1.1023375937558613,1.1024224668880511,1.102234700681015,1.1023453468580962
2026-01-01 07:09:00,1.1021409596834577,1.1022589328967438,1.1019565143325432,1.1020815359351326
2026-01-01 07:10:00,1.10187133006468,1.1019726521339364,1.1018617975686895,1.1019040471582329
2026-01-01 07:11:00,1.1016274880894497,1.1016598835562335,1.1014953904566906,1.1015981623315687
2026-01-01 07:12:00,1.1015193033107684,1.1015684570517013,1.10152619901231,1.101557751306402
2026-01-01 07:13:00,1.1016710169047796,1.1016998973328853,1.1016605967520063,1.1016653826447715
2026-01-01 07:14:00,1.1018309574361747,1.101959529499791,1.1018656358482708,1.1018907362025858
2026-01-01 07:15:00,1.1018687245623335,1.101963148746776,1.101883909002544,1.101901850419649
2026-01-01 07:16:00,1.1021420355992058,1.1021518468681697,1.101994476496856,1.1021461427514845
2026-01-01 07:17:00,1.1020298599911185,1.102057526277072,1.1019042013442175,1.1019391275327524
2026-01-01 07:18:00,1.101688660360372,1.1017178026882444,1.1015219680013977,1.101683620166849
2026-01-01 07:19:00,1.101758021427808,1.1016812917661836,1.101609355598537,1.1016752880120146
2026-01-01 07:20:00,1.10174391399394,1.101793092273549,1.101701067727945,1.1017328978293555
2026-01-01 07:21:00,1.1017086394049176,1.1017913167568127,1.1016738315408103,1.1017279936171414
2026-01-01 07:22:00,1.1014948451282653,1.1015029386274304,1.1014091757798035,1.1014178773021353
2026-01-01 07:23:00,1.101426360177312,1.1014586099827866,1.101346197013076,1.1014045092962084
2026-01-01 07:24:00,1.1011767027914385,1.1012844054550073,1.101160164720917,1.1012088388711327
2026-01-01 07:25:00,1.1013328183264273,1.1013314785805866,1.1012895584122282,1.1013092897534573
2026-01-01 07:26:00,1.1013496497528763,1.1014992567973099,1.101286924728861,1.1013642794903717
2026-01-01 07:27:00,1.101123845812614,1.1014001144517285,1.1011182034058036,1.1012232975224225
2026-01-01 07:28:00,1.1011930161427854,1.1011782140039366,1.1011121834365338,1.101146217484822
2026-01-01 07:29:00,1.1010420821593208,1.10112802979659,1.1009647631933774,1.1009873354565387
2026-01-01 07:30:00,1.1010698306934474,1.101022118484672,1.100932368900939,1.1009779335919478
2026-01-01 07:31:00,1.1011423121246326,1.1011322935783059,1.1010418828203024,1.101121204940023
2026-01-01 07:32:00,1.1009609098618685,1.1011438052424023,1.1008817806526467,1.1009733460330726
2026-01-01 07:33:00,1.1010907024817693,1.1011597642562263,1.1009303114513487,1.1010489530104004
2026-01-01 07:34:00,1.1010119053859104,1.10106701843958,1.100870527132881,1.1009694143676445
2026-01-01 07:35:00,1.100932397501962,1.1009904320855024,1.1008013961533158,1.1008504834428052
2026-01-01 07:36:00,1.1008321975076585,1.1008972943193194,1.1007812357379827,1.1008344288888119
2026-01-01 07:37:00,1.1006708635918205,1.100706893902335,1.1004159039199812,1.100679142540449
2026-01-01 07:38:00,1.100560317923659,1.1006997260693843,1.1005531051341262,1.100596095144647
2026-01-01 07:39:00,1.1004432865650948,1.1004367595748665,1.100248650916543,1.1004164134607586
2026-01-01 07:40:00,1.1006337091472844,1.1007147812281304,1.1005844590311853,1.100711122230696
2026-01-01 07:41:00,1.100755216132135,1.1007823767633,1.1006174466668754,1.1007164117634918
2026-01-01 07:42:00,1.1006408446933864,1.100720471284395,1.1005427924841082,1.100611452937293
2026-01-01 07:43:00,1.100672803434026,1.1007183595303653,1.1005589809927585,1.1006435499239031
2026-01-01 07:44:00,1.1006336119782745,1.100823433222872,1.1005999108430335,1.1006267007164494
2026-01-01 07:45:00,1.100670204188896,1.1005956797544472,1.1005226774562475,1.1005935552765196
2026-01-01 07:46:00,1.1007292799547972,1.1007150340345229,1.1006037461222524,1.100685680281526
2026-01-01 07:47:00,1.1007689525784643,1.1008242482068016,1.1006834592383856,1.100799306438033
2026-01-01 07:48:00,1.1006902723134067,1.1007523985906424,1.1005973519036403,1.1007197312658916
2026-01-01 07:49:00,1.100589374839124,1.100645833739761,1.1005384288799571,1.1006333585297947
2026-01-01 07:50:00,1.100619664941861,1.1007436452560575,1.1005397008796638,1.1005921007752222
2026-01-01 07:51:00,1.1001968056544498,1.100284986017408,1.1002375382939338,1.1002468126005118
2026-01-01 07:52:00,1.1000737035483612,1.1000568707836824,1.0999698308721155,1.100019533941182
2026-01-01 07:53:00,1.100290713746716,1.1002745848630084,1.1001292493308232,1.1002245650812987
2026-01-01 07:54:00,1.1004273594248764,1.1004882954740918,1.1004350106679806,1.100471310238324
2026-01-01 07:55:00,1.1004246774056605,1.1005976288285733,1.1003165917931357,1.1004339548323903
2026-01-01 07:56:00,1.100521269425917,1.1005387684478014,1.1004210462839312,1.1005204383768488
2026-01-01 07:57:00,1.1006113250580538,1.1005691053344824,1.1004518345744099,1.1005671259000303
2026-01-01 07:58:00,1.101109425190079,1.1010771893783922,1.1008388931171265,1.1010289580212986
2026-01-01 07:59:00,1.1011126196383703,1.1013067925937579,1.1011575647441971,1.1011968942580137
2026-01-01 08:00:00,1.1011617975834154,1.101373690344766,1.101067060904062,1.1011777066192916
2026-01-01 08:01:00,1.1010210747184235,1.1010794368581447,1.101009790721457,1.1010343755532015
2026-01-01 08:02:00,1.1007233751124186,1.1008016858955414,1.1006596411865541,1.100793408605163
2026-01-01 08:03:00,1.1007996726495777,1.1008276064338605,1.100762710988681,1.100823928150543
2026-01-01 08:04:00,1.100731863985968,1.100948906217629,1.1006535466064233,1.1007104755387505
2026-01-01 08:05:00,1.1004832035371688,1.1005716525687392,1.1004899706269227,1.1004971374823107
2026-01-01 08:06:00,1.1003229204912441,1.100413568191274,1.1003759140038638,1.1004001515496744
2026-01-01 08:07:00,1.1003816234840325,1.100280753554198,1.100141698291274,1.100237919349132
2026-01-01 08:08:00,1.1005042994876533,1.1005621368138014,1.1003924172910504,1.1004909905943931
2026-01-01 08:09:00,1.1006288212644406,1.100661682245833,1.1005458585000463,1.1006232365579354
2026-01-01 08:10:00,1.1005671443435847,1.1006631431553884,1.1005212300110618,1.100622040661738
2026-01-01 08:11:00,1.10085706759067,1.1009461945809786,1.100835534986308,1.1008440322825714
2026-01-01 08:12:00,1.1008474268395165,1.100893513512379,1.1007468482275078,1.1008556375287186
2026-01-01 08:13:00,1.1006320187278837,1.1009347109307304,1.100658020680468,1.1007264448985195
2026-01-01 08:14:00,1.100901400738109,1.1009979997520112,1.100884337953887,1.1009549135101098
2026-01-01 08:15:00,1.1010754963175462,1.1011633182826621,1.1010096891834291,1.1010357500166625
2026-01-01 08:16:00,1.1009773639760136,1.1008930177228389,1.1007314256488732,1.1008801630935137
2026-01-01 08:17:00,1.1008699705620533,1.1009167798040167,1.1008428917925974,1.100851612291801
2026-01-01 08:18:00,1.1007754237177079,1.1009397078007752,1.1005955391887268,1.1007202695537932
2026-01-01 08:19:00,1.1005050618287195,1.1006727966881602,1.100499300456917,1.1005128495941487
2026-01-01 08:20:00,1.1006474489182443,1.1007220904805004,1.1004976441117982,1.1006517762262784
2026-01-01 08:21:00,1.1009927376737298,1.1009915094541387,1.100804788903761,1.1009381887223488
2026-01-01 08:22:00,1.100811542450735,1.100744943952306,1.1006506300815513,1.100728403586276
2026-01-01 08:23:00,1.100877903806453,1.1009510507286489,1.100805380387516,1.1008128489717797
2026-01-01 08:24:00,1.1006619344326423,1.100763614300367,1.1007130025475869,1.1007152525864115
2026-01-01 08:25:00,1.1006388358343309,1.100726361856325,1.1005658038016104,1.1006421837788467
2026-01-01 08:26:00,1.1005672009244347,1.100658446693189,1.1005141576292605,1.1005533246902108
2026-01-01 08:27:00,1.1004107421765836,1.100676903006384,1.100235473999612,1.100423726074759
2026-01-01 08:28:00,1.1004503971961215,1.1004537149197289,1.1003818039135405,1.1004310043189507
2026-01-01 08:29:00,1.1003473906420724,1.1003205375568919,1.1001932549384954,1.100306361801489
2026-01-01 08:30:00,1.1003970708129536,1.1003604866669974,1.1002507162025368,1.100346930325356
2026-01-01 08:31:00,1.1004236881165497,1.10041224647329,1.100339372214139,1.1003393946089386
2026-01-01 08:32:00,1.1002870803466722,1.1003673129831315,1.1002940399141532,1.1003035524019085
2026-01-01 08:33:00,1.1000992161943604,1.1001932948331268,1.100026210291971,1.1001674178526024
2026-01-01 08:34:00,1.100098813882718,1.1002004552918259,1.1000643529966039,1.1000809021530171
2026-01-01 08:35:00,1.1002884013884502,1.1003461078149723,1.1000975968708049,1.100194210836891
2026-01-01 08:36:00,1.1002454996220368,1.1003198065964823,1.1001565142580079,1.1002693484150345
2026-01-01 08:37:00,1.100157057477168,1.1001853689646486,1.0999954667952299,1.1001227151283148
2026-01-01 08:38:00,1.1001724022637527,1.100261571202737,1.099981597891616,1.100137614974129
2026-01-01 08:39:00,1.1002598951450022,1.1004006101035033,1.100038590628198,1.100250323042635
2026-01-01 08:40:00,1.100000258486519,1.1000745064631143,1.0999587862074183,1.0999999122504667
2026-01-01 08:41:00,1.1000352448190378,1.1001475704235752,1.100066854579641,1.1000814162793238
2026-01-01 08:42:00,1.099867939611861,1.1000573646618321,1.0997928193582334,1.099982022715482
2026-01-01 08:43:00,1.1000120199804377,1.10012906639414,1.100061398909124,1.100067612515771
2026-01-01 08:44:00,1.099933608434834,1.1000387584941176,1.0999302754245177,1.0999531236422895
2026-01-01 08:45:00,1.099737262461561,1.0997435547008592,1.0996737751167798,1.0996823913271898
2026-01-01 08:46:00,1.0994331035583897,1.0995501231949227,1.0993819518538022,1.0994382599615073
2026-01-01 08:47:00,1.0994195214175606,1.0994467770409442,1.0993508162516539,1.0994454727035066
2026-01-01 08:48:00,1.099439881806667,1.0995023561813004,1.099371378416811,1.0994844310787648
2026-01-01 08:49:00,1.0993816238764247,1.0993597841348692,1.0993457028714992,1.099348783584999
2026-01-01 08:50:00,1.0995124903121374,1.0995737784872484,1.0992904972161641,1.0994445724538158
2026-01-01 08:51:00,1.0992485162305687,1.0992702616171357,1.0991426962089959,1.0991953444444753
2026-01-01 08:52:00,1.099215739959666,1.0993169833037721,1.099141953005341,1.0991854324746781
2026-01-01 08:53:00,1.0989299994073947,1.0990248296746061,1.0989222206202542,1.0990037800447139
2026-01-01 08:54:00,1.0988884209164014,1.098922046566741,1.0987437071323432,1.0989060046285435
2026-01-01 08:55:00,1.0990104796406854,1.0991632044790345,1.0987917680932258,1.098913114429241
2026-01-01 08:56:00,1.098840149949044,1.098889616373428,1.098674303927313,1.0987840524244483
2026-01-01 08:57:00,1.0986494939319023,1.0987617376687706,1.0986091756998917,1.098726369092814
2026-01-01 08:58:00,1.0988745334880363,1.0990005561381126,1.098695407912666,1.0988773130141962
2026-01-01 08:59:00,1.0988089341554008,1.0988860254308213,1.0986039265149603,1.0987907792337677
2026-01-01 09:00:00,1.0988780251274262,1.0990850519439426,1.09877675128579,1.0989161330505774
2026-01-01 09:01:00,1.0986312168213084,1.0989136693005193,1.098728265082546,1.0987466770223788
2026-01-01 09:02:00,1.098831088851317,1.0989485425243808,1.0988192391297937,1.0988261476490662
2026-01-01 09:03:00,1.0990029950292837,1.0990621449889444,1.0987613201105029,1.0990423829421647
2026-01-01 09:04:00,1.0986324441801913,1.0987081603648945,1.0986449045648288,1.0986716362671456
2026-01-01 09:05:00,1.0985343679608286,1.0987192189560746,1.0985072606538773,1.0985521019788251
2026-01-01 09:06:00,1.0986319790021695,1.0988422501514203,1.0986032318597503,1.0986386627979021
2026-01-01 09:07:00,1.098607751850291,1.0986551037978105,1.0985178539216154,1.0986082059899958
2026-01-01 09:08:00,1.0986196783760553,1.0987130735614883,1.0986251287395108,1.0986638778710014
2026-01-01 09:09:00,1.0985622696165125,1.0987060857818929,1.0985020296487849,1.0985732800929942
2026-01-01 09:10:00,1.0984983973925948,1.098683545012791,1.098517335654307,1.098586268561115
2026-01-01 09:11:00,1.0985784689290745,1.0986035791792286,1.098421870234165,1.0985629169758062
2026-01-01 09:12:00,1.098595270514388,1.0987553471984843,1.098608311447487,1.0987380842850551
2026-01-01 09:13:00,1.0987617729075287,1.0988401151255383,1.0986300363660308,1.0987762474115503
2026-01-01 09:14:00,1.0988728471185454,1.0988332451647802,1.0987259292140725,1.0988268878108616
2026-01-01 09:15:00,1.0987121392315795,1.0989101990550543,1.0986136489150373,1.0987651062659431
2026-01-01 09:16:00,1.0987277868425152,1.0986995229695993,1.0986645614482675,1.0986919653323324
2026-01-01 09:17:00,1.0986848682397654,1.098731968018347,1.0986004891847523,1.0986270816041595
2026-01-01 09:18:00,1.0985208544278913,1.0986891710661015,1.098675984568171,1.098686249425516
2026-01-01 09:19:00,1.0986155336082144,1.0987006132655521,1.0984867410238732,1.0986231017533932
2026-01-01 09:20:00,1.0985227793105463,1.0987711209304951,1.098622725245206,1.0986665679819276
2026-01-01 09:21:00,1.0989719676794458,1.0989805041810512,1.0989167179455694,1.0989778781017243
2026-01-01 09:22:00,1.0991081882466902,1.0991709978527482,1.0991047904721012,1.0991085468072392
2026-01-01 09:23:00,1.0989355160781185,1.0991343413614245,1.0990444413868508,1.099059643277414
2026-01-01 09:24:00,1.0993360672838426,1.0992429745219647,1.0990098284532999,1.0992398253657385
2026-01-01 09:25:00,1.099192914850167,1.099247621427419,1.0990344798852136,1.0991786140597852
2026-01-01 09:26:00,1.0988304442079044,1.0989816664221244,1.0987439821959648,1.0988728953795086
2026-01-01 09:27:00,1.0987949514042459,1.098790844290383,1.098656041776322,1.098721682432871
2026-01-01 09:28:00,1.0983512829836852,1.0984683754881466,1.098393111145254,1.0984410636447173
2026-01-01 09:29:00,1.0983268780704352,1.0984881578479622,1.0982254047703668,1.098388336622111
2026-01-01 09:30:00,1.0982761266028058,1.098391377990056,1.0982062883677506,1.0983910993789894
2026-01-01 09:31:00,1.0987326172356577,1.0986958740160322,1.0985903883101007,1.0986425649758307
2026-01-01 09:32:00,1.0987082214004689,1.0987260104775656,1.0985707558614684,1.0986916040818953
2026-01-01 09:33:00,1.0986917090920663,1.098696192417649,1.0986175306560868,1.098658739002574
2026-01-01 09:34:00,1.0987981999014476,1.0988811423972298,1.0986718434296328,1.0987831498397516
2026-01-01 09:35:00,1.0984801679314575,1.0986472134023137,1.0984081731487263,1.0984514795434004
2026-01-01 09:36:00,1.0984907256128114,1.0985536360319494,1.0984681780855345,1.0984868217271166
2026-01-01 09:37:00,1.098615997573335,1.098621789451392,1.098554516111934,1.0986024515061996
2026-01-01 09:38:00,1.098386043741144,1.0985154812738755,1.0983417988447295,1.0983806635693327
2026-01-01 09:39:00,1.0985217970855352,1.0985537948994608,1.0985253645134199,1.0985522266758136
2026-01-01 09:40:00,1.0986006698986772,1.098793027979369,1.098494137652632,1.0986030011369379
2026-01-01 09:41:00,1.098554387678516,1.098643013605378,1.0982605706508892,1.0985407079498528
2026-01-01 09:42:00,1.0986411526857462,1.0987999793806806,1.0985869085114657,1.0986356252297687
2026-01-01 09:43:00,1.0989023405530516,1.0990153419461326,1.098754468250424,1.0989762291584393
2026-01-01 09:44:00,1.0989362597632677,1.0991202600789967,1.098919299227726,1.099003509096698
2026-01-01 09:45:00,1.0990948842563388,1.0991131386576898,1.0989140145158058,1.099040742184643
2026-01-01 09:46:00,1.098956488347418,1.0990362720764144,1.0988892234881082,1.0989718380497122
2026-01-01 09:47:00,1.0988735976616442,1.0991182754149063,1.0988121961283333,1.0988443613942924
2026-01-01 09:48:00,1.098914305771288,1.0990875263141782,1.098929040486595,1.098968911766774
2026-01-01 09:49:00,1.0987668418990555,1.0989945315908698,1.098803496946304,1.0988404991928877
2026-01-01 09:50:00,1.0988090542978441,1.0989065518530055,1.098823299103765,1.0988512341284706
2026-01-01 09:51:00,1.0987684572579173,1.0988049806820956,1.0987424924010951,1.098779585511456
2026-01-01 09:52:00,1.0988181754703537,1.098926818696687,1.0988433131669042,1.0988514324853178
2026-01-01 09:53:00,1.0989661784772662,1.0989397471562588,1.0988179484575744,1.098901481801111
2026-01-01 09:54:00,1.0990660889578263,1.0991696060472798,1.099023505251499,1.0990571127927495
2026-01-01 09:55:00,1.0990730572638494,1.0991548875303094,1.0989305990499594,1.0989806103329214
2026-01-01 09:56:00,1.0989603495003308,1.0989810729456915,1.0988901732018024,1.0989401290926273
2026-01-01 09:57:00,1.098672686994364,1.098820981712432,1.0987048702915219,1.09879331453526
2026-01-01 09:58:00,1.0987794726265716,1.0987380099854454,1.0986978555420945,1.0987266705462486
2026-01-01 09:59:00,1.0987077880390816,1.0988291650203728,1.0987473808129373,1.0987832656202052
2026-01-01 10:00:00,1.0989083405960627,1.0989156341565796,1.098777933288583,1.0988968139127022
2026-01-01 10:01:00,1.0987197549111924,1.0987688477994162,1.0986919845222753,1.0987584891140756
2026-01-01 10:02:00,1.0989960655538147,1.0989103175188468,1.0988033557440964,1.0988889300020914
2026-01-01 10:03:00,1.0991642555772836,1.099189307301091,1.0989736835209933,1.099092275680912
2026-01-01 10:04:00,1.0991171998843106,1.0991961669124084,1.0991359994600336,1.0991542909163956
2026-01-01 10:05:00,1.0994294424048732,1.099457868642053,1.0992504370641574,1.0994358102882793
2026-01-01 10:06:00,1.0993319718118961,1.099446837080523,1.0992735264988078,1.0993197419084138
2026-01-01 10:07:00,1.0991762144064952,1.0991709016772382,1.099122124393467,1.099133043702917
2026-01-01 10:08:00,1.0988676932611976,1.0989561025816152,1.0987527716955994,1.0988662356655814
2026-01-01 10:09:00,1.0990393975673358,1.099094411969617,1.0990234505812584,1.0990906423123048
2026-01-01 10:10:00,1.0991529192287979,1.0992547503077168,1.0991684653322162,1.099188797160758
2026-01-01 10:11:00,1.0991802353703024,1.099357110640154,1.099068239126792,1.0991804594601213
2026-01-01 10:12:00,1.0992841776030076,1.0993263153609902,1.0990841411893917,1.0992224547540694
2026-01-01 10:13:00,1.0990750232900013,1.0990629472307445,1.0989856161603992,1.0990536313969745
2026-01-01 10:14:00,1.0993818234475865,1.0994715931109367,1.0994023160706585,1.0994204941939172
2026-01-01 10:15:00,1.0994722960100989,1.099695232330819,1.0994104354734449,1.0994398773712133
2026-01-01 10:16:00,1.0994369373484603,1.0994731250826513,1.099418921249842,1.099456286590404
2026-01-01 10:17:00,1.099609671984248,1.0995977528335705,1.0995388940180573,1.0995651515839888
2026-01-01 10:18:00,1.0997636534896658,1.099676339588189,1.099509164628937,1.0996373029687494
2026-01-01 10:19:00,1.099652944253844,1.0996862760950887,1.0994819152240292,1.0996708855723913
2026-01-01 10:20:00,1.0995923946620607,1.099584352910018,1.0995102013805944,1.0995523144040744
2026-01-01 10:21:00,1.0995857649910432,1.0998009745506958,1.0995782415843678,1.099623034657645
2026-01-01 10:22:00,1.0998997251437568,1.0999993351150312,1.0998596158509213,1.0999053383321162
2026-01-01 10:23:00,1.100108629453383,1.1001548164431196,1.099971875435978,1.1001071513390395
2026-01-01 10:24:00,1.100336445150033,1.1005177200961485,1.100226306793715,1.1003461293330352
2026-01-01 10:25:00,1.1003925976660094,1.1002791995199452,1.10024089281904,1.1002694469815706
2026-01-01 10:26:00,1.1001056766047979,1.1001537873658893,1.0999910191341788,1.1001210062585318
2026-01-01 10:27:00,1.1001314807974563,1.1001973860362122,1.1000307340461393,1.100102138220517
2026-01-01 10:28:00,1.100013992613894,1.1001915863509804,1.100017408219081,1.1001104969573603
2026-01-01 10:29:00,1.1002962255132993,1.1003113070894592,1.1000935734372888,1.1002746256851308
2026-01-01 10:30:00,1.1000778587202913,1.1000948050013069,1.099899261579988,1.1000207559906736
2026-01-01 10:31:00,1.1002238086714637,1.1003366709824418,1.1002396115002402,1.1002501885385927
2026-01-01 10:32:00,1.100100976246754,1.1002416276586011,1.1001933094766287,1.100226487353806
2026-01-01 10:33:00,1.1001605226048725,1.1001923003747118,1.1000095960636878,1.1001624551933138
2026-01-01 10:34:00,1.1000114987295442,1.1000888993967668,1.0999795855732335,1.1000106395370248
2026-01-01 10:35:00,1.0997986147887822,1.099833114272206,1.0996508893134478,1.099762411036245
2026-01-01 10:36:00,1.0999864317756098,1.1000943579159623,1.0998065731574778,1.0998858866238392
2026-01-01 10:37:00,1.0998778816363874,1.0999976754884602,1.0997778097388438,1.0998968843189174
2026-01-01 10:38:00,1.0996605757777733,1.0997373660847212,1.0996573509506906,1.0997033901839564
2026-01-01 10:39:00,1.0994507824780781,1.0995322891155634,1.099506331426698,1.0995091283681466
2026-01-01 10:40:00,1.0994686645941047,1.0995374012844528,1.0994313992051366,1.099458760663253
2026-01-01 10:41:00,1.0997330816049875,1.0997650685205755,1.0996490632285052,1.0997091138920465
2026-01-01 10:42:00,1.099642892419624,1.0999534782183564,1.0995632468187027,1.099670175189342
2026-01-01 10:43:00,1.0994836378836608,1.0995806226957907,1.0994238832205754,1.0994447037463744
2026-01-01 10:44:00,1.0994311114906024,1.0994838928987198,1.0993290700434348,1.0994078422867615
2026-01-01 10:45:00,1.0993690953357815,1.099541228504348,1.099344304524575,1.0993669337512992
2026-01-01 10:46:00,1.098917280018821,1.0990231576340361,1.0987660454715038,1.0989624007548582
2026-01-01 10:47:00,1.0989301633091062,1.0991110747678332,1.0989207404682269,1.0989542565248804
2026-01-01 10:48:00,1.098798128580465,1.099064395987195,1.0988833307826118,1.0989196163453492
2026-01-01 10:49:00,1.099035836653281,1.099117911302339,1.0988713011644593,1.0990240473000712
2026-01-01 10:50:00,1.0993027077787503,1.099319001957709,1.0992794494822158,1.099301390714313
2026-01-01 10:51:00,1.0994797994182997,1.0994786742106264,1.0994468826562362,1.0994703754687452
2026-01-01 10:52:00,1.0994552581159402,1.0994431347456746,1.0993912840760365,1.099430042165162
2026-01-01 10:53:00,1.0992833543531721,1.0993768872571774,1.0990975248150265,1.0992640632788506
2026-01-01 10:54:00,1.0996445480903059,1.0997376514899877,1.0995650107103878,1.0996500672493381
2026-01-01 10:55:00,1.0996613834165985,1.0997395299799286,1.0995134961683515,1.0996589500144403
2026-01-01 10:56:00,1.0995908235873924,1.0997620668669108,1.099517639307854,1.0996610394082271
2026-01-01 10:57:00,1.099628234612876,1.0996618567907117,1.0995687567282402,1.0996574206451606
2026-01-01 10:58:00,1.09968965691196,1.0998249800948212,1.099619857680556,1.099687133359276
2026-01-01 10:59:00,1.0996286866186917,1.0997326305181854,1.0995476220190104,1.0996654792974874
2026-01-01 11:00:00,1.0996224375362489,1.099584907832489,1.0994389983682558,1.0995794299964552
2026-01-01 11:01:00,1.0994644695512215,1.0995896424537535,1.0994728775704798,1.0994974011552692
2026-01-01 11:02:00,1.0995033034352992,1.0994932244328792,1.0993975240148752,1.0994924881647368
2026-01-01 11:03:00,1.0994168027319076,1.0995588291427667,1.0992394651143484,1.0994109744490668
2026-01-01 11:04:00,1.0993413614613456,1.0993528109237607,1.0992362838714727,1.0993040475816651
2026-01-01 11:05:00,1.0993650516745204,1.0994636375023117,1.0993192447094504,1.0993200121158189
2026-01-01 11:06:00,1.0993164671637543,1.099351157856525,1.0991965726261268,1.099281765533206
2026-01-01 11:07:00,1.0994020641714242,1.0995790234154692,1.0994158777016834,1.0995073644814932
2026-01-01 11:08:00,1.099169426417635,1.0992827452832827,1.0991031405412868,1.0991097190102344
2026-01-01 11:09:00,1.0993498104492323,1.0994068336125726,1.099213362074113,1.0992734450380226
2026-01-01 11:10:00,1.0994362516026812,1.0997100993295392,1.0993823881986793,1.0994603578168973
2026-01-01 11:11:00,1.0991611816276698,1.0991539499207097,1.0991433338320955,1.0991493492820361
2026-01-01 11:12:00,1.0990534045589175,1.0991620575689465,1.0990106676475713,1.099097946142924
2026-01-01 11:13:00,1.098944811087688,1.099324663072125,1.0989502147898789,1.0990422300130247
2026-01-01 11:14:00,1.09879416749554,1.0989630001086472,1.0986833868171857,1.098831103258817
2026-01-01 11:15:00,1.0986874238037052,1.0987164414023654,1.098663401639722,1.0987144307556784
2026-01-01 11:16:00,1.098530101842291,1.0985658066061217,1.0984375751742512,1.0985478443788586
2026-01-01 11:17:00,1.0987627392408716,1.0989451997074173,1.0987929019654015,1.098810684945372
2026-01-01 11:18:00,1.0989143654460032,1.0989870106018567,1.0988980599337517,1.098951036704344
2026-01-01 11:19:00,1.0991412196525119,1.0991916333581722,1.0990612843747753,1.0991417699685933
2026-01-01 11:20:00,1.0992115094290442,1.0993451392152385,1.0991667731160273,1.0992500207781997
2026-01-01 11:21:00,1.0991078392291447,1.0991148451945418,1.099071127985084,1.0990806630125172
2026-01-01 11:22:00,1.099036068005145,1.0991026777086697,1.0989840219353026,1.0990019849725752
2026-01-01 11:23:00,1.0991944105440676,1.099080173688738,1.0989974780942007,1.0990753911567595
2026-01-01 11:24:00,1.0989483559820317,1.0989484916034116,1.0987343491483337,1.0988920719854256
2026-01-01 11:25:00,1.0990111769028679,1.0991484255292805,1.09891400197537,1.0989990217499515
2026-01-01 11:26:00,1.0989319597253944,1.0990884875190652,1.0987991483743182,1.0989629729402277
2026-01-01 11:27:00,1.098921437186679,1.0989565170714382,1.0988807901469142,1.0989067498190952
2026-01-01 11:28:00,1.0990297236123217,1.0991402074948233,1.0988922510639625,1.0990133938143258
2026-01-01 11:29:00,1.0990543676565983,1.0990968592244974,1.0990294885900833,1.0990800333110486
2026-01-01 11:30:00,1.0990650749560136,1.0990327255427725,1.0989748199923564,1.0990258883861759
2026-01-01 11:31:00,1.0991298829559464,1.0993744345292382,1.0991126154142619,1.0991997878566804
2026-01-01 11:32:00,1.0990254083657636,1.0990707931242532,1.0989307734016949,1.0990376283575405
2026-01-01 11:33:00,1.0991578116215481,1.0992347344554512,1.0991211615918552,1.0991300186985822
2026-01-01 11:34:00,1.0992046046798978,1.0993900867681965,1.0991505124018726,1.0992189838872775
2026-01-01 11:35:00,1.0991622142012087,1.099224947972588,1.0990648564672925,1.0991725519213802
2026-01-01 11:36:00,1.099214582581657,1.0992614618737275,1.0990836744413242,1.0992214718747166
2026-01-01 11:37:00,1.0989920247762244,1.0991083216152906,1.0988189342088652,1.0990338048382589
2026-01-01 11:38:00,1.0992311039377185,1.0991829056618962,1.099120287312021,1.0991724088911399
2026-01-01 11:39:00,1.0990937716870772,1.0992059526448317,1.098936240408539,1.0991446735706734
2026-01-01 11:40:00,1.099082173083966,1.0990688145304541,1.0990104420913558,1.0990662651175955
2026-01-01 11:41:00,1.099244298896385,1.0992453323821847,1.0991623339693042,1.099223616501471
2026-01-01 11:42:00,1.0990705338528293,1.0991238019769716,1.099075816648173,1.0991179649478897
2026-01-01 11:43:00,1.098910350966154,1.0989670816465587,1.09877947589801,1.098906695753435
2026-01-01 11:44:00,1.0986277197687693,1.0987075219700908,1.098614385650963,1.0986732013774065
2026-01-01 11:45:00,1.098833654993861,1.0989726821139987,1.0986934553200316,1.0987641028701083
2026-01-01 11:46:00,1.0985150993203852,1.0986694110903192,1.0985688119861567,1.098572038467234
2026-01-01 11:47:00,1.09880256273982,1.0988651373725637,1.0987458742724676,1.0988352575945315
2026-01-01 11:48:00,1.0984617569329314,1.0986003137677525,1.0985047096955078,1.098522968183349
2026-01-01 11:49:00,1.0987095517022492,1.098967310136728,1.0987219773145493,1.0987774366385925
2026-01-01 11:50:00,1.0988886500232171,1.0988177909067123,1.0986916130786497,1.098809089258673
2026-01-01 11:51:00,1.098821721025588,1.0988981966490898,1.098582981086209,1.0987945822918923
2026-01-01 11:52:00,1.098719859100156,1.098798518171018,1.0985697255955473,1.098712844428871
2026-01-01 11:53:00,1.0987398859978565,1.0988125196676748,1.0985803932174028,1.0987727148460238
2026-01-01 11:54:00,1.0988124502312124,1.0988065276392085,1.098742552398475,1.0987670696406602
2026-01-01 11:55:00,1.0988913538009943,1.0989751404834278,1.0987807233530797,1.0989325649229627
2026-01-01 11:56:00,1.0989893810349785,1.0989947486426397,1.0989450779098948,1.0989496990702619
2026-01-01 11:57:00,1.0989286187706508,1.0989984201635032,1.0988973507231006,1.0989722443344812
2026-01-01 11:58:00,1.0988854771175554,1.0989732966478136,1.0987682883129224,1.098917702502649
2026-01-01 11:59:00,1.0989470747783967,1.0990996551044918,1.0988890212032194,1.0989091606590908
2026-01-01 12:00:00,1.0989985222916325,1.0989987182707226,1.0989360154019396,1.0989553309244247
2026-01-01 12:01:00,1.098728679312221,1.098871021175307,1.098500967173869,1.0986988056655262
2026-01-01 12:02:00,1.0984440941464226,1.0985732845977505,1.0984939593372918,1.0984965778522104
2026-01-01 12:03:00,1.0985857311230278,1.0986684512960632,1.0986009387402589,1.098608067466314
2026-01-01 12:04:00,1.098641542219093,1.098678493415878,1.0985698016006118,1.098633697282033
2026-01-01 12:05:00,1.0985636357334845,1.098727580395169,1.0985352509714272,1.09860609978158
2026-01-01 12:06:00,1.0986774130095465,1.0988296929491628,1.0985653596115164,1.09860886487154
2026-01-01 12:07:00,1.0985409047801467,1.0986840607671966,1.0985132019018138,1.0986610021273442
2026-01-01 12:08:00,1.0985411011995292,1.098593624117706,1.0983509088946093,1.0985800381752977
2026-01-01 12:09:00,1.098437814141344,1.0984685429733414,1.0983524427574078,1.0984632924664874
2026-01-01 12:10:00,1.0983504720715136,1.0985071571109468,1.0983356366733268,1.098492669254752
2026-01-01 12:11:00,1.0982761018815979,1.0983502174251947,1.0983122421085676,1.0983459133381097
2026-01-01 12:12:00,1.098438415727094,1.0985094353986222,1.0983553378458004,1.098407151251467
2026-01-01 12:13:00,1.098153277892659,1.0981708083294242,1.098097939997824,1.0981517637108313
2026-01-01 12:14:00,1.0983847938575324,1.098363545314139,1.0982076957518128,1.0983061370564302
2026-01-01 12:15:00,1.0984542880010861,1.098405139227281,1.0980537701355408,1.098377026678792
2026-01-01 12:16:00,1.0984370834578694,1.0984733658149148,1.0982646000640643,1.0984154311389391
2026-01-01 12:17:00,1.098578496698981,1.0987040374743853,1.0984628077342533,1.098562834786531
2026-01-01 12:18:00,1.0988159525086292,1.0988754703271173,1.0987714139462152,1.0988126559532003
2026-01-01 12:19:00,1.0988320573620591,1.098974704841656,1.0988193222464242,1.098964811462953
2026-01-01 12:20:00,1.098618952352587,1.098722516072447,1.0985914872939093,1.0986886803282534
2026-01-01 12:21:00,1.0985017775583978,1.0985960015839158,1.098482400889539,1.098496743783243
2026-01-01 12:22:00,1.098433822282026,1.09840506271331,1.098320384468062,1.0984030209965887
2026-01-01 12:23:00,1.0984214181447272,1.0985535020398545,1.098367711692986,1.0984069346541203
2026-01-01 12:24:00,1.0984399602588049,1.0986614885375645,1.0983167655149781,1.0984845835071906
2026-01-01 12:25:00,1.0984225922493411,1.0984123965760069,1.0983684249920296,1.0983757219352177
2026-01-01 12:26:00,1.098477859151327,1.0984421244240221,1.0983855635961275,1.0984037369498891
2026-01-01 12:27:00,1.0983373289900507,1.0983106575507984,1.0981962913614223,1.0982904295100362
2026-01-01 12:28:00,1.0982481818060668,1.0982004913372883,1.0980092437245401,1.0981987018395873
2026-01-01 12:29:00,1.0979597413851625,1.0980853426799266,1.0979716988077022,1.0979877026750602
2026-01-01 12:30:00,1.0979030143942787,1.09785374311834,1.0978166691769111,1.0978492176881436
2026-01-01 12:31:00,1.0976537529292674,1.0977697751278024,1.0975365065508682,1.097646464997301
2026-01-01 12:32:00,1.0975256617857807,1.0976391812451547,1.0972752343559045,1.0975000840093545
2026-01-01 12:33:00,1.097676401870987,1.0977937273133318,1.0975456206461434,1.0976581302788457
2026-01-01 12:34:00,1.0975096460902487,1.0975352989726177,1.0974576463364651,1.0975157204455208
2026-01-01 12:35:00,1.0978675776314903,1.0980148049140512,1.097910229670389,1.0979105777552465
2026-01-01 12:36:00,1.0979804686072008,1.0980416175577146,1.0979700720712258,1.0979845754403785
2026-01-01 12:37:00,1.098061638939807,1.098045443996061,1.098000131990364,1.0980123008589329
2026-01-01 12:38:00,1.09786147340164,1.097935413863868,1.0978427375860487,1.0978835471919057
2026-01-01 12:39:00,1.0980332610369474,1.0980739138283222,1.097898264362739,1.097988593673817
2026-01-01 12:40:00,1.0979391015334123,1.0979051910590492,1.097808833855658,1.0979022479998815
2026-01-01 12:41:00,1.0979056026022271,1.0979722139166717,1.0978772042279081,1.097920549472078
2026-01-01 12:42:00,1.0983740021579995,1.0984026947464702,1.0982725789264056,1.0983045621528185
2026-01-01 12:43:00,1.0982723758343003,1.0984306348622526,1.0981300623686707,1.0982901531678597
2026-01-01 12:44:00,1.0985380215099332,1.0984732649630067,1.0983069025632455,1.0984625441668026
2026-01-01 12:45:00,1.0983787740521107,1.098388952338583,1.0982637781675142,1.0983570677030337
2026-01-01 12:46:00,1.0983510261335365,1.0984144628967047,1.0980499637524024,1.0983518194294593
2026-01-01 12:47:00,1.0985730494557877,1.0986254303700707,1.0984595450155328,1.0986174395248045
2026-01-01 12:48:00,1.0985189814546297,1.0985439020000598,1.0984439186138892,1.0985233944661363
2026-01-01 12:49:00,1.0987850737741613,1.09895760000283,1.0985946208860646,1.098795261749836
2026-01-01 12:50:00,1.0988385097208917,1.0990902682341157,1.0987776780809808,1.0989014245401543
2026-01-01 12:51:00,1.0988061737526342,1.0988334787222733,1.0986592202560204,1.09881705452377
2026-01-01 12:52:00,1.0988717255256235,1.0989816743816623,1.0988240501996103,1.0989119156846283
2026-01-01 12:53:00,1.0990870984405214,1.0991414080190944,1.0989229295322078,1.0990577988520724
2026-01-01 12:54:00,1.0992163843701914,1.0991818713366266,1.0989516579723315,1.099151070346405
2026-01-01 12:55:00,1.0988541908546066,1.0990458211147738,1.0988938811645834,1.0989155366384213
2026-01-01 12:56:00,1.0988920814484662,1.0988516728458737,1.09864924300764,1.0988064660620478
2026-01-01 12:57:00,1.0987629107149957,1.0988049356751535,1.0987385921767134,1.098769338266715
2026-01-01 12:58:00,1.098709422183103,1.0987610923027435,1.0987191786924115,1.09875817325235
2026-01-01 12:59:00,1.0988891618059928,1.0989210714699955,1.0988437853085453,1.0988512740669825
2026-01-01 13:00:00,1.0988556064932098,1.0990011832482445,1.0987532730205065,1.0988779292171225
2026-01-01 13:01:00,1.0986735407295145,1.0987460767363775,1.0985145208007967,1.098677627563316
2026-01-01 13:02:00,1.0987144433287563,1.0987803896690755,1.0986605409741035,1.0987346572409669
2026-01-01 13:03:00,1.0987854082061663,1.0990360672502142,1.0987454711471611,1.0988262451027595
2026-01-01 13:04:00,1.0989464135215692,1.0989240219034153,1.0987521796928668,1.0989102136699491
2026-01-01 13:05:00,1.0990580157086378,1.0991314443905749,1.0989806740174046,1.0990723307787824
2026-01-01 13:06:00,1.0991255865123557,1.0992081162489504,1.0990916763732532,1.0991974191019647
2026-01-01 13:07:00,1.0992938491200597,1.0994605206733246,1.0992582145565324,1.0992662961138489
2026-01-01 13:08:00,1.099195492139579,1.0994304934238268,1.0990815630113597,1.0992557712571303
2026-01-01 13:09:00,1.098948964108469,1.0990160892215697,1.0989611050590147,1.0990066271171028
2026-01-01 13:10:00,1.0991307001602215,1.0992336242533287,1.0990451934087853,1.0990710698499726
2026-01-01 13:11:00,1.0990424060080866,1.099352880160101,1.0990525177543635,1.0991022230030472
2026-01-01 13:12:00,1.09902713758578,1.0991727060339382,1.099137490342089,1.0991429598286264
2026-01-01 13:13:00,1.0989825906165014,1.098965397321868,1.098907305566264,1.0989514475422533
2026-01-01 13:14:00,1.098774095889718,1.0988177727549664,1.0987039875423679,1.098789289061192
2026-01-01 13:15:00,1.098936379233135,1.098957881398196,1.0989194500027555,1.098947261989192
2026-01-01 13:16:00,1.098925603696446,1.0992511586595208,1.0987509527755492,1.0989413287161136
2026-01-01 13:17:00,1.0990551373176705,1.0990693713345225,1.0989952660487903,1.0990435538207195
2026-01-01 13:18:00,1.099010165615044,1.099098814013264,1.0990434305374397,1.099047801577139
2026-01-01 13:19:00,1.0991260707417918,1.0991172014800248,1.09892998420585,1.0990522649980634
2026-01-01 13:20:00,1.0991191960449442,1.0992225308264638,1.0991362267847413,1.0991930075689598
2026-01-01 13:21:00,1.099137844605561,1.0991394242272328,1.0990643464968872,1.0991156008597271
2026-01-01 13:22:00,1.099162125026462,1.0991710708245412,1.0991010101863048,1.0991300189762683
2026-01-01 13:23:00,1.099022695094921,1.0992425675361825,1.0990562876296501,1.0990606776829626
2026-01-01 13:24:00,1.0989443165265838,1.099113221745166,1.098902449916915,1.0989955032488476
2026-01-01 13:25:00,1.0989999861410358,1.0989628020950672,1.098883043310652,1.0989491274303274
2026-01-01 13:26:00,1.0989329044583718,1.099212868689667,1.0989249288511083,1.0989824474960725
2026-01-01 13:27:00,1.0988803020057856,1.0989467361251484,1.0989094451205137,1.098910635202823
2026-01-01 13:28:00,1.099143364069782,1.0993693013780996,1.0990349839711497,1.099098998621659
2026-01-01 13:29:00,1.098966544588003,1.0989878736929901,1.0989140062972207,1.098964807526326
2026-01-01 13:30:00,1.0988469195963204,1.0990470985369072,1.0988654575492651,1.0989367767797018
2026-01-01 13:31:00,1.0989581700781883,1.0990150113611559,1.0988481867001862,1.0988708171209607
2026-01-01 13:32:00,1.099061363265675,1.0991097601951996,1.0990778465267352,1.099087863803614
2026-01-01 13:33:00,1.0990972091555953,1.0992015291832773,1.099095854423613,1.0991173470200906
2026-01-01 13:34:00,1.099284912913627,1.0995156549341891,1.0992261495615046,1.0992721237010108
2026-01-01 13:35:00,1.0990805434849054,1.099117705965916,1.0990153808156025,1.0990492896450552
2026-01-01 13:36:00,1.0991874023995003,1.099170822785218,1.0990797462581359,1.0990893471849357
2026-01-01 13:37:00,1.0991397883968088,1.0992404068494679,1.099202584353663,1.0992227918042792
2026-01-01 13:38:00,1.0992764320131168,1.0993601164366293,1.0992347142111314,1.0992351344026705
2026-01-01 13:39:00,1.0994321069436328,1.0994214802129774,1.099224420223279,1.0993949564589303
2026-01-01 13:40:00,1.0993105049458716,1.0993207350969054,1.099218289499541,1.0993173631914153
2026-01-01 13:41:00,1.099568128992184,1.0995556246655476,1.0995223449279479,1.099528765307443
2026-01-01 13:42:00,1.0999203137268676,1.099985082244721,1.099716237123774,1.0998736000259859
2026-01-01 13:43:00,1.0997500761026708,1.0999388653367963,1.0997819660940533,1.09981917424192
2026-01-01 13:44:00,1.0998398371890041,1.0998120383421832,1.0996408242100724,1.09975234886371
2026-01-01 13:45:00,1.0998924184226206,1.100137803481323,1.09994252550969,1.0999703565352776
2026-01-01 13:46:00,1.100150526543075,1.1002181946991334,1.100170085924604,1.100207292357137
2026-01-01 13:47:00,1.100115773969383,1.1001323008839667,1.100100774240404,1.1001288633530641
2026-01-01 13:48:00,1.100162082356159,1.1000818942738169,1.1000105562387452,1.1000658353304997
2026-01-01 13:49:00,1.100008154807683,1.1001597808795394,1.0999640370694013,1.1000235676391708
2026-01-01 13:50:00,1.099820303368013,1.0998455449461892,1.099678314416107,1.0998219000625156
2026-01-01 13:51:00,1.0997557062007381,1.0996960642329798,1.0996556455914956,1.099684102270543
2026-01-01 13:52:00,1.0995184652484018,1.0996437995936534,1.099477376070328,1.0995334811555302
2026-01-01 13:53:00,1.099359389685118,1.0995003668710532,1.0993932281535834,1.0994183115207645
2026-01-01 13:54:00,1.0993922470458946,1.0994315396940642,1.0992485732924293,1.0994131087876564
2026-01-01 13:55:00,1.0995167805892274,1.0994902437702665,1.099424724509712,1.099448240997537
2026-01-01 13:56:00,1.099684359321312,1.0998712835408055,1.099611888409144,1.099680816071459
2026-01-01 13:57:00,1.099627595878301,1.0996755041848538,1.0994625633503357,1.0995310629653483
2026-01-01 13:58:00,1.099715608071433,1.0998014793215654,1.099623798677021,1.0996787113251199
2026-01-01 13:59:00,1.0996143725516663,1.0997057407994228,1.0995871632262433,1.0996466129984859
2026-01-01 14:00:00,1.0996417472572613,1.0996750278931455,1.099511228657203,1.099639193442038
2026-01-01 14:01:00,1.099697755459956,1.0998600721587248,1.0996279963561684,1.099740416365863
2026-01-01 14:02:00,1.0995385864110963,1.0997213590404542,1.0994890760251927,1.0995720080626288
2026-01-01 14:03:00,1.0998533237371075,1.0998417642828264,1.099570212422711,1.0996293695245563
2026-01-01 14:04:00,1.09970526858129,1.0997264370510789,1.099616213627061,1.0996543373557883
2026-01-01 14:05:00,1.09977125994484,1.0997827236698623,1.0997074888764802,1.0997282050453896
2026-01-01 14:06:00,1.0997404213262103,1.100064307351223,1.09964457153945,1.0997715803419756
2026-01-01 14:07:00,1.1002183545662765,1.1002393108695254,1.1000103746479686,1.1001398753629623
2026-01-01 14:08:00,1.1000991851454143,1.1001363594676674,1.1000160018710108,1.1000442143653246
2026-01-01 14:09:00,1.1000586458865422,1.100021104119103,1.099901478471006,1.0999645648220744
2026-01-01 14:10:00,1.0999627494505306,1.0998954072086244,1.0997846507117433,1.0998710937431107
2026-01-01 14:11:00,1.0997138177108319,1.0998347925091152,1.0997184945982659,1.0997877721752367
2026-01-01 14:12:00,1.099636672131677,1.0997533973275408,1.0996716933827884,1.0996921641061406
2026-01-01 14:13:00,1.0998203271950335,1.0999683754248055,1.0998318670967744,1.0998705165858067
2026-01-01 14:14:00,1.1000363951908385,1.1002217513948516,1.1000022257654916,1.1000835922230052
2026-01-01 14:15:00,1.1000141528971559,1.1001778017528836,1.0999210136380417,1.0999979802789428
2026-01-01 14:16:00,1.0998447867703722,1.1000954843597708,1.0998411211238277,1.0998731269429771
2026-01-01 14:17:00,1.1000474692034732,1.0999956461783826,1.0998122954498464,1.0999438392764351
2026-01-01 14:18:00,1.0999562398138971,1.0998911038510324,1.0997615189504142,1.099861005819793
2026-01-01 14:19:00,1.0999556225127525,1.1000190892952046,1.0999025611280748,1.0999559455924564
2026-01-01 14:20:00,1.1000841503563914,1.1001107246253026,1.0999714204511588,1.099986384045584
2026-01-01 14:21:00,1.0998334291596965,1.0998818254492952,1.0996253246325205,1.0997590224283345
2026-01-01 14:22:00,1.099968612880575,1.1000246285072783,1.0999899116147096,1.0999911482085338
2026-01-01 14:23:00,1.100160069092297,1.1004399219708174,1.1002276977652292,1.1002605298594983
2026-01-01 14:24:00,1.1001577131366778,1.1002252820667313,1.10016360349604,1.1001686115559257
2026-01-01 14:25:00,1.1000782252153813,1.100170438461327,1.099963285432099,1.1001104563219353
2026-01-01 14:26:00,1.1001636614118013,1.1002190496267719,1.1001355663259649,1.100153336130544
2026-01-01 14:27:00,1.1002079660633857,1.1002732765394319,1.1001240387306273,1.100203504649042
2026-01-01 14:28:00,1.100305437172888,1.1003676325795155,1.1002311542988883,1.100302286289943
2026-01-01 14:29:00,1.100630001207827,1.1006424711323477,1.1005443038521665,1.100603816970758
2026-01-01 14:30:00,1.1005166487892797,1.1006408289965153,1.1004474055575344,1.1005772748866338
2026-01-01 14:31:00,1.1004780983138316,1.1004783625508157,1.100429338497878,1.100457530299953
2026-01-01 14:32:00,1.1002286516081,1.1002866692873414,1.1001817611412954,1.1002506324157508
2026-01-01 14:33:00,1.1001509920197527,1.1002320574184778,1.100080019137426,1.1001409929097596
2026-01-01 14:34:00,1.10018389435609,1.1002631303964292,1.0999941174224928,1.1001360238638285
2026-01-01 14:35:00,1.100343987554695,1.1005032137735402,1.1002102485260836,1.1004052075433561
2026-01-01 14:36:00,1.1003135011658673,1.1004893459098823,1.1002608439545702,1.1003275658485008
2026-01-01 14:37:00,1.100355207329545,1.100399211848383,1.100262760436856,1.1003611340412465
2026-01-01 14:38:00,1.100332957158257,1.100440411420277,1.100224798236222,1.1003586706068356
2026-01-01 14:39:00,1.1005819210726595,1.1005690587449286,1.1004483627794521,1.1005369295978529
2026-01-01 14:40:00,1.1008799500437938,1.101156336321844,1.1008308911868712,1.1009159694617339
2026-01-01 14:41:00,1.1008085691258238,1.100975584739944,1.100763460126158,1.1008363391457958
2026-01-01 14:42:00,1.1007274272727705,1.100830152570222,1.1007147515243245,1.100762923229418
2026-01-01 14:43:00,1.1009741501315504,1.1010695950158949,1.100895287079673,1.1009195473609785
2026-01-01 14:44:00,1.1009972088788018,1.101169708796807,1.1009352636193057,1.1010218310844224
2026-01-01 14:45:00,1.101321839452827,1.1014660637736926,1.1011907054875059,1.1012988371832828
2026-01-01 14:46:00,1.1014852116661433,1.1014601644014315,1.101302644104965,1.1013864264110818
2026-01-01 14:47:00,1.101328791676446,1.101415951082337,1.1012480622975933,1.1013325325974637
2026-01-01 14:48:00,1.1014767338560694,1.1016477360314825,1.101289548638066,1.1014211308220676
2026-01-01 14:49:00,1.1016710040633595,1.1016225141797151,1.101522761965613,1.101587436359155
2026-01-01 14:50:00,1.1017618682643366,1.1017332806478182,1.1017022222021478,1.1017105086863346
2026-01-01 14:51:00,1.1017857597252017,1.1018581491006776,1.101739266123445,1.1017865997910006
2026-01-01 14:52:00,1.101978706382389,1.1020865088372573,1.1019436206162538,1.101946600994439
2026-01-01 14:53:00,1.1020576264033493,1.10227402401223,1.102069536864701,1.102121995333006
2026-01-01 14:54:00,1.102290317023754,1.1023744154451391,1.102295712512011,1.1023293191816614
2026-01-01 14:55:00,1.1023963919057183,1.1025272986719226,1.1023997451713559,1.1024266256647999
2026-01-01 14:56:00,1.1025135885587611,1.1025586731878643,1.1022505033477155,1.1024015579527524
2026-01-01 14:57:00,1.1023829357800048,1.1025317164143476,1.1023547865762349,1.1024235650057175
2026-01-01 14:58:00,1.1025631675131307,1.1026082955348424,1.1025368402330147,1.1026045413506937
2026-01-01 14:59:00,1.102429804951033,1.102591181533953,1.102444561996725,1.1024820010000456
2026-01-01 15:00:00,1.102565292584473,1.1025443240325281,1.1024446506708985,1.1025373019963765
2026-01-01 15:01:00,1.1024854322441608,1.102730528966276,1.1024249468119451,1.1024783011745274
2026-01-01 15:02:00,1.102536950846819,1.1024978096361993,1.1023311714917279,1.1024826128979677
2026-01-01 15:03:00,1.1027079436606626,1.1027803950592259,1.1026195106297192,1.1026743806773587
2026-01-01 15:04:00,1.1026340260452254,1.10279242013947,1.1026947941856706,1.1027030455375617
2026-01-01 15:05:00,1.1026696471312847,1.1027488075166758,1.1025394902590075,1.1027100110197852
2026-01-01 15:06:00,1.102574299036052,1.1025236459489933,1.1024225496075835,1.1025060325986382
2026-01-01 15:07:00,1.1026078057213133,1.102907922021529,1.102584310490786,1.1026179706335422
2026-01-01 15:08:00,1.1027741728516143,1.1028819280182571,1.1026604910660747,1.1027147932607133
2026-01-01 15:09:00,1.1030317974218133,1.103129419037199,1.1029695873231953,1.1030392814692092
2026-01-01 15:10:00,1.1029447319125518,1.1030436882772134,1.1029856554662654,1.1029931147339662
2026-01-01 15:11:00,1.1030108242442325,1.1030346573967307,1.1029916275295981,1.1030259872831158
2026-01-01 15:12:00,1.103014992345895,1.1031891567413084,1.1029197595899687,1.1030633948356725
2026-01-01 15:13:00,1.1032717351895167,1.1033406184398797,1.103244999979515,1.103300012827637
2026-01-01 15:14:00,1.1032957647831072,1.103309210924931,1.1032056891696183,1.103285718497779
2026-01-01 15:15:00,1.1033531519811628,1.1034169232358964,1.1033257789298194,1.1033275717266444
2026-01-01 15:16:00,1.1033392466369392,1.10349854127324,1.1034152141890328,1.103418756203102
2026-01-01 15:17:00,1.1034458791712,1.103634091701971,1.1033940409597516,1.1034467475715755
2026-01-01 15:18:00,1.103350451742615,1.1034443715714206,1.1032774165547798,1.103379782529393
2026-01-01 15:19:00,1.1033764752878796,1.103518800503483,1.1033803273735183,1.1034088960283275
2026-01-01 15:20:00,1.1035765750217632,1.1036951691570023,1.103407407759899,1.1035699407908066
2026-01-01 15:21:00,1.1033884409022605,1.1034320934501611,1.1032797959928484,1.1034159634958949
2026-01-01 15:22:00,1.1035050158467592,1.103500321323802,1.1032666776451066,1.103435908947017
2026-01-01 15:23:00,1.1033902939185887,1.1033390897061586,1.1033049187076684,1.103330890824776
2026-01-01 15:24:00,1.103569239233812,1.1036853855286288,1.1035066106774059,1.1035101478191147
2026-01-01 15:25:00,1.1032569242736225,1.1033677426997366,1.1031729987022587,1.1032816697833971
2026-01-01 15:26:00,1.1031497065645606,1.1032650704400675,1.1031207045646387,1.1031978315063065
2026-01-01 15:27:00,1.1032585147840355,1.103271078869302,1.1032041223225624,1.1032544132875661
2026-01-01 15:28:00,1.103481724473637,1.1036073408824818,1.1033846723948635,1.1034892418919513
2026-01-01 15:29:00,1.1034489381946693,1.103519706809094,1.1034584875570532,1.1034793793527904
2026-01-01 15:30:00,1.103337312701453,1.1034927696128567,1.1033553978346058,1.1033960994237864
2026-01-01 15:31:00,1.1036761970857392,1.1037578793979745,1.103493194869959,1.1036782729842025
2026-01-01 15:32:00,1.1034408674266274,1.1034713626381922,1.103344473480572,1.10346107089914
2026-01-01 15:33:00,1.1031656673574988,1.103362654412247,1.1031209809539722,1.103131250005647
2026-01-01 15:34:00,1.1032305074757311,1.1033645963617174,1.1031724675449648,1.103197252173155
2026-01-01 15:35:00,1.1031769840297734,1.1031661187131399,1.1030149119846369,1.1031219440395021
2026-01-01 15:36:00,1.1029057943393386,1.1030914625766375,1.1029000763673873,1.1029687591169326
2026-01-01 15:37:00,1.103095065499412,1.1032330729781084,1.1030351798827391,1.1030750125840274
2026-01-01 15:38:00,1.1030752094057814,1.1032360392071285,1.1028623437259348,1.103111582691093
2026-01-01 15:39:00,1.1029659501859421,1.1032501207875853,1.1029609859352723,1.1030269708964826
2026-01-01 15:40:00,1.1028134951248345,1.1029670130722198,1.1027232311482718,1.102834925236682
2026-01-01 15:41:00,1.1030192290849308,1.1030429340154144,1.1028610163413102,1.102965793835924
2026-01-01 15:42:00,1.1030447080949393,1.1030634350070865,1.1029945338043285,1.1030633240126178
2026-01-01 15:43:00,1.1031267203660489,1.1032028910178757,1.103013731484809,1.1030484476330509
2026-01-01 15:44:00,1.1033528871082339,1.1033747315796432,1.103233665967403,1.103325443182458
2026-01-01 15:45:00,1.1031452259435601,1.1032482907879928,1.1030439138579726,1.103164930467509
2026-01-01 15:46:00,1.1029941041133158,1.1029962143471372,1.1028716088458381,1.1029361016918704
2026-01-01 15:47:00,1.1028545853199938,1.1029489071334138,1.1027529892317927,1.1028323154813882
2026-01-01 15:48:00,1.1027788496095126,1.1029921539196137,1.1027499314987954,1.1028254775789348
2026-01-01 15:49:00,1.1029549186281125,1.1030114541109783,1.1026386669046202,1.1028619784963334
2026-01-01 15:50:00,1.1028387670288091,1.1028394528272136,1.1027564973872017,1.1028257930876548
2026-01-01 15:51:00,1.1028795412067312,1.1028811399249292,1.1027759926530358,1.102878601397132
2026-01-01 15:52:00,1.102648093850008,1.1027625278323459,1.1026064914809153,1.1026908704835034
2026-01-01 15:53:00,1.1029664120874947,1.1029883946177115,1.1028758263919034,1.1029074351741144
2026-01-01 15:54:00,1.1029209762687238,1.1029482019287773,1.102828058181214,1.1028951124973556
2026-01-01 15:55:00,1.1030941687811084,1.1031485207791871,1.1030475671228996,1.1030627068720937
2026-01-01 15:56:00,1.1030887391068742,1.1031264293175858,1.102898756862756,1.1031141156740505
2026-01-01 15:57:00,1.103224333685519,1.1032428866837214,1.1031601866530854,1.1031826286569235
2026-01-01 15:58:00,1.1033136844286369,1.1033126587792612,1.1032331322158555,1.1032680937489583
2026-01-01 15:59:00,1.103301811121022,1.1035406319019696,1.1033219000910548,1.103335250032961
2026-01-01 16:00:00,1.103360808939957,1.1035129130239532,1.1031343278298118,1.103431658446941
2026-01-01 16:01:00,1.1036600999794277,1.1038415610694066,1.1035044676819519,1.1036310313264608
2026-01-01 16:02:00,1.1035818421544359,1.103663998296625,1.1035857004036311,1.103660509501916
2026-01-01 16:03:00,1.1037744608544462,1.1039044111545113,1.1037376941722354,1.1037668600655544
2026-01-01 16:04:00,1.103731037456172,1.10389020764646,1.103724465820847,1.1037533997114113
2026-01-01 16:05:00,1.1040303505542681,1.1039820074325681,1.1039523949145316,1.1039694172937287
2026-01-01 16:06:00,1.1038483162538815,1.103953070858258,1.1038044338947595,1.10386795844842
2026-01-01 16:07:00,1.1041934631619568,1.1042604851052107,1.1040354752758261,1.1041380995133565
2026-01-01 16:08:00,1.1041063653485417,1.1041658713761744,1.1040710523201904,1.1041320758207598
2026-01-01 16:09:00,1.1039674591056952,1.1039766836399234,1.1038699853449583,1.1039174595554422
2026-01-01 16:10:00,1.1040396922948705,1.1040342465554456,1.103898919744395,1.1039366752176787
2026-01-01 16:11:00,1.103781115112139,1.1038345930198028,1.1038163134259489,1.1038345174690574
2026-01-01 16:12:00,1.1039752157874922,1.1040291997832665,1.1037775396189227,1.1039606140014058
2026-01-01 16:13:00,1.104000159525306,1.1040780934618895,1.1038134008356615,1.1038627204045104
2026-01-01 16:14:00,1.1037991223308732,1.1038404910612292,1.1036989593032027,1.1037957928895281
2026-01-01 16:15:00,1.1035154511933978,1.1035762203624009,1.1034875312323127,1.1035123617798863
2026-01-01 16:16:00,1.1034839407793666,1.103609846795717,1.1033692674942917,1.103444515831999
2026-01-01 16:17:00,1.1030829879762094,1.1031432426677936,1.1030221230731123,1.1030809339330048
2026-01-01 16:18:00,1.1027579872097533,1.1028673342840667,1.1027344212847887,1.1028433485094817
2026-01-01 16:19:00,1.1030140250766454,1.1030060417072385,1.1029192073373317,1.1029574107079034
2026-01-01 16:20:00,1.1029751333110078,1.1031751248169888,1.1028410328979346,1.103075280731701
2026-01-01 16:21:00,1.103118259783412,1.1033014250350217,1.1031091321682351,1.1031390993659689
2026-01-01 16:22:00,1.1030544242319573,1.1031931899863412,1.1029534500290583,1.1029940529444995
2026-01-01 16:23:00,1.1029690691196459,1.1030261875921328,1.102933178259624,1.102986896241078
2026-01-01 16:24:00,1.1029516710355913,1.103145396217072,1.1028919343761894,1.1029863558602147
2026-01-01 16:25:00,1.102856564352094,1.102869515976703,1.1027930849521217,1.1028126011568358
2026-01-01 16:26:00,1.102995555162759,1.1031178222587232,1.1028715856787064,1.1030381109021008
2026-01-01 16:27:00,1.1031086039597076,1.1031738077205602,1.1031518445572308,1.1031697152456872
2026-01-01 16:28:00,1.1031502963189872,1.1031800647234493,1.1030740888373072,1.1031365706196126
2026-01-01 16:29:00,1.1031314573305413,1.1031800021635862,1.103060109238098,1.1031406034954618
2026-01-01 16:30:00,1.1031096772609443,1.1032256377356908,1.1031621263197646,1.1031718609166539
2026-01-01 16:31:00,1.1028974483133902,1.1028962396345978,1.1027877232555927,1.1028656006863904
2026-01-01 16:32:00,1.1028517484592912,1.1029283547565414,1.1027690567802961,1.1028285240790123
2026-01-01 16:33:00,1.1027082386909823,1.1027781057435577,1.1026839695999104,1.1027262264418125
2026-01-01 16:34:00,1.1025614168400222,1.1026623362645804,1.1024447345712947,1.1025759834403284
2026-01-01 16:35:00,1.102557338033496,1.1025509653281547,1.1025096774847585,1.1025338183963955
2026-01-01 16:36:00,1.1028629894464106,1.102918736185749,1.1027709462078374,1.102803471375423
2026-01-01 16:37:00,1.1028854581441074,1.1030213381839626,1.102781671488755,1.102899597804613
2026-01-01 16:38:00,1.1028466553807958,1.1028607159983586,1.1027348069557097,1.1028139209561454
2026-01-01 16:39:00,1.1029280683842033,1.1030168364439887,1.1028713288176843,1.102899808373349
2026-01-01 16:40:00,1.1031536770534722,1.1032211198246602,1.1029918937201035,1.1031097116888369
2026-01-01 16:41:00,1.103250372201211,1.1033114998246476,1.1032051217010217,1.1032484067412738
2026-01-01 16:42:00,1.1032117350210586,1.1033515573151194,1.1031462759795203,1.1032573512967618
2026-01-01 16:43:00,1.103137185822446,1.10321511036198,1.1030847922827256,1.103160310780106
2026-01-01 16:44:00,1.103282186950437,1.103286459308219,1.1031565965246621,1.1032650442771479
2026-01-01 16:45:00,1.1034149903038801,1.1034077825335942,1.1033028781318412,1.1033240670849611
2026-01-01 16:46:00,1.1034341450868057,1.103490461971836,1.1034116841711479,1.1034583460679654
2026-01-01 16:47:00,1.103593861210394,1.1037121844088946,1.1034799317029944,1.1035536218382176
2026-01-01 16:48:00,1.1036946519229818,1.103825061530165,1.1037054650988543,1.1037110547455156
2026-01-01 16:49:00,1.1036362929015757,1.1037144784771429,1.1036229103841846,1.1036307694637815
2026-01-01 16:50:00,1.1039041484110899,1.1038342506163372,1.103807710810773,1.1038283785736267
2026-01-01 16:51:00,1.1038962331434015,1.1039026721650247,1.1038450887686269,1.1038580185143305
2026-01-01 16:52:00,1.1041072426815872,1.1041892686870647,1.1041559448722518,1.1041693076452244
2026-01-01 16:53:00,1.1040373057213202,1.1041753474272629,1.1039882600672135,1.1040659294725108
2026-01-01 16:54:00,1.1043891351102078,1.104374224357325,1.1042321621416304,1.1043263240429857
2026-01-01 16:55:00,1.1043631045626365,1.1044421416184746,1.1043483588542806,1.104356010660505
2026-01-01 16:56:00,1.104200855953982,1.104476154177362,1.1042408535665345,1.1042582979599629
2026-01-01 16:57:00,1.104144767462606,1.1042051484311886,1.1041109721595297,1.1041857150848546
2026-01-01 16:58:00,1.104172837664761,1.1041523970112876,1.1040044716775863,1.1041376629886255
2026-01-01 16:59:00,1.1042510083946466,1.1042976804228914,1.1040704914613308,1.1042012878805858
2026-01-01 17:00:00,1.1042806059688652,1.1043046582983842,1.104224249332978,1.1042797132037911
2026-01-01 17:01:00,1.1043174238932472,1.1042335810224944,1.1040312664189433,1.1041936582032004
2026-01-01 17:02:00,1.104231212632534,1.1044392234142213,1.1041136907842901,1.1041900050143612
2026-01-01 17:03:00,1.1044991715146713,1.1045388577109785,1.1044190974511296,1.104511345568153
2026-01-01 17:04:00,1.1047296917412632,1.10480225313307,1.104758039431438,1.1047704770436682
2026-01-01 17:05:00,1.1047871813788872,1.1048475834453204,1.104676114504544,1.1048359255941191
2026-01-01 17:06:00,1.1048583971818684,1.1049487777094025,1.1048199541516321,1.1048416261158445
2026-01-01 17:07:00,1.1048351919626065,1.1050102842178713,1.1047179484620573,1.1048596308148522
2026-01-01 17:08:00,1.105035345698461,1.1051482140999094,1.1049151416106568,1.1049516585107617
2026-01-01 17:09:00,1.104871555216128,1.1048569511530442,1.1047737498958108,1.1047982396259821
2026-01-01 17:10:00,1.1047912864727434,1.1049230254412745,1.1046993034604908,1.1047596331453686
2026-01-01 17:11:00,1.104450395725639,1.1045518286690394,1.104451989650599,1.104509345534287
2026-01-01 17:12:00,1.10453561805905,1.1046194789722905,1.1044024624760584,1.1045692290026776
2026-01-01 17:13:00,1.10472909226992,1.1047553832799881,1.1045672517108887,1.104666308393633
2026-01-01 17:14:00,1.1045656771142984,1.1047365130819662,1.1045060182539277,1.1045938304242882
2026-01-01 17:15:00,1.1048860355254777,1.1048368621549531,1.10473143382627,1.1048299284387817
2026-01-01 17:16:00,1.104669793785483,1.1047323179377928,1.1046346811121006,1.1046460635893314
2026-01-01 17:17:00,1.1044289932515405,1.1045959047011515,1.1043831100644954,1.1044264073572998
2026-01-01 17:18:00,1.1044249334894372,1.1045420983699146,1.1044436827237245,1.104460075130084
2026-01-01 17:19:00,1.1046124276832994,1.1046988704958494,1.1045428739588983,1.1046171398754756
2026-01-01 17:20:00,1.1048792114269381,1.10496513753941,1.1048191201000752,1.1048697290291944
2026-01-01 17:21:00,1.104852523334679,1.104922744411251,1.1046875921550263,1.104800896389764
2026-01-01 17:22:00,1.104918411734747,1.1051828999072446,1.1049402305246157,1.1049626985147787
2026-01-01 17:23:00,1.1049437814022274,1.1049925314492155,1.1048494201229024,1.1049569222443536
2026-01-01 17:24:00,1.104933269305959,1.1049419853073703,1.1049306018555982,1.1049310281493625
2026-01-01 17:25:00,1.1050967110578698,1.1051052209833103,1.1049776357145096,1.1050635771399855
2026-01-01 17:26:00,1.1051160023548714,1.1051616232562231,1.1050158854379748,1.1051614255717475
2026-01-01 17:27:00,1.1048591382585555,1.1050782540837636,1.1048661648962963,1.1049249667482
2026-01-01 17:28:00,1.1051801460582442,1.1052809492490518,1.1051277904753531,1.1051464478006587
2026-01-01 17:29:00,1.1052775640480335,1.1054395664709973,1.1051363422176745,1.1053534615037808
2026-01-01 17:30:00,1.1053238760842925,1.1053973451922048,1.1051151927573564,1.1052596270985544
2026-01-01 17:31:00,1.1053112013236959,1.1054210012792602,1.1051517571759888,1.10531899762857
2026-01-01 17:32:00,1.1053157256023987,1.105429415321194,1.1053543873249063,1.1053931021565124
2026-01-01 17:33:00,1.105408182210416,1.1055176434214982,1.1054321472221522,1.1054322032213861
2026-01-01 17:34:00,1.1053686136299627,1.1053837790325585,1.1052670121372234,1.1053496574483093
2026-01-01 17:35:00,1.1052222788887407,1.1053989414040186,1.1051744160663701,1.1052489139431185
2026-01-01 17:36:00,1.105246082319911,1.1052525317918525,1.1051611199952658,1.1052450808324699
2026-01-01 17:37:00,1.105457994103644,1.105523553396746,1.1053533831138294,1.1054209901853587
2026-01-01 17:38:00,1.1054924206917787,1.1057667313995971,1.1054453373539281,1.105502530208548
2026-01-01 17:39:00,1.1054000851749115,1.1055067479742395,1.1053654056420539,1.1054469380587348
2026-01-01 17:40:00,1.1055477436654635,1.1055676256819116,1.1054445727480173,1.1055626928653322
2026-01-01 17:41:00,1.1052061534790605,1.1052076561707598,1.1050731500822417,1.1051354114722376
2026-01-01 17:42:00,1.1053919795445601,1.1053442544131138,1.1051288250882434,1.1053077263272935
2026-01-01 17:43:00,1.1049457729517798,1.1052855660310292,1.1049460574781356,1.1050467692604768
2026-01-01 17:44:00,1.105046954514726,1.105010410223036,1.1048653001093234,1.1049924031192664
2026-01-01 17:45:00,1.104836960020874,1.1048517459670948,1.104791745291986,1.1048244526350723
2026-01-01 17:46:00,1.1046764495476702,1.1047138193142163,1.1046004554772328,1.1046302504137142
2026-01-01 17:47:00,1.1047768500188075,1.1049140964509816,1.1047590522415927,1.104804374431821
2026-01-01 17:48:00,1.1046458060761493,1.104820937992907,1.1045867710508865,1.1047342192516243
2026-01-01 17:49:00,1.1048154192733164,1.1048359302710253,1.1047453337591275,1.104786194833884
2026-01-01 17:50:00,1.1047321078839878,1.1048368018815642,1.1047094025528044,1.104779156747052
2026-01-01 17:51:00,1.1047812982495613,1.1050015684679568,1.1046888306139369,1.1048507128711356
2026-01-01 17:52:00,1.1047963160856706,1.1048807332123016,1.104750723528528,1.1048622361547944
2026-01-01 17:53:00,1.1046998330102868,1.1047150629563738,1.104662465376135,1.1046697873211662
2026-01-01 17:54:00,1.1048261999673847,1.1049899603250393,1.1047536945917633,1.1048192273440833
2026-01-01 17:55:00,1.1047842871577027,1.104822245736882,1.10472566708601,1.104745163856609
2026-01-01 17:56:00,1.104545130334535,1.1046395118346903,1.1044563841701864,1.1045116765718102
2026-01-01 17:57:00,1.104426412619436,1.1045370020937577,1.1043416446545358,1.1044474592976652
2026-01-01 17:58:00,1.1046690495875664,1.1048062301162918,1.104554870103115,1.1046725732662603
2026-01-01 17:59:00,1.1047745346511384,1.1049337722633534,1.1046438710766402,1.1048001065275774
2026-01-01 18:00:00,1.104737292318773,1.1049026726369187,1.104658909932498,1.1047478087074163
2026-01-01 18:01:00,1.1046470573148695,1.1047274417095634,1.1045223682565857,1.1046954200517685
2026-01-01 18:02:00,1.1046666990087795,1.1047693042886544,1.1045931797040103,1.1046471747940858
2026-01-01 18:03:00,1.105012443029069,1.1049720828296778,1.1049156878507584,1.10495868699162
2026-01-01 18:04:00,1.1049751466579638,1.1050254884742248,1.1048836432172058,1.1050159773094548
2026-01-01 18:05:00,1.1051445470388035,1.1051137873184387,1.1050771767563972,1.1050804835565333
2026-01-01 18:06:00,1.1052407021494621,1.105266065173776,1.105212941897609,1.1052350260746382
2026-01-01 18:07:00,1.1052828983973124,1.1054256246041232,1.1052665620105846,1.1052708444484922
2026-01-01 18:08:00,1.1051470166506387,1.1052584136029797,1.1049372977046907,1.105231988126619
2026-01-01 18:09:00,1.105112172533778,1.1052065690402777,1.1050420621480268,1.1052025356492563
2026-01-01 18:10:00,1.1051990012784831,1.1052663315327518,1.1051426950657484,1.105191795460344
2026-01-01 18:11:00,1.1052256987310993,1.1051955644745115,1.1051532298187807,1.1051862121248677
2026-01-01 18:12:00,1.105261787534231,1.1053116269265701,1.1052891789501862,1.1052953565564132
2026-01-01 18:13:00,1.1053866531343135,1.105390267742285,1.1052868056572458,1.1053031484392843
2026-01-01 18:14:00,1.1054497912495795,1.1054202597745488,1.1053533165572822,1.1054130444508667
2026-01-01 18:15:00,1.105355519901265,1.105474760686932,1.1053392790286196,1.1054009369638504
2026-01-01 18:16:00,1.1054142746757505,1.1055270661415062,1.105282022407958,1.1054127322423979
2026-01-01 18:17:00,1.1052368485964041,1.105121749515086,1.105094395296471,1.105113002139718
2026-01-01 18:18:00,1.1051883230907833,1.1052737555860763,1.1051942939438661,1.1052504512909234
2026-01-01 18:19:00,1.1053288380592536,1.1053742310406698,1.1052825576489258,1.105302424562308
2026-01-01 18:20:00,1.105435988851151,1.1055109117092778,1.1054150392995399,1.105452126078787
2026-01-01 18:21:00,1.105053032586604,1.1050407488569345,1.1049185543328344,1.1050176877720579
2026-01-01 18:22:00,1.105394307660091,1.1054442860796043,1.1052343613006854,1.105330943977775
2026-01-01 18:23:00,1.1052906936791163,1.105344997905077,1.1052863338214491,1.1053100055335519
2026-01-01 18:24:00,1.1055321785696477,1.1055657683934283,1.1054083779906003,1.1054762329560623
2026-01-01 18:25:00,1.1054313072367072,1.1054265324362968,1.1051327605014434,1.1053202470669936
2026-01-01 18:26:00,1.10541547688962,1.1056459459272918,1.105359961089242,1.105412163152753
2026-01-01 18:27:00,1.1052933952526516,1.105340226498447,1.1051998306682393,1.105254150818277
2026-01-01 18:28:00,1.1051310634356624,1.10521400626041,1.105141304865442,1.1051605854741726
2026-01-01 18:29:00,1.1054486531427041,1.1055203643677407,1.105313738384896,1.1054476901772525
2026-01-01 18:30:00,1.1054102540625028,1.105523183234518,1.1053339260931194,1.1054190878171382
2026-01-01 18:31:00,1.105491549544398,1.1055782285890234,1.105355090215562,1.105451702748115
2026-01-01 18:32:00,1.1056424467045063,1.105630271583561,1.1055789265703204,1.1055822129077184
2026-01-01 18:33:00,1.1056510824484584,1.1057438640876032,1.1056182873507434,1.1056565651909143
2026-01-01 18:34:00,1.1057558091689723,1.1056998264855955,1.1056674791914227,1.1056791280266858
2026-01-01 18:35:00,1.105810374549134,1.1058369747045704,1.1056849509945894,1.1057338721770558
2026-01-01 18:36:00,1.1061367272020004,1.106176619561931,1.106050335065225,1.1060943845148414
2026-01-01 18:37:00,1.1060599403687001,1.1061694397307302,1.1060782389952466,1.1060857416952863
2026-01-01 18:38:00,1.1060853151114567,1.1061711029782269,1.1060066106412039,1.1061159065522936
2026-01-01 18:39:00,1.1062328856439603,1.106307914514521,1.106176458448004,1.1062735047116947
2026-01-01 18:40:00,1.1064867919051504,1.1064507808388184,1.1063979963987254,1.1064393336016385
2026-01-01 18:41:00,1.1065567997370982,1.1066321637382126,1.1066119269691816,1.1066173881474726
2026-01-01 18:42:00,1.1067470395634824,1.1067893801479427,1.106647465571265,1.106713197680777
2026-01-01 18:43:00,1.1064876914764763,1.1065627836552214,1.1065103202016873,1.1065417469438674
2026-01-01 18:44:00,1.1068279389797047,1.106939795130148,1.106680681666532,1.1067867616737126
2026-01-01 18:45:00,1.1066156708438961,1.106692619343343,1.1065248537270858,1.1066148098647597
2026-01-01 18:46:00,1.1067268871126386,1.106777386198873,1.1065583797944039,1.1066602051845456
2026-01-01 18:47:00,1.1066041365359587,1.1066968735703915,1.1064384674899685,1.1065470638070427
2026-01-01 18:48:00,1.1066091963256537,1.1066190585539564,1.1064673181006133,1.1065374430550536
2026-01-01 18:49:00,1.1066597983525137,1.1067322628771084,1.1064891435475925,1.1065867574165993
2026-01-01 18:50:00,1.106642142540616,1.1066651570889339,1.1064773300992397,1.1066349609989168
2026-01-01 18:51:00,1.106640309458731,1.1067529898643287,1.1066587733731412,1.106698249112052
2026-01-01 18:52:00,1.106887679649661,1.1071271661243272,1.1069040514933015,1.1069403058024108
2026-01-01 18:53:00,1.1069039935211722,1.1070118167016878,1.1068920711417694,1.107008335947638
2026-01-01 18:54:00,1.106917529160673,1.1070519323931478,1.106953678583278,1.1069717124523444
2026-01-01 18:55:00,1.1071197667104729,1.1072310414786888,1.1069820045885292,1.1071163255275875
2026-01-01 18:56:00,1.1072667633918851,1.1074037365968354,1.1071988106048616,1.1072947461009264
2026-01-01 18:57:00,1.1071015981484351,1.1071677233260642,1.106992405376466,1.1071106049286557
2026-01-01 18:58:00,1.1072248507101063,1.1072045978190794,1.1071464205425001,1.1072002149391333
2026-01-01 18:59:00,1.1072901875875767,1.1074009711249913,1.1072871006937375,1.10730539085048
2026-01-01 19:00:00,1.1072046648849552,1.107309182160169,1.1071442121723538,1.107260756324976
2026-01-01 19:01:00,1.1074644506635944,1.1074717052298466,1.1073200461479074,1.1074671123469726
2026-01-01 19:02:00,1.107399679484579,1.1074462608498998,1.1073120758717223,1.1074446040089176
2026-01-01 19:03:00,1.1074499011520895,1.1075317729280902,1.1073288301345523,1.1074634404769386
2026-01-01 19:04:00,1.1075046185515172,1.1074965541368471,1.1073189634001521,1.107437479703296
2026-01-01 19:05:00,1.1074262912952284,1.1074618279335586,1.107349986305464,1.107439816560433
2026-01-01 19:06:00,1.107363923175066,1.1072817402035484,1.1072059986366491,1.1072753752973987
2026-01-01 19:07:00,1.1071309494643566,1.107096545566162,1.1070251225770922,1.1070593676650098
2026-01-01 19:08:00,1.1072695781590645,1.1074463046651855,1.1071708063111385,1.1072985434244935
2026-01-01 19:09:00,1.1071159430339248,1.1071972593079855,1.1070804085187422,1.1071714992222457
2026-01-01 19:10:00,1.1070201626617313,1.1072120095459106,1.1070153918916736,1.1070227903698273
2026-01-01 19:11:00,1.1067574482409566,1.1067881537668558,1.106658849831328,1.1066997818527866
2026-01-01 19:12:00,1.1065794280453218,1.1066812405615936,1.1064815631059677,1.1066039375906334
2026-01-01 19:13:00,1.1064508786365352,1.1064925468987865,1.106157723509759,1.106405474121622
2026-01-01 19:14:00,1.1067121983950994,1.1067242355735147,1.1065479223099388,1.1066517763956425
2026-01-01 19:15:00,1.106764547676526,1.1068480975044637,1.1066919691394828,1.106803248959044
2026-01-01 19:16:00,1.1066662238528528,1.106715880176509,1.1066597430644198,1.1067000264072673
2026-01-01 19:17:00,1.1070735248796753,1.107129693684233,1.1070209588923574,1.107037891778069
2026-01-01 19:18:00,1.1071927489785998,1.1071943942802818,1.1071196011652888,1.1071851566011177
2026-01-01 19:19:00,1.1071021288172642,1.1072928941063251,1.1069558650057798,1.1071364318935915
2026-01-01 19:20:00,1.1067439120139544,1.106775863693046,1.1066290205708658,1.1067615210363604
2026-01-01 19:21:00,1.1071016364446127,1.1071923148608578,1.1070079289218673,1.107105162422249
2026-01-01 19:22:00,1.1068184838309867,1.1070218464658979,1.1067024694950907,1.1068967265522345
2026-01-01 19:23:00,1.106688198895515,1.1068031685678739,1.1064139553142809,1.1066499167401909
2026-01-01 19:24:00,1.1067793676955453,1.1069612460941618,1.1065764031438263,1.1068033023049924
2026-01-01 19:25:00,1.1070300793547534,1.1072304411298937,1.1071504198063002,1.1071692651659433
2026-01-01 19:26:00,1.1073757125403043,1.107490500873314,1.1072498572641616,1.1073769060887197
2026-01-01 19:27:00,1.107424413893783,1.1074768922232474,1.1073651698033382,1.1074614924567276
2026-01-01 19:28:00,1.1076351467175924,1.1075669010896716,1.1075399072393761,1.1075507056079774
2026-01-01 19:29:00,1.1076494456907486,1.1077225592117443,1.107667419829484,1.1076787179417946
2026-01-01 19:30:00,1.1077376750620835,1.1078809571159371,1.107703111345952,1.1077925572302625
2026-01-01 19:31:00,1.107860132577356,1.1078479856582073,1.1078012984691705,1.1078347359438578
2026-01-01 19:32:00,1.1078173437410503,1.1078885150509332,1.1077317846183492,1.1078503661094508
2026-01-01 19:33:00,1.107802004330203,1.1079730264846062,1.1078085029467575,1.1078409771402657
2026-01-01 19:34:00,1.1077533575210772,1.1077616306594085,1.1076617671590698,1.1077278824519359
2026-01-01 19:35:00,1.1076337578250113,1.1077121119710935,1.1076347559681652,1.1076857811904057
2026-01-01 19:36:00,1.1073589739853664,1.1074475401511208,1.1074056360108404,1.1074318376682764
2026-01-01 19:37:00,1.107503386624362,1.1075381028185987,1.1073237444288095,1.1074170867242572
2026-01-01 19:38:00,1.1072977729950646,1.1074279380949608,1.1072326263594028,1.1072687980581846
2026-01-01 19:39:00,1.1070900491963527,1.107190931079241,1.1070853926830804,1.1071032596606023
2026-01-01 19:40:00,1.1071300699227902,1.1072266593716924,1.1067926858732575,1.1071302437832753
2026-01-01 19:41:00,1.1073643373441329,1.1073695885964712,1.1072940791068426,1.107339044126227
2026-01-01 19:42:00,1.107525458489608,1.1076497099060776,1.1074004013262697,1.1074767916171273
2026-01-01 19:43:00,1.1072034177620182,1.107436508264833,1.1072021770798721,1.107241216526584
2026-01-01 19:44:00,1.1071110796323966,1.107098882056899,1.1070461495669266,1.1070927723060984
2026-01-01 19:45:00,1.107208552775486,1.1073087679638984,1.107129742689119,1.1072338879842964
2026-01-01 19:46:00,1.1070770658130402,1.107128195032714,1.1069861782859929,1.1070865148752658
2026-01-01 19:47:00,1.1070608545461396,1.1071695319815666,1.1069979735754123,1.1070528199027663
2026-01-01 19:48:00,1.1071349937889672,1.1071376327732285,1.1070527862578377,1.10713532771762
2026-01-01 19:49:00,1.1070268543943054,1.1071179335661843,1.1068174546531944,1.1069900760493903
2026-01-01 19:50:00,1.107030236703268,1.107114182369164,1.1069898373709857,1.1070058823753122
2026-01-01 19:51:00,1.106730370090606,1.1069134166698147,1.1067777674502994,1.1068057785510745
2026-01-01 19:52:00,1.1066476822441285,1.1067829524150476,1.1066875162338219,1.1067155734044818
2026-01-01 19:53:00,1.1067450548603652,1.1068592944109312,1.1067019379402314,1.1067635406946033
2026-01-01 19:54:00,1.1066160228976956,1.1067958528909545,1.1064899812073954,1.1065245916345734
2026-01-01 19:55:00,1.1065480832536425,1.106605608414584,1.106505698366997,1.1065906628452675
2026-01-01 19:56:00,1.106577306039948,1.1067308002955911,1.1063964320400939,1.1065877171754286
2026-01-01 19:57:00,1.1066437733672434,1.1067182460487346,1.1064928611917881,1.1066705906685912
2026-01-01 19:58:00,1.1066764755694964,1.1067340597976036,1.106655793676198,1.1067041777887008
2026-01-01 19:59:00,1.1069177108403923,1.1069446232909876,1.106904565663631,1.106908798853197
2026-01-01 20:00:00,1.1069976213924038,1.1069828086538054,1.1068368991139568,1.106927582528594
2026-01-01 20:01:00,1.1068859701174194,1.1069728860623882,1.1067179882229086,1.1068631716974253
2026-01-01 20:02:00,1.1068413397748087,1.1071107074495619,1.106815046232365,1.10688151632288
2026-01-01 20:03:00,1.1071006725027757,1.1071497572276516,1.1069509034839964,1.1069630110272355
2026-01-01 20:04:00,1.1069742686988324,1.10708654661981,1.1068337840007412,1.1069703400377844
2026-01-01 20:05:00,1.1069475677436458,1.1071346404665954,1.1069717791333522,1.106976428791465
2026-01-01 20:06:00,1.1069417348570278,1.1069110765873413,1.1068261245711755,1.106871130038294
2026-01-01 20:07:00,1.1067482413697642,1.1067846136479946,1.1067127370010679,1.1067716949006614
2026-01-01 20:08:00,1.1066444497926409,1.106567631505881,1.1065126199029947,1.1065613041098914
2026-01-01 20:09:00,1.106780208481821,1.1068897154854949,1.106656016662072,1.1068237406213695
2026-01-01 20:10:00,1.106708662655507,1.1067355463704214,1.1065376084668934,1.1066371611360608
2026-01-01 20:11:00,1.1065432777396054,1.106545814009449,1.1065250797576136,1.1065332253563913
2026-01-01 20:12:00,1.1064900168781913,1.106473119408878,1.1063579151818295,1.106425464266556
2026-01-01 20:13:00,1.1066547912085327,1.1066901618674776,1.1065019512276368,1.1065597029230976
2026-01-01 20:14:00,1.1064588301068279,1.1066048199727259,1.106464801704184,1.1065154604713539
2026-01-01 20:15:00,1.1067664103732928,1.106866759793815,1.106591426446169,1.1067026217822549
2026-01-01 20:16:00,1.106531152993397,1.10660282054346,1.1064911504182346,1.1066015981886184
2026-01-01 20:17:00,1.1065910880951895,1.1067631138721803,1.1066307314532644,1.1066434473129518
2026-01-01 20:18:00,1.1064779747819733,1.1065447013062146,1.106453957348815,1.1065181452549628
2026-01-01 20:19:00,1.106865099455938,1.10697692780949,1.1068016081320131,1.106839917624129
2026-01-01 20:20:00,1.1066634286551211,1.1067817078185667,1.106569470621643,1.1066617778612744
2026-01-01 20:21:00,1.1066998941636004,1.1067114786572188,1.106681301592238,1.1067082509678086
2026-01-01 20:22:00,1.1068106292638995,1.1068120259725627,1.1067956896847744,1.1068033174999483
2026-01-01 20:23:00,1.106894951844031,1.1070533748195084,1.1066992292656483,1.1068653873645662
2026-01-01 20:24:00,1.1068710066219316,1.1068896698277704,1.1067515609597929,1.1068375942157345
2026-01-01 20:25:00,1.1068728294525552,1.106850901756762,1.106541388568514,1.1068181211107744
2026-01-01 20:26:00,1.1069156945722096,1.1069672946432834,1.1065532111376226,1.1068246928315713
2026-01-01 20:27:00,1.106801574412705,1.1068420298531436,1.1066524546179475,1.106802642531327
2026-01-01 20:28:00,1.1069211699507397,1.1070301567761045,1.1069211235264291,1.1069472243988463
2026-01-01 20:29:00,1.1073094796555443,1.1073419680015364,1.1072778602130287,1.107278802849085
2026-01-01 20:30:00,1.1071379663405205,1.1072242993568475,1.107164881893975,1.1071951790813337
2026-01-01 20:31:00,1.1069557734277913,1.1070260659638884,1.106930792595598,1.106989708634397
2026-01-01 20:32:00,1.1070264353744639,1.1069948695670642,1.1069572044123854,1.1069764663271442
2026-01-01 20:33:00,1.1073572163090515,1.1076122049335486,1.1073490227300222,1.1073634227277924
2026-01-01 20:34:00,1.1071824619196788,1.1072650496829683,1.1072334442708738,1.1072428715425968
2026-01-01 20:35:00,1.1074142489101453,1.1075856759936544,1.1074705929570656,1.1074887390634136
2026-01-01 20:36:00,1.1077428300194947,1.1078035344410817,1.1076090414056896,1.107740394185525
2026-01-01 20:37:00,1.1077144507761172,1.1076626085860903,1.1076533989768556,1.1076573559492688
2026-01-01 20:38:00,1.1077991307000232,1.107818298481816,1.107726358636485,1.1077427034111467
2026-01-01 20:39:00,1.1079925069297607,1.1080230070722452,1.1079740779424803,1.107986962904616
2026-01-01 20:40:00,1.1080305392144225,1.1079517460632213,1.107908510667924,1.1079300937434677
2026-01-01 20:41:00,1.1078943156711554,1.1079934808435208,1.1077857709118555,1.1078995566894525
2026-01-01 20:42:00,1.1078053761711901,1.1079455596991266,1.107776939296872,1.10781230455236
2026-01-01 20:43:00,1.1075317192472691,1.1077529842441094,1.1076373584520738,1.107660091042756
2026-01-01 20:44:00,1.1075403312635381,1.107623190087389,1.1074329696576035,1.1075626994109962
2026-01-01 20:45:00,1.1074217091227272,1.1074288872019236,1.1073711707569798,1.1073791083709819
2026-01-01 20:46:00,1.1074624189580637,1.107437962091503,1.107362774564474,1.1073842208912208
2026-01-01 20:47:00,1.1072272131748786,1.1073329550300632,1.1072590864429306,1.107268724906562
2026-01-01 20:48:00,1.1073269054097954,1.1074732183829301,1.1071800558139744,1.1073037927933307
2026-01-01 20:49:00,1.1071227523980163,1.1071710691005032,1.1070446359902415,1.1070704084464
2026-01-01 20:50:00,1.107120600888892,1.107177010377525,1.1069917050235034,1.1071200404812322
2026-01-01 20:51:00,1.1071309058025973,1.1072808526188178,1.107234711036009,1.1072450698254737
2026-01-01 20:52:00,1.1069583739790667,1.107209797654314,1.1068600635067432,1.106946009479088
2026-01-01 20:53:00,1.107040189495768,1.1070323053026372,1.1069341806475077,1.107002117964565
2026-01-01 20:54:00,1.107138897168685,1.1072249005609807,1.1071558015300604,1.107186268313436
2026-01-01 20:55:00,1.1069921144340886,1.107225351597908,1.1069427720707223,1.1070048221606323
2026-01-01 20:56:00,1.1071979332165516,1.1073946844320526,1.1069827675801656,1.107255708018658
2026-01-01 20:57:00,1.1071900534926338,1.1074530818371437,1.1073180403438734,1.1073185608700629
2026-01-01 20:58:00,1.1072641593122885,1.107313152982049,1.1071668485618233,1.107212809091699
2026-01-01 20:59:00,1.1072042563033604,1.1072375789599593,1.1070981178613974,1.1072044437300506
2026-01-01 21:00:00,1.107368076516764,1.1074298339460986,1.1072328686667448,1.1072881927669287
2026-01-01 21:01:00,1.107342459685236,1.1073769175743073,1.1072422232612114,1.1072995935756407
2026-01-01 21:02:00,1.1073626964864243,1.1073961907254914,1.1073756083950224,1.1073804069745075
2026-01-01 21:03:00,1.1072381469025403,1.1072731351419096,1.107105573289417,1.1072423059355456
2026-01-01 21:04:00,1.1072960189286896,1.107327748628438,1.1072360826811252,1.107267710059151
2026-01-01 21:05:00,1.1071039970554533,1.107069618253572,1.1069190314060948,1.1070556528846154
2026-01-01 21:06:00,1.1070551025069502,1.107046302649891,1.1070108761257182,1.107038968975413
2026-01-01 21:07:00,1.1069586624864576,1.1070002598187614,1.1068224839682703,1.1069033828291932
2026-01-01 21:08:00,1.106778219900971,1.1068897711500487,1.1066835970923434,1.1067930533378048
2026-01-01 21:09:00,1.106928610136747,1.1070278650523069,1.106854818362868,1.1069784673140863
2026-01-01 21:10:00,1.1071389233694975,1.10717839858793,1.1069551499628933,1.1071421638321755
2026-01-01 21:11:00,1.1072437937948483,1.1073077167797505,1.1071836143504838,1.1072335345503115
2026-01-01 21:12:00,1.1070096108658738,1.107078884482231,1.1069978392370947,1.1070696876356108
2026-01-01 21:13:00,1.106955390263949,1.1071304178050276,1.106943879803324,1.1070222263681564
2026-01-01 21:14:00,1.107226560337977,1.1072445198023444,1.1071333644011876,1.1072041910231534
2026-01-01 21:15:00,1.1072051307176307,1.1072339012585777,1.1071478810302378,1.1072254485601993
2026-01-01 21:16:00,1.1075650559459136,1.1076643695695632,1.1073844197457716,1.1075733479911967
2026-01-01 21:17:00,1.1076143610338207,1.1076506984843215,1.1076312086762259,1.1076323456671058
2026-01-01 21:18:00,1.1077371830796674,1.1077820729057033,1.1076185373786147,1.1076611530345792
2026-01-01 21:19:00,1.1076778736229687,1.1076204597332786,1.1075167467398006,1.107614785564949
2026-01-01 21:20:00,1.1075729490161643,1.1076461623046718,1.1074212845882687,1.1076348167006662
2026-01-01 21:21:00,1.1075853065645551,1.1076305299880995,1.1075782917330883,1.1076119462252092
2026-01-01 21:22:00,1.107760662740111,1.107810149678308,1.1076873409338965,1.1077181625267125
2026-01-01 21:23:00,1.1078917646860869,1.1079635601982407,1.1078269928851308,1.1078616678742317
2026-01-01 21:24:00,1.107741696557039,1.1078031905423937,1.1076792798692912,1.1077437694551555
2026-01-01 21:25:00,1.1074872045018735,1.1076056988579268,1.107471140807237,1.1075440845121218
2026-01-01 21:26:00,1.1072345267038486,1.1073726735772518,1.1072162832778674,1.1072686537061562
2026-01-01 21:27:00,1.1073190140268159,1.1074147339722213,1.1072082728123882,1.1073448524051932
2026-01-01 21:28:00,1.107193197130823,1.107324229425101,1.1071008156222408,1.107179347414267
2026-01-01 21:29:00,1.1069416001830592,1.1068879220181151,1.1066615175141796,1.1068564138253243
2026-01-01 21:30:00,1.1068803566042644,1.1069388436724763,1.1068411351016396,1.1069147006160038
2026-01-01 21:31:00,1.107237348781241,1.1074353287993086,1.107196060125946,1.1072886505436188
2026-01-01 21:32:00,1.1072823105830463,1.107338295692209,1.107170019028146,1.1072877399068877
2026-01-01 21:33:00,1.1074651004720812,1.1074571370935358,1.1072301000666194,1.1074135135230556
2026-01-01 21:34:00,1.1073534437784995,1.107544879577435,1.1072486456716932,1.1074257879268377
2026-01-01 21:35:00,1.1074836361864029,1.107478827285787,1.1072879661673305,1.107410954478859
2026-01-01 21:36:00,1.1075402143832014,1.1076417295853582,1.1074684435852178,1.1075488159513072
2026-01-01 21:37:00,1.1074685587695632,1.1076186767882723,1.1074583017900297,1.1075052747696787
2026-01-01 21:38:00,1.1074653741524516,1.1075800607744664,1.1075153266777311,1.1075453836167897
2026-01-01 21:39:00,1.10762896432639,1.1076522175600638,1.1075489405324384,1.107593638287719
2026-01-01 21:40:00,1.1074848661599106,1.1075155846891112,1.1074714938283594,1.1074934247196726
2026-01-01 21:41:00,1.1076507663462407,1.1077863292355554,1.1076387015330285,1.107642231072103
2026-01-01 21:42:00,1.1075709465215482,1.1077118687392453,1.1075437036290807,1.1076159871085987
2026-01-01 21:43:00,1.1074866705329625,1.1076153939641267,1.107285070456976,1.107502625334675
2026-01-01 21:44:00,1.1075587727488927,1.1077778360586243,1.1074838149406725,1.1075831018112103
2026-01-01 21:45:00,1.1074433019586727,1.1075461773945083,1.1073934077486103,1.1074483316139416
2026-01-01 21:46:00,1.1074190811712281,1.1075336116505292,1.1074278508438662,1.107452558787547
2026-01-01 21:47:00,1.1073744818900162,1.1075368884917487,1.1073382241921195,1.1074511909380504
2026-01-01 21:48:00,1.10775050026019,1.1076209199221918,1.1075649946262756,1.107614075272925
2026-01-01 21:49:00,1.1076171097954903,1.1076881575642652,1.1075721812690087,1.1076852800078572
2026-01-01 21:50:00,1.1076905989143924,1.1077000357289875,1.1076689440288905,1.1076815259640453
2026-01-01 21:51:00,1.1077155895175044,1.107925403829349,1.1076968817760893,1.1078041909089256
2026-01-01 21:52:00,1.1079128696694471,1.1081366808425306,1.1079278315756411,1.108012722041278
2026-01-01 21:53:00,1.1081012849118235,1.1081571776211043,1.1079655251741318,1.1080963935872308
2026-01-01 21:54:00,1.1081066648595959,1.1082080794966964,1.1080825964106504,1.1080979464802074
2026-01-01 21:55:00,1.1079642459948948,1.1079728050534088,1.1078145262683596,1.1079011710453548
2026-01-01 21:56:00,1.1077613813379443,1.107973873887326,1.107650725569226,1.1077414039958935
2026-01-01 21:57:00,1.107688129754303,1.107748514966513,1.107655035263571,1.1076956202902404
2026-01-01 21:58:00,1.1075567134477131,1.1076999239421756,1.107597208273098,1.1076041934599163
2026-01-01 21:59:00,1.1076510983678802,1.1075867568280027,1.1074963992147342,1.1075761477644686
2026-01-01 22:00:00,1.1076310878155058,1.1077079858608385,1.1075465932226716,1.1075846452532032
2026-01-01 22:01:00,1.1076017826924693,1.107664868065929,1.107595029077422,1.1076640991663567
2026-01-01 22:02:00,1.1076554225360584,1.1076923119278341,1.1076392555084278,1.107653524349648
2026-01-01 22:03:00,1.107733702207798,1.107857106816609,1.1075661294106751,1.1077264995962217
2026-01-01 22:04:00,1.107718888075613,1.1077853269523452,1.1076902070266357,1.1077361707584432
2026-01-01 22:05:00,1.1074784432977804,1.1075811233493802,1.1073484900517334,1.1074398507734902
2026-01-01 22:06:00,1.1073405371213347,1.1073506351527347,1.1072855939228636,1.1072989504644173
2026-01-01 22:07:00,1.1072678130461688,1.107339240625718,1.1072097708857334,1.1072773373310592
2026-01-01 22:08:00,1.107081839657343,1.1072350869947916,1.107016204996366,1.107095883119633
2026-01-01 22:09:00,1.1072608203522658,1.1071969853666621,1.1071400325928111,1.1071858724291324
2026-01-01 22:10:00,1.107462126998602,1.1075473047607074,1.1073805486986357,1.107415485053984
2026-01-01 22:11:00,1.107601917351234,1.1077341168238863,1.1075640893835828,1.1075982993317386
2026-01-01 22:12:00,1.1074848224491451,1.1076106092475808,1.1075155217188046,1.107566282901099
2026-01-01 22:13:00,1.1078070918269418,1.1078187493333418,1.1076798525323985,1.1077898918216265
2026-01-01 22:14:00,1.1078470961134528,1.1078236478829542,1.1076696948230254,1.1078121919402069
2026-01-01 22:15:00,1.1076239029631192,1.1077700384833642,1.107664183789778,1.1077616290445391
2026-01-01 22:16:00,1.107682212117424,1.1077387097407472,1.1076466613809004,1.107669618645008
2026-01-01 22:17:00,1.107603413592695,1.107668728875852,1.1075518118288545,1.1076242481920349
2026-01-01 22:18:00,1.107554978955247,1.107579924537949,1.1072282448451247,1.1075660216692536
2026-01-01 22:19:00,1.1075462150549717,1.1075960963916422,1.1075400121406929,1.1075915841026098
2026-01-01 22:20:00,1.1076082607352473,1.1077082591901566,1.1076078371148745,1.1076156701997675
2026-01-01 22:21:00,1.1076857266815996,1.1076274937716986,1.107564580175482,1.1076161271027904
2026-01-01 22:22:00,1.1076593479033117,1.107696033781242,1.107633651599933,1.1076816678282524
2026-01-01 22:23:00,1.10790854344741,1.1078767728259706,1.1078572507033388,1.1078602647694704
2026-01-01 22:24:00,1.1079623813288426,1.1080058738354448,1.1079914996965243,1.1080026978897866
2026-01-01 22:25:00,1.107817901004152,1.1077875305485805,1.1077342932800498,1.107779963194519
2026-01-01 22:26:00,1.1073969578170648,1.1074401045421944,1.1073695597996318,1.1073968750242837
2026-01-01 22:27:00,1.107554624252409,1.1076642944843667,1.107402594553446,1.1075370230109696
2026-01-01 22:28:00,1.1073323488690123,1.1074489392691278,1.1071935407099422,1.1073319912062074
2026-01-01 22:29:00,1.1073303576575455,1.1073703734067704,1.1072730729979299,1.1072982763959234
2026-01-01 22:30:00,1.106994380186118,1.107400755804437,1.1069886334692909,1.1071227594420145
2026-01-01 22:31:00,1.1067814711107047,1.1069562615118764,1.1067986120607136,1.1068524623763776
2026-01-01 22:32:00,1.1069545358105086,1.107069057253079,1.106778253541447,1.1069336817856081
2026-01-01 22:33:00,1.106945378141959,1.1071210027341538,1.1069105769494574,1.1070475550596537
2026-01-01 22:34:00,1.1069345494817622,1.107168790484922,1.1068876359142636,1.1069610784995445
2026-01-01 22:35:00,1.1065697051136711,1.1065959495467201,1.1064301798601943,1.106572422155723
2026-01-01 22:36:00,1.1064490784816043,1.1067050679809927,1.1064851470612371,1.106490485488485
2026-01-01 22:37:00,1.1065146780191606,1.1067037496815106,1.106486445792312,1.1065492560892953
2026-01-01 22:38:00,1.106340998463987,1.106525615802553,1.1062593417973465,1.1063274193539792
2026-01-01 22:39:00,1.106405388089735,1.106504841462142,1.1063256967963304,1.106354923341946
2026-01-01 22:40:00,1.1063047043955074,1.106442462821405,1.1062196734401732,1.1063526268645703
2026-01-01 22:41:00,1.106410767679701,1.1065519982615089,1.1063805782483616,1.1064395205895103
2026-01-01 22:42:00,1.1064208945961063,1.1065087165244705,1.106371313301826,1.1064574576447725
2026-01-01 22:43:00,1.1061904283160464,1.1063798185440403,1.106301748409738,1.1063114973036403
2026-01-01 22:44:00,1.1064980686184056,1.106630008561641,1.1064683168085174,1.1064909830288898
2026-01-01 22:45:00,1.1065139394802272,1.106645938234379,1.106402288820829,1.106467203592936
2026-01-01 22:46:00,1.1065139400723751,1.1064877414401273,1.1064177819594145,1.1064631079120093
2026-01-01 22:47:00,1.1062795793993263,1.1065532648899152,1.106151273756588,1.1063231177181483
2026-01-01 22:48:00,1.1061940404780437,1.1063387132727107,1.1061276577706736,1.1062566253804698
2026-01-01 22:49:00,1.106124985250745,1.106166585392859,1.1059985314947436,1.1061239049733655
2026-01-01 22:50:00,1.1061394267487052,1.1061238569440348,1.1060214781415463,1.106097963064377
2026-01-01 22:51:00,1.106362461858814,1.1063735052764994,1.10617512106294,1.1063547193363985
2026-01-01 22:52:00,1.1061633993967526,1.106260823624752,1.106125146649324,1.1061489341649589
2026-01-01 22:53:00,1.1059639915016641,1.106034342797946,1.1058814391566758,1.1059068999552772
2026-01-01 22:54:00,1.1060906186764399,1.1061447428697937,1.1060166145676111,1.1061275755044013
2026-01-01 22:55:00,1.1060851784484949,1.1062060254404338,1.105928039263657,1.1060961769528286
2026-01-01 22:56:00,1.1060775463176176,1.1060315821786926,1.1059949799633024,1.1059958160420296
2026-01-01 22:57:00,1.106141961188984,1.1061582523424252,1.1060542180559765,1.1061518017451388
2026-01-01 22:58:00,1.10599759256588,1.1061516138298895,1.1060024640648698,1.1060609594141784
2026-01-01 22:59:00,1.1063013930663979,1.1063420860760342,1.1063291902063266,1.1063348608712105
2026-01-01 23:00:00,1.1063896407593503,1.1066423308696212,1.1063886649945895,1.1064365497519113
2026-01-01 23:01:00,1.1063812211699746,1.106507204157369,1.1063606416274516,1.1063633630406895
2026-01-01 23:02:00,1.1066421619225,1.1067384763625885,1.1065439868483764,1.1066869592726793
2026-01-01 23:03:00,1.106609653746872,1.1066087539239242,1.1064540126357063,1.1065961020342288
2026-01-01 23:04:00,1.106670613079103,1.1067513616090758,1.1066870994871316,1.1067074163400301
2026-01-01 23:05:00,1.1066461413001711,1.1068791062758014,1.1067362448984546,1.106752310227091
2026-01-01 23:06:00,1.1069629024098502,1.1069500112772246,1.1068624731526504,1.106947571420501
2026-01-01 23:07:00,1.1071892212840875,1.1073240210649606,1.1071060676776325,1.10718179810001
2026-01-01 23:08:00,1.1072124866131554,1.1072708501120154,1.107126085420794,1.10718659872237
2026-01-01 23:09:00,1.1070399366808596,1.1071490819184322,1.1070455577705103,1.107073586041818
2026-01-01 23:10:00,1.1071036046394909,1.1073367677291968,1.1070045166462477,1.1071425818632588
2026-01-01 23:11:00,1.1070609979007202,1.1070413049711632,1.1069997174440895,1.1070409245577961
2026-01-01 23:12:00,1.1074188836235517,1.1075019468279932,1.107290415713599,1.1073429326449251
2026-01-01 23:13:00,1.107363971345063,1.1074298780543377,1.1071245597983397,1.1073634129445875
2026-01-01 23:14:00,1.107329843966693,1.107398895604587,1.1072251808932325,1.1073086147118907
2026-01-01 23:15:00,1.1073202373735491,1.1074172432275946,1.107267211320031,1.1073363167577703
2026-01-01 23:16:00,1.1070570662882473,1.1071459308317582,1.1071224127942285,1.1071342478143409
2026-01-01 23:17:00,1.1070368771795218,1.10711706480864,1.1069081696652876,1.1069885057085642
2026-01-01 23:18:00,1.1072139885067103,1.1072565743910519,1.1071647543378735,1.107168567794756
2026-01-01 23:19:00,1.107105572354169,1.1072134142353032,1.107048980158875,1.1070700336529102
2026-01-01 23:20:00,1.106903899733591,1.106946008384555,1.1068970820583544,1.106912997005508
2026-01-01 23:21:00,1.107023347723374,1.1070748959853163,1.106921855489017,1.106993494918387
2026-01-01 23:22:00,1.107216038631456,1.1072079182498396,1.1071074520361799,1.1071713505415866
2026-01-01 23:23:00,1.1073602014724342,1.1073296206129901,1.1071711668322082,1.1072791935381863
2026-01-01 23:24:00,1.1074780269962896,1.1074807456309632,1.107390593947,1.1074286006910572
2026-01-01 23:25:00,1.1073182724890234,1.1074487783351272,1.1072579711649126,1.1073150814277717
2026-01-01 23:26:00,1.1070363971649892,1.1071100351977277,1.107024748032748,1.1071018098277605
2026-01-01 23:27:00,1.1073347927904373,1.10735765496185,1.1071749458659519,1.1073270098755537
2026-01-01 23:28:00,1.10729143676952,1.107322381631968,1.1072471477549832,1.1072786078997274
2026-01-01 23:29:00,1.107276434436025,1.1072591819355215,1.1070879643848794,1.1072409829472591
2026-01-01 23:30:00,1.1075079066615026,1.1074841606733374,1.1073759993511534,1.1074402120685365
2026-01-01 23:31:00,1.107518889044344,1.1075334775546921,1.1073209887922868,1.1075236465699467
2026-01-01 23:32:00,1.1076970790952496,1.1077724047841682,1.1075518099532677,1.1075920297357589
2026-01-01 23:33:00,1.107828815736492,1.1079499271771271,1.1078919255769821,1.107916780087494
2026-01-01 23:34:00,1.10784121944656,1.1078567085006725,1.1078168129734063,1.107820252352937
2026-01-01 23:35:00,1.10791950235254,1.108027445719784,1.1078952051243047,1.1079594283721492
2026-01-01 23:36:00,1.1078726192408992,1.108096419044491,1.107964523118335,1.1079679803408837
2026-01-01 23:37:00,1.1079981804638983,1.1081558570977637,1.1079571432369264,1.1080082691827133
2026-01-01 23:38:00,1.108164680811754,1.1082866839977645,1.1082073044900418,1.108237539446675
2026-01-01 23:39:00,1.108305643415217,1.1083366229132108,1.108229551584542,1.1083137148101185
2026-01-01 23:40:00,1.1083961976843808,1.1085081625102908,1.108376037499023,1.108394459221976
2026-01-01 23:41:00,1.1086112623930393,1.1086375168054148,1.1084943401838394,1.1085553353225726
2026-01-01 23:42:00,1.1084252131564027,1.1086308514528196,1.1084774055624784,1.108500592413141
2026-01-01 23:43:00,1.1084201332213224,1.108388477157127,1.1083405092284597,1.1083747109630402
2026-01-01 23:44:00,1.108222893606451,1.108273048290637,1.1081026413308481,1.108217989583937
2026-01-01 23:45:00,1.107974478553211,1.107974005018653,1.1078860324342736,1.1079230360955306
2026-01-01 23:46:00,1.1082098796062703,1.1083129069837663,1.1078993557094627,1.1082314671650217
2026-01-01 23:47:00,1.1079993736808251,1.1082160702131914,1.1080069637135328,1.1080659859101634
2026-01-01 23:48:00,1.1079719229003149,1.1081680779201153,1.1080246104489064,1.1080327978666256
2026-01-01 23:49:00,1.107926685498959,1.1080379332787624,1.1079349085062151,1.1079912758716421
2026-01-01 23:50:00,1.1080612775839596,1.1081002539010167,1.1080105190885612,1.1080373868763136
2026-01-01 23:51:00,1.1082335935593053,1.1084215607780639,1.10812498010397,1.1081597474581946
2026-01-01 23:52:00,1.1082605709051159,1.1084369765586037,1.1080708396153096,1.1082888184814486
2026-01-01 23:53:00,1.108232813630576,1.1083353038431587,1.1081956731804423,1.108201356865663
2026-01-01 23:54:00,1.1081001165056883,1.1081898076426937,1.1080083383293038,1.108176288608595
2026-01-01 23:55:00,1.1082276916636273,1.1082512989716127,1.1080978452496026,1.1082186756011685
2026-01-01 23:56:00,1.1082148000630576,1.1083159054809824,1.1081626553774544,1.1081813719322409
2026-01-01 23:57:00,1.10835006752988,1.1084505901728903,1.1082948473698566,1.108422473768644
2026-01-01 23:58:00,1.1084859258379407,1.1085466537261544,1.1084589993350427,1.1084961200113896
2026-01-01 23:59:00,1.1086421475363213,1.1086591356142885,1.1086045285795834,1.108606351679297
2026-01-02 00:00:00,1.1085590953372357,1.108895750897683,1.1087038308306505,1.1087057838695973
2026-01-02 00:01:00,1.1089485776013053,1.1088946312962684,1.1088104420588996,1.10888180494822
2026-01-02 00:02:00,1.1089266421508202,1.1090472922597228,1.1088545598406883,1.1089089581820255
2026-01-02 00:03:00,1.108750269772218,1.1088046062595462,1.1086716957852851,1.1087144333898322
2026-01-02 00:04:00,1.1087537506186351,1.1088528012242302,1.1086358505307505,1.108774386582595
2026-01-02 00:05:00,1.1085905469244481,1.1087664857711588,1.108617377643498,1.1086766830485264
2026-01-02 00:06:00,1.1086240936940797,1.1086739950665039,1.1085585398395519,1.1085973905462638
2026-01-02 00:07:00,1.108681215632806,1.1087314718541268,1.10860278944159,1.108685345149077
2026-01-02 00:08:00,1.108872693382564,1.1090963669492653,1.108774978264069,1.1088710876097922
2026-01-02 00:09:00,1.1089286586955625,1.1089078751636468,1.108706969945052,1.1088742783463026
2026-01-02 00:10:00,1.1089587064918855,1.1089478877528265,1.1088624452218696,1.1089206032981924
2026-01-02 00:11:00,1.1092719974107421,1.1092729530481444,1.1090903827710936,1.1091759355398876
2026-01-02 00:12:00,1.1092197412282545,1.1093218894386072,1.1090307757203035,1.1092120485168109
2026-01-02 00:13:00,1.1095677403620485,1.1096642132787629,1.1094990476563171,1.109602300983938
2026-01-02 00:14:00,1.1096777065884373,1.1098377799565866,1.1094430018462562,1.1096871274307827
2026-01-02 00:15:00,1.1094437961855363,1.1095234420732587,1.1093620620272882,1.1094230130169094
2026-01-02 00:16:00,1.1095868070860246,1.1096542124596818,1.1093442854632145,1.109536014260075
2026-01-02 00:17:00,1.1095198363202354,1.109692785385692,1.1095102781738055,1.1095931880178074
2026-01-02 00:18:00,1.109787077811679,1.109856477115795,1.109712466614819,1.10978665093092
2026-01-02 00:19:00,1.1099681052164623,1.1099000457020847,1.109849451013943,1.1098876281336103
2026-01-02 00:20:00,1.1098548492924627,1.109904936076399,1.1098080161179888,1.1098668597360128
2026-01-02 00:21:00,1.1097297655933127,1.1098101615271707,1.109639464380222,1.1096832150005693
2026-01-02 00:22:00,1.1096765173883374,1.1096686915542937,1.1095941273104057,1.1096518615119766
2026-01-02 00:23:00,1.1095720764741712,1.1095841937770314,1.1093732841267872,1.109524283443845
2026-01-02 00:24:00,1.1093967168992944,1.1095579808656286,1.1091084288076354,1.1094372049263743
2026-01-02 00:25:00,1.109485221603534,1.1096064029661106,1.109511376719803,1.1095254916870374
2026-01-02 00:26:00,1.1097769909572963,1.1098609494548382,1.109743403473372,1.1097759773626903
2026-01-02 00:27:00,1.1097585670028016,1.109883476484771,1.109823844645773,1.1098351780921636
2026-01-02 00:28:00,1.1096423086025278,1.1097088639451593,1.1096315227739273,1.1096557956328583
2026-01-02 00:29:00,1.1097351298659672,1.1097888296488134,1.1097102131423209,1.1097224860330914
2026-01-02 00:30:00,1.1099912125364357,1.1099057382420217,1.1097732860274765,1.1099019807560881
2026-01-02 00:31:00,1.109830649229904,1.1098419824033192,1.1097980584724716,1.1098105133204403
2026-01-02 00:32:00,1.109821672168983,1.1098033475461098,1.1096741397015066,1.1097904107454395
2026-01-02 00:33:00,1.1098508377670013,1.110030687885201,1.109776449595201,1.1097926139746488
2026-01-02 00:34:00,1.1096266463482418,1.1098578474092073,1.1096284390495454,1.1096748792276865
2026-01-02 00:35:00,1.1097638671596444,1.1098337179933677,1.1096297313990382,1.109772121292763
2026-01-02 00:36:00,1.109875249700062,1.1098576972110368,1.109636867163998,1.1097539790704718
2026-01-02 00:37:00,1.1098129528259388,1.1099079576074111,1.109806156437015,1.109816908937058
2026-01-02 00:38:00,1.1097396066478267,1.1097081879456048,1.1095559115249056,1.1096837851103876
2026-01-02 00:39:00,1.1096663532591977,1.1096476382906293,1.1094955771389952,1.109618166365339
2026-01-02 00:40:00,1.109652617883294,1.1097958453291792,1.1097250112428547,1.1097265235690132
2026-01-02 00:41:00,1.1096861225600498,1.1098733663233664,1.1096369662992673,1.1096705985961994
2026-01-02 00:42:00,1.1099369805474948,1.1100182471985824,1.109892180891952,1.1099296431738845
2026-01-02 00:43:00,1.1098861956854342,1.1099029556840272,1.1098216807876216,1.1098696977460423
2026-01-02 00:44:00,1.1098656948309156,1.1099737144746287,1.1098441205315872,1.109903400454905
2026-01-02 00:45:00,1.1099874431040904,1.1102931321280582,1.1100409496836616,1.110043289079686
2026-01-02 00:46:00,1.109806733719745,1.109853334792427,1.1095922579845388,1.109830534219746
2026-01-02 00:47:00,1.1095615231480949,1.1097071106441594,1.109456280235072,1.109566412897949
2026-01-02 00:48:00,1.1093968136731436,1.1093777912584837,1.1092748593662187,1.1093375644507635
2026-01-02 00:49:00,1.109617817607264,1.1096590516452316,1.1094062017467825,1.1095269520662776
2026-01-02 00:50:00,1.1095140032367048,1.1094549747564915,1.1093627919802007,1.1094441733443936
2026-01-02 00:51:00,1.109870912497783,1.1099185680917594,1.109809856423061,1.109827903237244
2026-01-02 00:52:00,1.1096930490843304,1.1098390654915933,1.1097206118223522,1.1097432660974453
2026-01-02 00:53:00,1.1097505039841753,1.1098373033547746,1.1096411571423588,1.1097709487929248
2026-01-02 00:54:00,1.1100127615884308,1.1101048733702297,1.1098760075451137,1.1100022652858101
2026-01-02 00:55:00,1.11027155726713,1.1103413217807874,1.1102974289221543,1.1103031792190339
2026-01-02 00:56:00,1.1106412650381559,1.1107121313122954,1.1105648562814106,1.1106124047555295
2026-01-02 00:57:00,1.1108296839955312,1.1109118486943743,1.110727276379836,1.1107936596901185
2026-01-02 00:58:00,1.1109740835721185,1.110953913966521,1.1109231627467435,1.11094726906899
2026-01-02 00:59:00,1.1110874048415982,1.111071956055988,1.1109927447759378,1.1110361481113702
2026-01-02 01:00:00,1.1111076727121096,1.1112756296550035,1.1110975395318594,1.1111529022727953
2026-01-02 01:01:00,1.1111168658505506,1.1111912404656439,1.1110281934335973,1.1110702244153459
2026-01-02 01:02:00,1.1109127123103266,1.1109913525119246,1.110888314463718,1.1109474945828326
2026-01-02 01:03:00,1.1108999416165888,1.1110839910769574,1.1108210600430772,1.110946988414221
2026-01-02 01:04:00,1.1109480665275515,1.1110279983480682,1.1107351738087021,1.1109214607208422
2026-01-02 01:05:00,1.110914270191553,1.1108792810650043,1.1108410101741024,1.1108534765134432
2026-01-02 01:06:00,1.1109823353048804,1.1110847929541263,1.1108479882534221,1.1109579346305616
2026-01-02 01:07:00,1.1111022706130358,1.1111503716874829,1.1110660643934638,1.1111012304118473
2026-01-02 01:08:00,1.1111299991360961,1.1112368134677972,1.1109959907464326,1.111114491444791
2026-01-02 01:09:00,1.1113429423028527,1.1114785837301568,1.1112299700412316,1.1113361209569492
2026-01-02 01:10:00,1.1111085700450225,1.111319992116472,1.111064025992835,1.1111648675898294
2026-01-02 01:11:00,1.11107368766369,1.111224047320197,1.111126411686818,1.1111358186709372
2026-01-02 01:12:00,1.1110243540288733,1.1111044541093507,1.1109614595064479,1.111028295322847
2026-01-02 01:13:00,1.1107523076720744,1.1107789162257216,1.1106088619864993,1.110748314830286
2026-01-02 01:14:00,1.110736479346328,1.11075045544915,1.1107319090066574,1.1107359127274095
2026-01-02 01:15:00,1.1107514556818345,1.1107880216410853,1.110564349346927,1.110717650601152
2026-01-02 01:16:00,1.11093389422683,1.1111139027198846,1.1109136835725018,1.1109446680626383
2026-01-02 01:17:00,1.1110674387744168,1.1110537224624943,1.1109607771567755,1.1110392898153216
2026-01-02 01:18:00,1.1108784324533059,1.111155996596383,1.1108012666516203,1.1108856617916723
2026-01-02 01:19:00,1.1112549436247243,1.111197711257898,1.1111354070545296,1.1111637756766224
2026-01-02 01:20:00,1.1113509664172874,1.1113817464706328,1.1112152962471993,1.1113469307309511
2026-01-02 01:21:00,1.1115512815170476,1.1114417380420833,1.1111433793120233,1.1114342453864714
2026-01-02 01:22:00,1.1114178733511983,1.1114371347082224,1.1112779977437701,1.1114002727716439
2026-01-02 01:23:00,1.111245673027606,1.111337061527796,1.1111647936564994,1.1112563568861353
2026-01-02 01:24:00,1.1111555534709119,1.11131249464758,1.111118554367438,1.1112005258697248
2026-01-02 01:25:00,1.1112916937339776,1.1113921434789062,1.1113302118675619,1.1113638381626805
2026-01-02 01:26:00,1.1115969539943509,1.1116804572272845,1.1116175223282652,1.1116465261085706
2026-01-02 01:27:00,1.1118340323223532,1.1118821463582924,1.111838613580594,1.1118780126378114
2026-01-02 01:28:00,1.111824426225564,1.1118066451862014,1.1117450770751303,1.1118046852245436
2026-01-02 01:29:00,1.1116104343409972,1.1117169856135367,1.1115417321526355,1.1116367426095501
2026-01-02 01:30:00,1.1116672218992143,1.1117157684114438,1.1115360579399058,1.1116578755465867
2026-01-02 01:31:00,1.1114567085598712,1.1114386138741383,1.1113529776735516,1.1113926096417523
2026-01-02 01:32:00,1.1114366943812983,1.1115951289228576,1.1113780615915154,1.11144108479888
2026-01-02 01:33:00,1.1115229022458586,1.1115444793889642,1.1112618969063985,1.1114189444109353
2026-01-02 01:34:00,1.111290248386638,1.1114176064274142,1.111251904507201,1.111349038935655
2026-01-02 01:35:00,1.1111023042981463,1.1111918633130158,1.1109703232849146,1.111109833475565
2026-01-02 01:36:00,1.1111599078453698,1.1112819688298599,1.1110311574025806,1.1111868734915504
2026-01-02 01:37:00,1.111153793695904,1.1111765615756952,1.1110882675934537,1.1111069683656012
2026-01-02 01:38:00,1.1108194912587264,1.1109831422601206,1.1108688876306474,1.1109314808402446
2026-01-02 01:39:00,1.1104284857437934,1.11060296683059,1.1103636546859161,1.1105006415082523
2026-01-02 01:40:00,1.1104911469313723,1.1105245188067645,1.1104323726934924,1.1104965142724947
2026-01-02 01:41:00,1.1108399208980457,1.1110298087248107,1.11065128424359,1.1107623520119954
2026-01-02 01:42:00,1.1110228329858793,1.111186638451618,1.110984001270763,1.1110115408941774
2026-01-02 01:43:00,1.1108753990829763,1.110960725644067,1.1108516052904553,1.1109429764556895
2026-01-02 01:44:00,1.1107927863170006,1.1108608888232987,1.1108340353445476,1.1108526446466351
2026-01-02 01:45:00,1.1110066102701888,1.1109598926620625,1.1107933351140717,1.1109229607850466
2026-01-02 01:46:00,1.1107421462292284,1.11093114659904,1.110750850592914,1.1107732029691681
2026-01-02 01:47:00,1.1107713235855188,1.110900260938355,1.1106700738481945,1.1108184717541412
2026-01-02 01:48:00,1.1110072524239303,1.1109725047286225,1.1107881911326674,1.1109333837958988
2026-01-02 01:49:00,1.1111679786297608,1.1111756019565442,1.1110226707053843,1.1111174237794814
2026-01-02 01:50:00,1.1111661036501728,1.111104022979769,1.110977094846985,1.1111024006680095
2026-01-02 01:51:00,1.1110243475114696,1.1111875329835867,1.111062825317339,1.111071849605483
2026-01-02 01:52:00,1.1108638969354188,1.1109798919198155,1.1108225511189498,1.1109401522174696
2026-01-02 01:53:00,1.1108227784888318,1.1108908657297594,1.1107026433028768,1.1108161201643636
2026-01-02 01:54:00,1.110798904637232,1.1108101985359193,1.1107391340331467,1.1107821483305782
2026-01-02 01:55:00,1.1108554832467858,1.1109775397723214,1.110786399624838,1.1108372531566006
2026-01-02 01:56:00,1.1110482000473176,1.110985104749575,1.1109320279888166,1.1109742908505358
2026-01-02 01:57:00,1.1107671256534333,1.1109650240698556,1.1106524315323054,1.1108538140079336
2026-01-02 01:58:00,1.1111207020458425,1.1111462463017487,1.1110658842713876,1.1110777172932775
2026-01-02 01:59:00,1.1109822175009139,1.111177249685713,1.110925442335514,1.1110370487531211
2026-01-02 02:00:00,1.111076630425012,1.1110641321833488,1.1110167249445944,1.1110338436589688
2026-01-02 02:01:00,1.1108980140718707,1.1110563718865483,1.1108074676524584,1.1109217619070968
2026-01-02 02:02:00,1.1105174272782614,1.1105774562907007,1.1104396306739333,1.110558125868056
2026-01-02 02:03:00,1.1106602375421626,1.110837891185767,1.1105302392273346,1.11069073267751
2026-01-02 02:04:00,1.110728978752035,1.110803444936818,1.1106943145232613,1.1108012592620737
2026-01-02 02:05:00,1.1107610815754976,1.1108297832658864,1.1107586458700116,1.110759060128506
2026-01-02 02:06:00,1.1107304750665568,1.110916619972521,1.110750631871065,1.1107691087360898
2026-01-02 02:07:00,1.1108858145302904,1.1108658423816036,1.110821708016171,1.1108464996187455
2026-01-02 02:08:00,1.110644120544264,1.110633956638967,1.1105551301026144,1.1106121177402124
2026-01-02 02:09:00,1.1106171676912557,1.1106616461811312,1.1104651544019557,1.1105327598386106
2026-01-02 02:10:00,1.110670215914731,1.1106651998569468,1.110552525514267,1.1106518995405539
2026-01-02 02:11:00,1.1104897900154325,1.110595845355329,1.1104384474429772,1.1104637561270785
2026-01-02 02:12:00,1.1105777948074946,1.1107220905223618,1.1104658051173202,1.1105077898169033
2026-01-02 02:13:00,1.1102729194114085,1.1103512789926435,1.1103021312443613,1.1103043025462098
2026-01-02 02:14:00,1.1102998541329339,1.1103901426486689,1.1103151523605825,1.110374267043575
2026-01-02 02:15:00,1.1103789255241867,1.1104845214881756,1.1103360525862807,1.1103689208212304
2026-01-02 02:16:00,1.1100555193753838,1.1101875004392177,1.1100729147899133,1.1101266510488446
2026-01-02 02:17:00,1.1104240588856593,1.1104021487433353,1.110254509591731,1.110301361952013
2026-01-02 02:18:00,1.1102639481300973,1.110216546945171,1.1100695725616023,1.1101911732154934
2026-01-02 02:19:00,1.1101778341666062,1.1102489429897324,1.1099977031812602,1.110069635349941
2026-01-02 02:20:00,1.110102843078359,1.1101285113372126,1.1100866631837962,1.1100997207295258
2026-01-02 02:21:00,1.1102995450116253,1.1102965201983717,1.1102258832606366,1.1102720163319402
2026-01-02 02:22:00,1.1100966692874958,1.110146638248776,1.1100760573235953,1.1101196430590934
2026-01-02 02:23:00,1.11017304127685,1.1102832401308893,1.110082462980488,1.1101288950365706
2026-01-02 02:24:00,1.1101324403510178,1.1103526353072406,1.1101376776255552,1.1101932175116203
2026-01-02 02:25:00,1.1101700286932359,1.1103075371681044,1.1101888571750802,1.1102971833527095
2026-01-02 02:26:00,1.1102841140550268,1.1104667647977773,1.1102630505813926,1.1103236495860012
2026-01-02 02:27:00,1.110195821736358,1.110294599035157,1.1101743178861156,1.1102685954101388
2026-01-02 02:28:00,1.1102183532138492,1.1102324580752103,1.1101136991380849,1.1101444568770413
2026-01-02 02:29:00,1.1102481623322524,1.110184296551524,1.1100606032255438,1.1101573784594985
2026-01-02 02:30:00,1.1099264111540799,1.1100181363203332,1.1099401077872957,1.1099965576077004
2026-01-02 02:31:00,1.1096229408155525,1.1096761311809755,1.1094421799051588,1.1095583550351764
2026-01-02 02:32:00,1.109671408254975,1.1097708174316787,1.1093905373639747,1.1096238390058
2026-01-02 02:33:00,1.1096809403977268,1.1098216562542522,1.1096298364458055,1.1097594292319628
2026-01-02 02:34:00,1.109385475990085,1.1095890160051112,1.1094037317896714,1.1094049893666316
2026-01-02 02:35:00,1.1092245215748189,1.109386346366321,1.1091667903116254,1.1092535297609252
2026-01-02 02:36:00,1.1093838026700074,1.1093968327016572,1.1091827227136448,1.109346402900076
2026-01-02 02:37:00,1.1095935882529875,1.1097158096097943,1.1094026898873928,1.1096550272205328
2026-01-02 02:38:00,1.109653202645401,1.1098346850353868,1.109599124815464,1.109658146276684
2026-01-02 02:39:00,1.1095146491103023,1.1097230399841593,1.1095368960941097,1.1095489458354997
2026-01-02 02:40:00,1.1095451784285033,1.109650459428055,1.109335918040615,1.109521511369334
2026-01-02 02:41:00,1.1097169032306218,1.1097335877802768,1.109679114101732,1.109727742832206
2026-01-02 02:42:00,1.1096040859201404,1.1097221102375914,1.1095202137896296,1.1096308482053374
2026-01-02 02:43:00,1.1095003045755583,1.1095531410976402,1.1095008038281833,1.10951096940434
2026-01-02 02:44:00,1.1095403600176545,1.1094445233072119,1.10938413043272,1.1094385578760126
2026-01-02 02:45:00,1.1092747136029677,1.1094657251706024,1.1091877841912807,1.1092955585847737
2026-01-02 02:46:00,1.1092619088712588,1.1093949316157496,1.1092335229819967,1.109313959132173
2026-01-02 02:47:00,1.1095868325794012,1.1095764409347477,1.109535082097535,1.1095576609009434
2026-01-02 02:48:00,1.1095989465584397,1.1096848401989097,1.109477973694624,1.109606122791911
2026-01-02 02:49:00,1.1094975080700484,1.1095886057125917,1.1094933885994895,1.1095682697665918
2026-01-02 02:50:00,1.1096360728930148,1.109592672417136,1.1094581707381281,1.1095244980762546
2026-01-02 02:51:00,1.1092723955076706,1.10938626974353,1.1090297714674626,1.10929001945495
2026-01-02 02:52:00,1.109403592448824,1.1095451038573032,1.1093747270395666,1.109422485921522
2026-01-02 02:53:00,1.1094188021095657,1.1096304749474681,1.1093190841777525,1.1094108103419702
2026-01-02 02:54:00,1.1094702441933921,1.109460486289387,1.1093470269379244,1.1093837383549316
2026-01-02 02:55:00,1.1097787172237825,1.1098628759054754,1.109859545589493,1.1098627044901084
2026-01-02 02:56:00,1.1099213167188342,1.110016471084671,1.1098725749312996,1.1099075174263633
2026-01-02 02:57:00,1.1098991123769386,1.110031289546049,1.1097044429521752,1.1097947487688489
2026-01-02 02:58:00,1.1097372315634553,1.1098746671395239,1.1097090477811167,1.1097307951294182
2026-01-02 02:59:00,1.1098412952868326,1.1099255882500467,1.1098122767473066,1.1099030619857977
2026-01-02 03:00:00,1.1098891327047302,1.1101578957133655,1.1098886081683486,1.1099200525473782
2026-01-02 03:01:00,1.1097146549771184,1.1097235760038955,1.1095717608286584,1.1097043108506306
2026-01-02 03:02:00,1.109908735386599,1.1098787346150096,1.109825546632389,1.109842195190817
2026-01-02 03:03:00,1.1097250067857654,1.1097458897895305,1.1096448545910722,1.109741973577986
2026-01-02 03:04:00,1.1100643008342903,1.1100884216015185,1.1098052362063144,1.1100229682444187
2026-01-02 03:05:00,1.1101132070129236,1.1103899269058948,1.1100024776795798,1.1101849754542759
2026-01-02 03:06:00,1.1100456912514474,1.1101552305382683,1.1100440032973966,1.1101178771699272
2026-01-02 03:07:00,1.1102858895897532,1.110455573072579,1.1102473268390045,1.1103100296241875
2026-01-02 03:08:00,1.1103921093868603,1.11037930979634,1.110069377323461,1.1103202079507666
2026-01-02 03:09:00,1.1104515677340103,1.110492129994937,1.1102674381136202,1.1104481240020347
2026-01-02 03:10:00,1.1105353244844074,1.110677648355971,1.1103714411102648,1.110520833924629
2026-01-02 03:11:00,1.110407784406159,1.1104396017327496,1.110360814560143,1.1103938804263804
2026-01-02 03:12:00,1.1103528083506622,1.1103366861813073,1.1100547301511485,1.1102973479515328
2026-01-02 03:13:00,1.1104213310395432,1.1105280838692304,1.110415006873786,1.11045184207417
2026-01-02 03:14:00,1.1104360400297784,1.1104776621384755,1.1103038994373235,1.1104016257743539
2026-01-02 03:15:00,1.110299534371675,1.110380439663071,1.1103231089667571,1.1103410785048677
2026-01-02 03:16:00,1.1102969737507613,1.1102360534495346,1.110192863460833,1.1101978101179653
2026-01-02 03:17:00,1.1102213304225894,1.1103925662979237,1.1102361721104117,1.1102613499778042
2026-01-02 03:18:00,1.1105266092505368,1.1106104402488475,1.110549764716349,1.1105707287156907
2026-01-02 03:19:00,1.110438082269227,1.1104147459563525,1.110349749613685,1.1104105987785526
2026-01-02 03:20:00,1.110418221118625,1.1105241356195068,1.110377511717176,1.1104142316970536
2026-01-02 03:21:00,1.1106424074006789,1.1108057313005333,1.1106229176433455,1.1106260647803659
2026-01-02 03:22:00,1.1106254842614536,1.1106994681196851,1.110463166172409,1.110614118571679
2026-01-02 03:23:00,1.110627454731176,1.1107489180324799,1.1103852990342424,1.1106819743411165
2026-01-02 03:24:00,1.1106032832583483,1.1106204461068765,1.1104716265871022,1.1105226153118943
2026-01-02 03:25:00,1.11063153848677,1.1107667093851894,1.1105150875058096,1.1105868613764756
2026-01-02 03:26:00,1.1106267372342882,1.1106140802595847,1.1104440934498994,1.1105587897367248
2026-01-02 03:27:00,1.1106802326916214,1.1108003084367013,1.1107001620919716,1.1107066492360769
2026-01-02 03:28:00,1.1109055833210475,1.1109953802996977,1.1108639651370733,1.1108847571438116
2026-01-02 03:29:00,1.1112830601132262,1.1112932615595432,1.111174596851783,1.1112731916901144
2026-01-02 03:30:00,1.1114165367974065,1.1113858620082075,1.1112110200256684,1.1113601366660963
2026-01-02 03:31:00,1.1114670185201752,1.111443453834459,1.111378952515066,1.1114090061135837
2026-01-02 03:32:00,1.111447816298968,1.1115131053575158,1.1114114661805075,1.1114381637588202
2026-01-02 03:33:00,1.1113092912583065,1.1114189654248041,1.111217331418464,1.1113851888148987
2026-01-02 03:34:00,1.1115249444857724,1.1114904701144175,1.1112235586838302,1.111435961391418
2026-01-02 03:35:00,1.1114194505515815,1.1115733267428547,1.1113226499199156,1.1113916511798971
2026-01-02 03:36:00,1.111386498474268,1.111543849436862,1.1112703367284773,1.1114169203263375
2026-01-02 03:37:00,1.111634887063592,1.1117681756339641,1.1115053061733178,1.1116145599566787
2026-01-02 03:38:00,1.111388023894464,1.1114747104567666,1.111411334050794,1.1114635785718867
2026-01-02 03:39:00,1.1116873280094297,1.1116644689294584,1.1115897006687454,1.1116345603560562
2026-01-02 03:40:00,1.1117585670289432,1.11191544339282,1.1117439457662586,1.1118321276161571
2026-01-02 03:41:00,1.1118033756125068,1.111877442266609,1.1117552957751842,1.1118144173371085
2026-01-02 03:42:00,1.1115083618247374,1.1115825639407269,1.1113413382801751,1.111496139102257
2026-01-02 03:43:00,1.111456907789792,1.111675720189731,1.1113421215352774,1.111404965804193
2026-01-02 03:44:00,1.111604842219999,1.1116715139394995,1.1115893726897532,1.1115995149861773
2026-01-02 03:45:00,1.111627832920513,1.1116884910575664,1.111520714012346,1.1115960847768322
2026-01-02 03:46:00,1.1114447810965655,1.1115715400432251,1.1113619120389782,1.111446189441988
2026-01-02 03:47:00,1.1113688639062567,1.1113919686876117,1.1113166005757693,1.1113704732038039
2026-01-02 03:48:00,1.111500840070297,1.1115351412045977,1.1114868068187642,1.1114965662077796
2026-01-02 03:49:00,1.1115691233469671,1.1116488422428596,1.1114102380297055,1.1115785762430097
2026-01-02 03:50:00,1.1114584079159802,1.1115668241038543,1.1113813996045139,1.1115427364281343
2026-01-02 03:51:00,1.1114492965916771,1.1115542821128515,1.11148694544703,1.111487712766362
2026-01-02 03:52:00,1.111441187786061,1.111465850687788,1.1112964333284856,1.1114289490440055
2026-01-02 03:53:00,1.1112781314661564,1.111303016085816,1.1110800788523973,1.1112905875163308
2026-01-02 03:54:00,1.111525103415642,1.1116264994865446,1.11132674155854,1.111532893869751
2026-01-02 03:55:00,1.1114683781158974,1.1115622394696625,1.111404528269503,1.1114845457993694
2026-01-02 03:56:00,1.1116239396578567,1.1116701672188853,1.1116654494907665,1.1116671195774932
2026-01-02 03:57:00,1.111870662012233,1.1119850422858977,1.111858803691502,1.1118953169852817
2026-01-02 03:58:00,1.1120297220327844,1.1121103586355872,1.1119346490743376,1.1120450636200039
2026-01-02 03:59:00,1.1119805777301233,1.11203529950906,1.1118845277891467,1.1119803205730963
2026-01-02 04:00:00,1.11206054900387,1.1120724067200383,1.1119418146788966,1.1120408800866466
2026-01-02 04:01:00,1.1120282232311436,1.112064055788447,1.112008578576206,1.112037250745688
2026-01-02 04:02:00,1.111850212703794,1.1119732129055915,1.111706502557627,1.1119016954665786
2026-01-02 04:03:00,1.1118804452568407,1.1119554612281384,1.1119425556291809,1.1119503493588367
2026-01-02 04:04:00,1.1119033652505317,1.111775105868953,1.1116552033412241,1.1117734933901628
2026-01-02 04:05:00,1.1118951545469187,1.111965975928932,1.111900947663849,1.111951645298432
2026-01-02 04:06:00,1.111856021453774,1.1119335432351505,1.1117705664640392,1.1118819527038373
2026-01-02 04:07:00,1.1119379766673438,1.1120046658779823,1.1116321302219587,1.111912126652218
2026-01-02 04:08:00,1.1119726628634286,1.1121301636226812,1.1119241740308354,1.1119546198329502
2026-01-02 04:09:00,1.1119418273715227,1.1119852990227022,1.1117850705445795,1.1119157840868945
2026-01-02 04:10:00,1.1119816523036392,1.1120511027024427,1.111946614574841,1.1120037881571159
2026-01-02 04:11:00,1.1119444805121543,1.1120028437524263,1.1117563052921353,1.1119325526086223
2026-01-02 04:12:00,1.112066314386453,1.1120870279069837,1.1119148581878642,1.112063247203241
2026-01-02 04:13:00,1.111845743682827,1.1119079933799452,1.1118144371795913,1.111861350251204
2026-01-02 04:14:00,1.1118925776752246,1.1119323761377782,1.1118299908362315,1.111880307188136
2026-01-02 04:15:00,1.1122239148153321,1.1122790998232113,1.1120697859537592,1.1121711465379946
2026-01-02 04:16:00,1.112019986828132,1.1121208027749492,1.1119581374161174,1.1120210968393038
2026-01-02 04:17:00,1.111918657736043,1.1120321701026608,1.1117961761873083,1.1119194350937252
2026-01-02 04:18:00,1.1120499293229178,1.1121095062568958,1.1119536401531307,1.111996521271174
2026-01-02 04:19:00,1.1120715265564558,1.112105842225429,1.1118778538891303,1.112023458538465
2026-01-02 04:20:00,1.1121552498754042,1.1121951621216706,1.1120156797517369,1.112076053053356
2026-01-02 04:21:00,1.1120616196111541,1.1121641164750036,1.112086623253188,1.1121494311228781
2026-01-02 04:22:00,1.1122898953023208,1.1124666171379076,1.112078518902644,1.1122446393431624
2026-01-02 04:23:00,1.1124411733217259,1.112551062469929,1.112256112458823,1.1124110943194558
2026-01-02 04:24:00,1.1124282844981075,1.1124975040805123,1.1124212061885537,1.1124725671179951
2026-01-02 04:25:00,1.1124489578657022,1.1125526827348307,1.1123614086676576,1.1124363784698021
2026-01-02 04:26:00,1.1125898206123706,1.1125786069020462,1.1124613980048284,1.1125372645249827
2026-01-02 04:27:00,1.1127807888690926,1.1128254864365852,1.1127600089033696,1.112822246815217
2026-01-02 04:28:00,1.1128244798747107,1.112948577213663,1.1126897124082873,1.1128023517532595
2026-01-02 04:29:00,1.1126997400413456,1.1126852177491817,1.1126463115176586,1.112656172357559
2026-01-02 04:30:00,1.1127686834798254,1.1129294886379093,1.112622042212027,1.112822234457952
2026-01-02 04:31:00,1.1127970629987367,1.1129470532995627,1.1127997708198678,1.112804177283359
2026-01-02 04:32:00,1.112493325270289,1.1126217078183922,1.1123641982714116,1.112478276851457
2026-01-02 04:33:00,1.1125655835277524,1.112633865562368,1.1125760892223036,1.1126053901030295
2026-01-02 04:34:00,1.1124811332151816,1.1127214197899202,1.1124665387218506,1.1125250908751363
2026-01-02 04:35:00,1.1125047586526977,1.1125575933693312,1.1123443776560273,1.1125115108827908
2026-01-02 04:36:00,1.1126013899182212,1.1126661479211573,1.1125242025585544,1.112561307932376
2026-01-02 04:37:00,1.1126220695844027,1.1125979895948865,1.1125163853742173,1.112589882884343
2026-01-02 04:38:00,1.1126532300204544,1.1128707590439213,1.112611660826336,1.1126963006569137
2026-01-02 04:39:00,1.1126635860955842,1.1127169610574752,1.1124565673828817,1.1126309777013283
2026-01-02 04:40:00,1.1126661465822465,1.11276477090877,1.1126865665462484,1.1127079435710547
2026-01-02 04:41:00,1.1125885030795175,1.1127776496405377,1.1125686813863196,1.112669011569417
2026-01-02 04:42:00,1.1127614759629978,1.1128131701266764,1.1127439199787392,1.1127798331415502
2026-01-02 04:43:00,1.1129282867327315,1.1131214193140917,1.11274209324126,1.1128721382641522
2026-01-02 04:44:00,1.1127646204864527,1.1127817363539927,1.112588434012026,1.1127318224588456
2026-01-02 04:45:00,1.112894641185903,1.1130144365789965,1.112825151701855,1.1128947197762717
2026-01-02 04:46:00,1.1127934899853251,1.1128950843935144,1.1127613952661102,1.1128143252595046
2026-01-02 04:47:00,1.112916045822441,1.1129578811797705,1.1127999232578258,1.1129355339292468
2026-01-02 04:48:00,1.1129960662715501,1.1130951106576474,1.1129406117581355,1.112990627026257
2026-01-02 04:49:00,1.113212932703484,1.1134447468372966,1.113213152334549,1.1132663545777763
2026-01-02 04:50:00,1.1132154293131604,1.1134009839261623,1.11312982607493,1.1132328346804206
2026-01-02 04:51:00,1.1131696586879347,1.1132688240505169,1.1129358602040915,1.1131804371610028
2026-01-02 04:52:00,1.113109970497197,1.1131922540201584,1.1130838862066579,1.1131775242201196
2026-01-02 04:53:00,1.1130901248401495,1.1132000966574709,1.1131127866088184,1.1131320472526944
2026-01-02 04:54:00,1.1132725638775602,1.113313533001889,1.113174755164897,1.1132520385379858
2026-01-02 04:55:00,1.1130100675387173,1.1130605602544446,1.1129981922914363,1.1130095919467202
2026-01-02 04:56:00,1.1128361014942887,1.1129327101410096,1.1128175412116132,1.1128515395838483
2026-01-02 04:57:00,1.1126457977737345,1.1127245609903822,1.1124960746902115,1.1126913691456115
2026-01-02 04:58:00,1.112912757775687,1.1131274559050464,1.112711361812186,1.1128339152844076
2026-01-02 04:59:00,1.1130486083295608,1.113193299666796,1.1130770271479657,1.1130905072902948
2026-01-02 05:00:00,1.1130874195478773,1.1132459002429578,1.1130730061008507,1.113074839907514
2026-01-02 05:01:00,1.113025123194632,1.1130888256691058,1.1130377756190013,1.1130495166490357
2026-01-02 05:02:00,1.1130618384381346,1.1132168233000588,1.1130491628080088,1.1130600244735027
2026-01-02 05:03:00,1.1132571867059908,1.1133835524458944,1.1132226991378817,1.1132343062188939
2026-01-02 05:04:00,1.113026690419305,1.1131953347141852,1.1130078966421322,1.1130952032487653
2026-01-02 05:05:00,1.1131306277839679,1.1132231774867187,1.1130700601515262,1.1131309585961755
2026-01-02 05:06:00,1.1133367746730918,1.1133727000508378,1.1132353470795056,1.1132772382406428
2026-01-02 05:07:00,1.1134404774608084,1.1134042242611784,1.1130490034299194,1.1133524023661339
2026-01-02 05:08:00,1.113374338909961,1.1134314585147322,1.1133508601212074,1.1133808396086238
2026-01-02 05:09:00,1.1135330805828696,1.1135489479799958,1.1133654325864917,1.1135309965225086
2026-01-02 05:10:00,1.1132360783299888,1.1132149349560088,1.1130608796622452,1.1131255116785588
2026-01-02 05:11:00,1.1132839391905685,1.1133038252289666,1.1130797432397315,1.1132271929764885
2026-01-02 05:12:00,1.1130982173955566,1.1131555362138899,1.1130364577127605,1.1131290816240194
2026-01-02 05:13:00,1.1128235375169466,1.1128910626881003,1.1128283086172566,1.112854486689491
2026-01-02 05:14:00,1.112978994552509,1.1131253238594818,1.1128712315089144,1.1129311670794197
2026-01-02 05:15:00,1.1130866640046917,1.113375706412089,1.1130136726836184,1.113137215861194
2026-01-02 05:16:00,1.113170984921567,1.1131512103168797,1.1131070957954727,1.113116598584
2026-01-02 05:17:00,1.113276244764268,1.113308731194137,1.1130866968280237,1.1132595297660803
2026-01-02 05:18:00,1.1135272575429802,1.113707793518264,1.113459996084484,1.1135013715047788
2026-01-02 05:19:00,1.1136857719826423,1.1137144181604028,1.1136743636547526,1.1136986086728162
2026-01-02 05:20:00,1.1139131121120096,1.1140265773239477,1.1139377826739618,1.113944603352222
2026-01-02 05:21:00,1.1141290221174263,1.1140754697402413,1.113974123265957,1.1140559224758828
2026-01-02 05:22:00,1.1140549006576903,1.1140969602438764,1.1138934689018936,1.114067237521718
2026-01-02 05:23:00,1.1138063958961046,1.1139936683341083,1.1138184082543814,1.1138269426499334
2026-01-02 05:24:00,1.11378602642332,1.1140024325585265,1.1137830286323411,1.1137900332767139
2026-01-02 05:25:00,1.1136731973940523,1.1137049079131736,1.1135910044047006,1.1136635462874165
2026-01-02 05:26:00,1.1139376464387052,1.1142027463680488,1.1139704175344538,1.1139891876950412
2026-01-02 05:27:00,1.1139345612484661,1.1139910082450974,1.1138589313797602,1.1139628048231764
2026-01-02 05:28:00,1.1139503839404987,1.1141463428405172,1.113980550476702,1.113981285544194
2026-01-02 05:29:00,1.1141062723658306,1.1141269295655531,1.1139557242977134,1.1140640083506002
2026-01-02 05:30:00,1.114026250589156,1.1140737534669722,1.1138780224962972,1.114070548717556
2026-01-02 05:31:00,1.1142370179807328,1.1143281588438594,1.114252094125472,1.1143248063736206
2026-01-02 05:32:00,1.1141330542412151,1.1144531680772962,1.114173502812091,1.1142314089693603
2026-01-02 05:33:00,1.1141870810809122,1.114377417870431,1.1142138909932466,1.114260600087646
2026-01-02 05:34:00,1.1142173064099337,1.1142589170077297,1.1140189366575965,1.1141492294997912
2026-01-02 05:35:00,1.1139520364530824,1.1140334327309114,1.1138847229340778,1.1139512261231082
2026-01-02 05:36:00,1.1138845232138126,1.1139466760700407,1.1137163493451951,1.1138594607594723
2026-01-02 05:37:00,1.1138807296262714,1.113886308884186,1.1138469022622344,1.1138539052399152
2026-01-02 05:38:00,1.1137923191021573,1.113871920195923,1.113754759876267,1.1137895099062376
2026-01-02 05:39:00,1.1136819076944238,1.1137020617005287,1.1136014171875794,1.1136856467592564
2026-01-02 05:40:00,1.1135269254611966,1.1135948923066596,1.113466714224357,1.1134746991397058
2026-01-02 05:41:00,1.113469533099527,1.1134631121480745,1.113401072789191,1.1134622333038113
2026-01-02 05:42:00,1.1133064801216699,1.1132423116524495,1.113052924719371,1.1132365252477068
2026-01-02 05:43:00,1.1133815751395246,1.1133770929055864,1.113306415973181,1.1133505336422602
2026-01-02 05:44:00,1.1133320097915262,1.113431344652964,1.11324926208853,1.1133628996052003
2026-01-02 05:45:00,1.113119410179087,1.113186386761942,1.1131211020731195,1.1131442668802807
2026-01-02 05:46:00,1.1130615122784004,1.113195528656443,1.1130322820428993,1.1130978855187232
2026-01-02 05:47:00,1.113045939458982,1.1130982769719562,1.1128738989104705,1.1129850620578845
2026-01-02 05:48:00,1.1130126856868001,1.1131428298599204,1.1128725516277207,1.1130329382344475
2026-01-02 05:49:00,1.1131940821615107,1.1133027484768634,1.1131660676640496,1.1132340058013508
2026-01-02 05:50:00,1.1129687188329604,1.1129615843523624,1.1127976273127058,1.112952729930904
2026-01-02 05:51:00,1.1129651254874575,1.1130153729843915,1.1128194642428884,1.1129699838427762
2026-01-02 05:52:00,1.1129606923490698,1.1130349696966886,1.1127883918784038,1.1129459639234411
2026-01-02 05:53:00,1.1131411556301034,1.1131073910763172,1.113044785883778,1.1130466649349087
2026-01-02 05:54:00,1.1131242979694407,1.1130986645545744,1.1129463518131106,1.1130786444291443
2026-01-02 05:55:00,1.1129671995570984,1.1131057718243906,1.1129106815155787,1.1129658490293834
2026-01-02 05:56:00,1.1128475697698232,1.1130719051736147,1.1127313663455487,1.1129179909390337
2026-01-02 05:57:00,1.1127735889356527,1.11295582688154,1.112722558616651,1.112798587060513
2026-01-02 05:58:00,1.11299554043643,1.1129882007089962,1.1127870580446984,1.1129599881313028
2026-01-02 05:59:00,1.1129046328266206,1.113086255169102,1.1128140768862425,1.1129631848786037
2026-01-02 06:00:00,1.113355411996283,1.1133432587642433,1.1132483156096598,1.1132483634814665
2026-01-02 06:01:00,1.1132399851875263,1.1133299546468667,1.1132358499700605,1.1132392643593945
2026-01-02 06:02:00,1.1131354457640183,1.1133680489296203,1.1130817059199611,1.1131330033443578
2026-01-02 06:03:00,1.1128726139258178,1.1130732330056556,1.112861594025482,1.1129059461854658
2026-01-02 06:04:00,1.1126603121218663,1.112721873218935,1.112628250320604,1.1126354752340275
2026-01-02 06:05:00,1.1123399547522506,1.1124105081005513,1.112341638608383,1.1123978548425766
2026-01-02 06:06:00,1.1125461684696836,1.1125289562744212,1.1122957179905117,1.1124379238402284
2026-01-02 06:07:00,1.1125801001589455,1.112583749118546,1.1124927293994187,1.112514232593713
2026-01-02 06:08:00,1.112326268810668,1.1123146173544798,1.1121697173301637,1.1122770539884081
2026-01-02 06:09:00,1.11234178828523,1.1125417914245628,1.1123243524836541,1.1124113097355195
2026-01-02 06:10:00,1.11234912124129,1.1123830168341855,1.1122578770310279,1.112338850577767
2026-01-02 06:11:00,1.1124213238494656,1.112504242532046,1.112235746738027,1.1123608695295648
2026-01-02 06:12:00,1.112632357893771,1.1126864431963346,1.1125742838355874,1.112602702623803
2026-01-02 06:13:00,1.1126871230659512,1.1129479174326455,1.1125804493702034,1.112737228521183
2026-01-02 06:14:00,1.1126644442362317,1.1128393447352167,1.1126323891161012,1.112696948923997
2026-01-02 06:15:00,1.1125406732832845,1.112581123007157,1.1124928736225055,1.1125632700901849
2026-01-02 06:16:00,1.112210325888261,1.1124369513837957,1.112151512084807,1.1122404977799853
2026-01-02 06:17:00,1.1122090637238846,1.1122807393545613,1.1120905481258472,1.112132624782099
2026-01-02 06:18:00,1.1120049045893337,1.112101192137888,1.1120888943915135,1.1121009552462748
2026-01-02 06:19:00,1.1119856742741852,1.1120072390068114,1.1118866476275373,1.1119528783172021
2026-01-02 06:20:00,1.1118685746033918,1.1121323934357341,1.1118785731617165,1.1119331897721383
2026-01-02 06:21:00,1.1118966549802096,1.1121281072091846,1.1118032712534456,1.1119447175545822
2026-01-02 06:22:00,1.1118105024889675,1.111997781403586,1.1118386894638486,1.111910989157311
2026-01-02 06:23:00,1.1117860360486294,1.1118692025320278,1.1116897149596126,1.1118134887701874
2026-01-02 06:24:00,1.1119143235535593,1.1119137152266705,1.1117269637770468,1.1118387869709825
2026-01-02 06:25:00,1.111918319280541,1.1119648259542203,1.1118228859201762,1.1119050780684179
2026-01-02 06:26:00,1.1116816001294514,1.1118910723604511,1.1115734416354626,1.1117415182068013
2026-01-02 06:27:00,1.1120040154474824,1.1119543879086942,1.1119529334435876,1.1119531580637634
2026-01-02 06:28:00,1.111999935057099,1.1119556544114022,1.1118565696254465,1.1119383698439207
2026-01-02 06:29:00,1.1119463996114145,1.1119847737370596,1.11192889542001,1.1119411972873625
2026-01-02 06:30:00,1.1121491669087584,1.1120916611376674,1.111992376054031,1.1120474294508509
2026-01-02 06:31:00,1.1121234900767716,1.112157484831241,1.1120207388595447,1.1120824118705404
2026-01-02 06:32:00,1.112259514990992,1.1123405821203853,1.1121820639589002,1.1122253823656274
2026-01-02 06:33:00,1.1122282820550493,1.1122793592874427,1.1121080780429047,1.1122684509904077
2026-01-02 06:34:00,1.1122079553084927,1.1122151823934685,1.1120321924919623,1.1121765853842116
2026-01-02 06:35:00,1.1122416504768728,1.1123484754073827,1.1122288818249553,1.1122308109129926
2026-01-02 06:36:00,1.1120852434320279,1.1121520610429936,1.1120570211280032,1.1120592519818944
2026-01-02 06:37:00,1.112041306656804,1.1122525840515385,1.112041180480057,1.112075535937761
2026-01-02 06:38:00,1.112076956383382,1.1121283627850358,1.1118830289003159,1.1120705514391642
2026-01-02 06:39:00,1.1119984908355627,1.1120651347641932,1.1120288825069657,1.1120393339105734
2026-01-02 06:40:00,1.1119126966788593,1.1120836756551227,1.111960236068824,1.1120200532838576
2026-01-02 06:41:00,1.1117876911554618,1.111794281974388,1.1116402226334714,1.1117377759270328
2026-01-02 06:42:00,1.1115803477417874,1.1118425746391027,1.11157867342452,1.1116554671908718
2026-01-02 06:43:00,1.111674753249282,1.1117544823349468,1.111616754839532,1.111669393926043
2026-01-02 06:44:00,1.111710022491315,1.1119374945570897,1.1116862303015844,1.1116933723848426
2026-01-02 06:45:00,1.1115555492644968,1.1115829337916767,1.1115283362511967,1.1115392211137036
2026-01-02 06:46:00,1.1117149233361534,1.1117382828035647,1.111625779866342,1.1117290772898334
2026-01-02 06:47:00,1.111612711636365,1.11164677509794,1.1114681534071635,1.111599151062601
2026-01-02 06:48:00,1.1117681179961694,1.1119975624176055,1.1115162457792187,1.1117445696426802
2026-01-02 06:49:00,1.1118453970377487,1.111908008097354,1.1117873055272522,1.111808648796961
2026-01-02 06:50:00,1.1117983867674537,1.111823756492378,1.111664861574794,1.1117117147004845
2026-01-02 06:51:00,1.1119897210419507,1.112053497954033,1.111962784396795,1.1119780113343758
2026-01-02 06:52:00,1.1118021682518633,1.1118021801243088,1.111675745385871,1.1117989658096123
2026-01-02 06:53:00,1.1118915024873863,1.112109416048135,1.1118931016682359,1.1119368389356539
2026-01-02 06:54:00,1.1121087235995553,1.1120891602072922,1.1120305414501743,1.1120869262833604
2026-01-02 06:55:00,1.1120197024071559,1.1121556879653403,1.111753791236585,1.1119863332519988
2026-01-02 06:56:00,1.1121855878877942,1.1122103437860709,1.1121714718235889,1.1121952030470084
2026-01-02 06:57:00,1.1121849266950277,1.112186964615716,1.1120549001695927,1.1121576960698185
2026-01-02 06:58:00,1.1121863743045333,1.112262816159079,1.112161795335944,1.1122010001142106
2026-01-02 06:59:00,1.1122735980226308,1.1123298995604816,1.1122372163636585,1.1122400483900263
2026-01-02 07:00:00,1.1122655321945072,1.1123024853561296,1.1121777660533751,1.1122199020788057
2026-01-02 07:01:00,1.1123864547131161,1.1125261629118395,1.1122399940823546,1.1123415233197795
2026-01-02 07:02:00,1.1124664388441696,1.112653882602634,1.1123982230381986,1.1124605466278625
2026-01-02 07:03:00,1.112146268424296,1.112223941911743,1.1120345546528767,1.1121982668318768
2026-01-02 07:04:00,1.1123633222156764,1.112395069377116,1.1123766365331191,1.1123939178683084
2026-01-02 07:05:00,1.1121743019362973,1.112247610050927,1.1120316376279198,1.112144544070103
2026-01-02 07:06:00,1.1124218666160415,1.1124089058509772,1.1122927658980521,1.1122994260007544
2026-01-02 07:07:00,1.112451395732702,1.1125490309443844,1.1122459933604176,1.1124684317712785
2026-01-02 07:08:00,1.1123275786906657,1.1123574423200597,1.1122710964803486,1.1123047868067462
2026-01-02 07:09:00,1.1122153620356792,1.1123753994070213,1.1121979372257882,1.112243164663553
2026-01-02 07:10:00,1.1120286106110675,1.1121182154571134,1.1119097453338955,1.11207730896328
2026-01-02 07:11:00,1.1120112550155579,1.1121117335970825,1.1120256713294803,1.1120450708087368
2026-01-02 07:12:00,1.111894742067274,1.1121338582298952,1.1119580171322945,1.111998865666109
2026-01-02 07:13:00,1.1121834864990947,1.112161334636431,1.1120296859357108,1.1121158147459493
2026-01-02 07:14:00,1.1122008545452216,1.1124470864496254,1.1122767183458149,1.1123123610578673
2026-01-02 07:15:00,1.1125085222179658,1.11261159361051,1.1123691950858197,1.1125217136294858
2026-01-02 07:16:00,1.1123784820307314,1.1124924901315216,1.1124179094633706,1.112437388425499
2026-01-02 07:17:00,1.1123617861336692,1.1124793533511053,1.1123754742290854,1.1124060051444373
2026-01-02 07:18:00,1.112222315548591,1.1121835720112074,1.1121235694389953,1.1121534894156042
2026-01-02 07:19:00,1.1120426622551314,1.1121953400784246,1.1119702492175965,1.1120326089056298
2026-01-02 07:20:00,1.1121290668426353,1.112196035671567,1.112169002115497,1.1121773366505945
2026-01-02 07:21:00,1.1123901982175017,1.112424101406111,1.1123863360685657,1.1124196740741266
2026-01-02 07:22:00,1.1121962476823226,1.112307417668348,1.1122013718045147,1.1122345217433447
2026-01-02 07:23:00,1.1121434748208678,1.11216455353424,1.1121376158718754,1.1121456521044717
2026-01-02 07:24:00,1.1121503358251672,1.1121597207289782,1.1121376389466961,1.1121416912409279
2026-01-02 07:25:00,1.1122784941534123,1.1122652022296418,1.1121075980108457,1.112183715414751
2026-01-02 07:26:00,1.1119664598484627,1.1122099011411628,1.1120502105833496,1.1120622748867626
2026-01-02 07:27:00,1.1121241434276943,1.112306441486701,1.11209089550852,1.1121258840434323
2026-01-02 07:28:00,1.1120390297567448,1.1121181354118426,1.1120367273968628,1.1120548081413715
2026-01-02 07:29:00,1.1120999677271257,1.1120623163110586,1.1119811738890557,1.1120526403007398
2026-01-02 07:30:00,1.1121523238438493,1.1122356669114424,1.1120985918285837,1.1121345829379403
2026-01-02 07:31:00,1.1121650643888177,1.112488451797169,1.1119324304071045,1.112135546278412
2026-01-02 07:32:00,1.1120873427041338,1.112194537039822,1.1119788205187635,1.1120700883948331
2026-01-02 07:33:00,1.11200704736798,1.1120986296456168,1.1120257812908563,1.1120536469242441
2026-01-02 07:34:00,1.1121009557551882,1.112111147708893,1.1120016436140365,1.1120403924803635
2026-01-02 07:35:00,1.112024816071112,1.1120387698563388,1.1119601736646567,1.1119848908258811
2026-01-02 07:36:00,1.1119918479060673,1.1120180926185816,1.111912947485593,1.111946071416481
2026-01-02 07:37:00,1.1122490710005821,1.1122984339888367,1.1121579444819345,1.1121858684920567
2026-01-02 07:38:00,1.1122908901642805,1.1122741355454264,1.1120989888991086,1.112270006409248
2026-01-02 07:39:00,1.1122997339817493,1.1123731346302483,1.1121219672142904,1.1122256843615435
2026-01-02 07:40:00,1.1123491095008093,1.112424908278871,1.1122669692422558,1.11233022752222
2026-01-02 07:41:00,1.1122692016693554,1.1122856548923599,1.1121558674401504,1.1122801545987566
2026-01-02 07:42:00,1.1124557930988703,1.1124983667916848,1.1122292155670994,1.1124561232943946
2026-01-02 07:43:00,1.1125103774348175,1.1125581884844191,1.1124138624086102,1.1125115696232244
2026-01-02 07:44:00,1.1124695047355193,1.112532194695045,1.112471207655481,1.1124954743016238
2026-01-02 07:45:00,1.112644226282914,1.1125913882310121,1.1123046026506263,1.1125626318404953
2026-01-02 07:46:00,1.1123418151859603,1.1124434054809256,1.1122726747211877,1.112327000417685
2026-01-02 07:47:00,1.1121627222211403,1.11219378434079,1.1119772263324306,1.1121579852973487
2026-01-02 07:48:00,1.111998310259135,1.1120648578977768,1.1119099309958986,1.1119788965463888
2026-01-02 07:49:00,1.11214933073644,1.1120893948916624,1.1119950167669759,1.1120003380106032
2026-01-02 07:50:00,1.1122036290510962,1.1124711990845886,1.1122348469050962,1.112260215260526
2026-01-02 07:51:00,1.112552658356869,1.1127288429414028,1.1124634353964238,1.1125949102824548
2026-01-02 07:52:00,1.1126215893967986,1.1127592718229864,1.1126771189248732,1.112690617947671
2026-01-02 07:53:00,1.112754114656991,1.1128820822244292,1.1126939807051517,1.1127657446189128
2026-01-02 07:54:00,1.112507861880956,1.1126024651909292,1.1123852101025296,1.1124955859587897
2026-01-02 07:55:00,1.1123909187629126,1.1125427848594813,1.1123882253241597,1.1124141848888296
2026-01-02 07:56:00,1.1122690309861358,1.1124048584496107,1.112218629608699,1.1122960173260434
2026-01-02 07:57:00,1.112210010429637,1.1124589404822414,1.1121187860586095,1.1122028901863057
2026-01-02 07:58:00,1.1121525632222766,1.1123527612077109,1.1121202299784048,1.112177668613518
2026-01-02 07:59:00,1.1121223638182227,1.1121100068781964,1.1120571180735495,1.1121068550268636
2026-01-02 08:00:00,1.1118656717726443,1.111835697365949,1.1117385050791608,1.111809960055307
2026-01-02 08:01:00,1.111955998117215,1.1119852312340195,1.1118912411499144,1.1119221465937248
2026-01-02 08:02:00,1.111805285807222,1.111804470411284,1.1117478409515686,1.1117612351398638
2026-01-02 08:03:00,1.1118514180900558,1.1118688403595527,1.1117359528573103,1.1117971221694805
2026-01-02 08:04:00,1.1121223759779488,1.1123114699463728,1.1120585469572088,1.112108234569943
2026-01-02 08:05:00,1.1119623948299027,1.112102482459856,1.1119629381875924,1.111970326881205
2026-01-02 08:06:00,1.1115521710992489,1.111592893027578,1.1113467963060943,1.111590783752793
2026-01-02 08:07:00,1.1115283242113294,1.1116609898430614,1.111517758871502,1.1115478831195111
2026-01-02 08:08:00,1.111686842788127,1.1117197548112523,1.1116519082145357,1.1117130270647608
2026-01-02 08:09:00,1.1120433627992248,1.112114245286837,1.111923540238397,1.1120067791828938
2026-01-02 08:10:00,1.1118396858714557,1.1119005821359762,1.1117731700824605,1.111822346743726
2026-01-02 08:11:00,1.111931689520347,1.1119821681578528,1.1116791222824565,1.1118968516272114
2026-01-02 08:12:00,1.1117690382158896,1.1118518031134585,1.1117871293941,1.1118270550586946
2026-01-02 08:13:00,1.111882750279761,1.1118121292476804,1.111720475752088,1.111811162805549
2026-01-02 08:14:00,1.112186465289026,1.1122957107049085,1.1121702214830544,1.1122078143076015
2026-01-02 08:15:00,1.1119273679262385,1.1120304296176768,1.1119562503042142,1.111982368758342
2026-01-02 08:16:00,1.1119984688193254,1.1121650860366916,1.1119412551801655,1.1120204297075664
2026-01-02 08:17:00,1.1122147719829607,1.1121365696095629,1.1120333933983502,1.1120905836833312
2026-01-02 08:18:00,1.1122340657887475,1.1122964151299248,1.1121893404666567,1.1122534516320721
2026-01-02 08:19:00,1.1122518942815192,1.112398260031732,1.1121022621356471,1.1122681491050928
2026-01-02 08:20:00,1.1123047514519868,1.1123572547577556,1.1122158973965288,1.1123143566860183
2026-01-02 08:21:00,1.1122481783817335,1.1123520863903353,1.112176542169036,1.112255609400905
2026-01-02 08:22:00,1.1122569046388018,1.1124259771793181,1.1122172508127794,1.1122959784420918
2026-01-02 08:23:00,1.1122516602549275,1.112340530117576,1.112198542051936,1.1122444996007672
2026-01-02 08:24:00,1.1123915151296555,1.1125171545709005,1.1121359578029282,1.1123377353842456
2026-01-02 08:25:00,1.112298008299613,1.1123906083551052,1.1122779030036514,1.112282293833839
2026-01-02 08:26:00,1.1122833006279793,1.1125227107552516,1.1122811326562043,1.1123388588929244
2026-01-02 08:27:00,1.112317252175625,1.1124242812032838,1.1121893781780123,1.1123344694708717
2026-01-02 08:28:00,1.1124758006384825,1.1125401554611447,1.1124208809398284,1.1125033770084876
2026-01-02 08:29:00,1.112498314923361,1.1125659212813426,1.1123755860499656,1.1124956679499491
2026-01-02 08:30:00,1.1122962356632962,1.1123629579145076,1.1121023067213665,1.112229713079718
2026-01-02 08:31:00,1.1124115571650242,1.1125361180680957,1.112163747289623,1.1124190013048252
2026-01-02 08:32:00,1.1122787337162523,1.1124296389343065,1.1122429104574205,1.1122831414596959
2026-01-02 08:33:00,1.1122739587498396,1.1122519219999838,1.1118857058486324,1.1121850765088985
2026-01-02 08:34:00,1.1121395376143757,1.1121955367775689,1.1120125985252438,1.112095727314792
2026-01-02 08:35:00,1.112330597092873,1.1124773215140498,1.1122527981337944,1.1123018930287676
2026-01-02 08:36:00,1.112079448477436,1.1119909946534297,1.1118430547872913,1.1119815418966708
2026-01-02 08:37:00,1.1124766947394595,1.1126328130885035,1.1124125413827977,1.1124522041767197
2026-01-02 08:38:00,1.1125112863409807,1.1128773032203116,1.1125272985457468,1.1126106126980797
2026-01-02 08:39:00,1.1126857318230932,1.1126538141139077,1.112537502163226,1.112644098535199
2026-01-02 08:40:00,1.1125562640122506,1.1127475325626135,1.1126340812096536,1.1126358644351066
2026-01-02 08:41:00,1.1127012978147646,1.1127019070101283,1.1126749408604646,1.1126786975463354
2026-01-02 08:42:00,1.1126711787318857,1.112806754230069,1.112636598759815,1.1127568659105922
2026-01-02 08:43:00,1.1128303054779647,1.1128878631135974,1.1127546468770944,1.1128536482484848
2026-01-02 08:44:00,1.1129187996919048,1.1129564966109275,1.1128544791883908,1.1129369889183853
2026-01-02 08:45:00,1.112911920065212,1.1130041738910343,1.1129457798932583,1.1129504260205736
2026-01-02 08:46:00,1.112903382657668,1.1129786712304153,1.1129130366848294,1.1129208252575276
2026-01-02 08:47:00,1.1129497623509976,1.1129058836949688,1.1127437249986272,1.1128981342649795
2026-01-02 08:48:00,1.1128332003773185,1.112874741034826,1.1128303925061327,1.1128688980229264
2026-01-02 08:49:00,1.1130662205814321,1.1131216038691898,1.1127682069680895,1.1130389635374567
2026-01-02 08:50:00,1.1130797145638185,1.1132346002629616,1.1131017328470116,1.1131279970457988
2026-01-02 08:51:00,1.1126774637717796,1.1126920929714599,1.1125419371149823,1.112686938750599
2026-01-02 08:52:00,1.112801515830395,1.112976524413984,1.1126887267746175,1.1127853238670786
2026-01-02 08:53:00,1.1127647078754554,1.1129309403115448,1.1127333173491136,1.1128145342962863
2026-01-02 08:54:00,1.112746141961174,1.1129466458877084,1.1127453941504684,1.1128117279828196
2026-01-02 08:55:00,1.1127780441223851,1.112755893398874,1.1126159352756522,1.1127534502148562
2026-01-02 08:56:00,1.1129782211428212,1.1129541668792227,1.112901718922509,1.1129220671228541
2026-01-02 08:57:00,1.1130602428411982,1.1131644197088428,1.1129231158636634,1.1130641960921726
2026-01-02 08:58:00,1.1129253987966712,1.1131042899949521,1.112912597681274,1.112948264441999
2026-01-02 08:59:00,1.113017106054452,1.1132044825763558,1.1127856251773616,1.1130093222850677
2026-01-02 09:00:00,1.1128663477708247,1.1129951179055915,1.112730637868993,1.1128635737748864
2026-01-02 09:01:00,1.1126687761772036,1.1127875754603083,1.112628180019734,1.112656631050168
2026-01-02 09:02:00,1.1124362112114639,1.1125903124020564,1.1123102777302283,1.1125626234664796
2026-01-02 09:03:00,1.1126385272727786,1.1127591545662627,1.11266188895804,1.112691982487337
2026-01-02 09:04:00,1.1127926897388716,1.112960367342843,1.11277067952888,1.1128349512441433
2026-01-02 09:05:00,1.1129194574385834,1.1129674157273124,1.1128398501340222,1.112911914057158
2026-01-02 09:06:00,1.1130299723193664,1.1131609153535276,1.1130129420521568,1.1130206784251853
2026-01-02 09:07:00,1.1131299141926867,1.1133072145955256,1.1130091788257765,1.1130981051682525
2026-01-02 09:08:00,1.1130147620164295,1.113004126534167,1.1127472774753746,1.113001882928969
2026-01-02 09:09:00,1.1130016345571507,1.1130724663648464,1.1128954408419263,1.11306667131067
2026-01-02 09:10:00,1.1132590829703335,1.113245540406971,1.1131344806465133,1.1131867327394542
2026-01-02 09:11:00,1.1133634723540975,1.113396110955853,1.1131547660402796,1.1132998764389264
2026-01-02 09:12:00,1.1134153035801462,1.1135728022603029,1.11343759830299,1.1134782134446475
2026-01-02 09:13:00,1.1136010942864463,1.1136918212161184,1.113489760745166,1.1135844590217276
2026-01-02 09:14:00,1.113607405033597,1.113700260807938,1.1135920414980724,1.113637176252859
2026-01-02 09:15:00,1.1138046419880663,1.113827485469102,1.1136795794346632,1.1137976987886062
2026-01-02 09:16:00,1.1138463861137011,1.1138706237652634,1.11378643835646,1.113793720599719
2026-01-02 09:17:00,1.1137679446153508,1.1137141783081987,1.1135776379965812,1.1136614394020348
2026-01-02 09:18:00,1.1136745432427004,1.1136374900206458,1.1136269097701614,1.1136369793574432
2026-01-02 09:19:00,1.1135399906974779,1.1135651203371648,1.1134306125784477,1.1135252439607224
2026-01-02 09:20:00,1.1134069761610608,1.1135024857277072,1.1133064858137176,1.1134239672194761
2026-01-02 09:21:00,1.1134113961624195,1.1135800575151058,1.1132143913243935,1.1134022894188689
2026-01-02 09:22:00,1.1133514150253851,1.1133549009957076,1.113250646925131,1.1132834264307188
2026-01-02 09:23:00,1.113234996763435,1.1132606046070581,1.1132330661989347,1.113237232201273
2026-01-02 09:24:00,1.1129088843686625,1.1130239357723164,1.11295159913539,1.11295319000123
2026-01-02 09:25:00,1.11290419956406,1.1130628772265714,1.112967134451728,1.112985184057336
2026-01-02 09:26:00,1.1130110172720107,1.113146156384752,1.112924320896659,1.11298536487864
2026-01-02 09:27:00,1.1128751659902614,1.112998146948742,1.1128592608400754,1.1128628015839799
2026-01-02 09:28:00,1.1129293930255817,1.1130963456005059,1.1129248826060305,1.1129616884342448
2026-01-02 09:29:00,1.1131536246611742,1.1132466909868053,1.1130615650204227,1.1131023239548887
2026-01-02 09:30:00,1.1128401011320141,1.112890327873715,1.1128000383950296,1.1128611899752334
2026-01-02 09:31:00,1.1127400490538573,1.1127499997671522,1.1126680269260156,1.1127467812584484
2026-01-02 09:32:00,1.1126305766993154,1.1127186916142981,1.1125667570580329,1.1126314099059804
2026-01-02 09:33:00,1.112472876803707,1.1125636325359574,1.1124057473299132,1.112490424440814
2026-01-02 09:34:00,1.1126266389203914,1.1126457522907778,1.1126129457588778,1.112614845667104
2026-01-02 09:35:00,1.1126433475035846,1.1126262540871688,1.1125336462656024,1.112585771746288
2026-01-02 09:36:00,1.1124889704251855,1.1125496041667697,1.112484253798517,1.1125460945200913
2026-01-02 09:37:00,1.112269941172354,1.1123309084562762,1.112172769772958,1.1122455151654302
2026-01-02 09:38:00,1.112349435803442,1.1124698739440995,1.112277009465889,1.1123408278699618
2026-01-02 09:39:00,1.112162627302211,1.1121604590349867,1.1121336664986146,1.1121549391107337
2026-01-02 09:40:00,1.1122075212337672,1.1123687998310434,1.1121042965363643,1.1121639290052736
2026-01-02 09:41:00,1.1122080004172283,1.1123680847729875,1.112152672064434,1.1122055355459675
2026-01-02 09:42:00,1.1124336457984385,1.1124653122126276,1.1123549753627742,1.1124096343353431
2026-01-02 09:43:00,1.1122491045069538,1.1122165751591444,1.1120975593148943,1.1122133112754753
2026-01-02 09:44:00,1.1117351661920831,1.1118741225618651,1.1116637697508613,1.1117603844521022
2026-01-02 09:45:00,1.1118029210568559,1.1118279088210754,1.1117388344817425,1.1117879618838151
2026-01-02 09:46:00,1.1120454991806814,1.11208908583646,1.111945279465921,1.112058038561042
2026-01-02 09:47:00,1.1122372464249968,1.1123566068932382,1.1119990218151654,1.1122438805139827
2026-01-02 09:48:00,1.11225922635645,1.1123910235659968,1.1121349678051669,1.112275329426274
2026-01-02 09:49:00,1.112225138018634,1.1122338344644582,1.112106657681001,1.1122015839984292
2026-01-02 09:50:00,1.1123267346233758,1.1124590629873066,1.1122795240062362,1.1123226523879248
2026-01-02 09:51:00,1.1121963476596848,1.112229808232998,1.1120592062207209,1.112176620457969
2026-01-02 09:52:00,1.1122471982552278,1.112298165856281,1.1122356440294845,1.1122480741233725
2026-01-02 09:53:00,1.112243688596624,1.1124221270744752,1.112316019358623,1.1123238946472476
2026-01-02 09:54:00,1.1124844945541774,1.1126434617296086,1.1123523678617913,1.1124829261333724
2026-01-02 09:55:00,1.1129000520369667,1.1130192687736327,1.112825544049181,1.112896875139209
2026-01-02 09:56:00,1.1129678673311434,1.1131128795341196,1.1129295430336434,1.1129557375342858
2026-01-02 09:57:00,1.1128497065307454,1.112972630114748,1.1126457860299275,1.1128793929904297
2026-01-02 09:58:00,1.1128157833577677,1.1131041345680504,1.1127020805642884,1.1128755568436008
2026-01-02 09:59:00,1.1126414257901123,1.1126884545941225,1.1125031486335655,1.1126101954578675
2026-01-02 10:00:00,1.1124923081603775,1.1125826273358614,1.1124732974017804,1.1125059884882043
2026-01-02 10:01:00,1.1124531583248713,1.1124859856167146,1.112434455339515,1.1124445961224871
2026-01-02 10:02:00,1.1123519098588026,1.1124120625871585,1.1123561827661186,1.112365982862797
2026-01-02 10:03:00,1.1123885330023133,1.1125410695254303,1.1123078498951149,1.112388836093602
2026-01-02 10:04:00,1.112243008836348,1.112345270629203,1.1120983468577144,1.1122654731037447
2026-01-02 10:05:00,1.1123852235243856,1.1124891386266362,1.112408478336849,1.1124336277038434
2026-01-02 10:06:00,1.1124573453466196,1.1124348757318092,1.112368150961818,1.112433658763581
2026-01-02 10:07:00,1.112402107710999,1.1124415511655497,1.1123993745617375,1.1124322637154103
2026-01-02 10:08:00,1.1123912770819782,1.1125102343600226,1.1122813263655404,1.1123830795079335
2026-01-02 10:09:00,1.1124268811216074,1.1125216665436863,1.1123600664725637,1.1124063581105124
2026-01-02 10:10:00,1.1125007822144324,1.112626902297113,1.1124225837947708,1.1125301228502125
2026-01-02 10:11:00,1.112339859036137,1.112439952533606,1.112289003331291,1.1124000533178557
2026-01-02 10:12:00,1.112422640125187,1.1124063407486497,1.112193082143626,1.1123013358444944
2026-01-02 10:13:00,1.1122293883463807,1.1122882427637282,1.1121897621534442,1.112255776940178
2026-01-02 10:14:00,1.1120850671595872,1.112068195365138,1.1120370625382334,1.112053896301657
2026-01-02 10:15:00,1.1120279808001772,1.1121036086845655,1.1119070609238206,1.1119310076226987
2026-01-02 10:16:00,1.1118990698790097,1.1118866111613432,1.111722490287184,1.111859574491667
2026-01-02 10:17:00,1.1119757107283326,1.1119934713008144,1.1118312408479654,1.111990732868774
2026-01-02 10:18:00,1.1120267612487473,1.1122254277879513,1.1120288894147738,1.1120301170681242
2026-01-02 10:19:00,1.1120175251938424,1.1121278512180393,1.1120307627660688,1.1120591555548294
2026-01-02 10:20:00,1.1122308750705026,1.1123403963673257,1.1121290898051819,1.1121867902491547
2026-01-02 10:21:00,1.1121944980162977,1.1122259382514843,1.112033496724958,1.1121661844808948
2026-01-02 10:22:00,1.112199032917471,1.112295884531079,1.1121643512198367,1.112224754208384
2026-01-02 10:23:00,1.1121571622050892,1.112220983367059,1.1121873505266808,1.112209270945444
2026-01-02 10:24:00,1.1121830136109707,1.1122726976624804,1.1121817324165786,1.112249075297854
2026-01-02 10:25:00,1.1122109871994024,1.1122555770561893,1.112145482345152,1.1121616614992123
2026-01-02 10:26:00,1.1118018575819186,1.1118342776631303,1.1117611665238467,1.111795838925471
2026-01-02 10:27:00,1.1117864462779596,1.1117962737505107,1.1117419944136748,1.111775697051143
2026-01-02 10:28:00,1.1119479618402648,1.1121496712548145,1.1119394844149333,1.111989109271558
2026-01-02 10:29:00,1.112054866426729,1.1123361156344334,1.1119797582952555,1.1121280415818942
2026-01-02 10:30:00,1.1123209818833184,1.1123934330466543,1.112202372260339,1.1122728512045827
2026-01-02 10:31:00,1.1124603727647038,1.11255195033635,1.1123773166240285,1.1124582708128539
2026-01-02 10:32:00,1.112516931184501,1.112608777370225,1.1124421678115672,1.112471569451498
2026-01-02 10:33:00,1.112481870151283,1.1126191610206126,1.1123508513006488,1.1125011668076088
2026-01-02 10:34:00,1.1123966781311418,1.1124817088302172,1.1123040523702306,1.1124085190232937
2026-01-02 10:35:00,1.1123967730037208,1.1124865599651277,1.1123156205148232,1.1123611080948896
2026-01-02 10:36:00,1.1124900911713378,1.1125335439621098,1.1124523798621593,1.1124534737673553
2026-01-02 10:37:00,1.112673934714065,1.1128400409331045,1.1125900721442834,1.1126340564329307
2026-01-02 10:38:00,1.1125983794289231,1.112669011875273,1.112445497149794,1.1126131394915784
2026-01-02 10:39:00,1.1125763384637333,1.112561258839463,1.1124730075019278,1.1125456111018508
2026-01-02 10:40:00,1.112601145268953,1.1125799829334113,1.1124198016751048,1.1125456902956792
2026-01-02 10:41:00,1.1126306327074347,1.1127602182208534,1.1126264031690716,1.1126358713080187
2026-01-02 10:42:00,1.1123936186674097,1.1124972306181244,1.11233857151785,1.1124192930855985
2026-01-02 10:43:00,1.112142003322794,1.1121400548008813,1.1120690793267065,1.112074865942628
2026-01-02 10:44:00,1.1119595631285266,1.1120231814166641,1.1119118102338323,1.1119922854152042
2026-01-02 10:45:00,1.1118406523761728,1.1120196368311936,1.11165334905564,1.1118091785513171
2026-01-02 10:46:00,1.1117300364061442,1.111746765362512,1.1116539184140166,1.1117329575216701
2026-01-02 10:47:00,1.1116187121930232,1.1118994033442426,1.1116587392241846,1.1117107904738475
2026-01-02 10:48:00,1.1116992329158677,1.111648109143787,1.111519208892271,1.1116428032124939
2026-01-02 10:49:00,1.1117227806611871,1.1119472023182781,1.1116586677012124,1.1118606733426646
2026-01-02 10:50:00,1.111810478654017,1.1119573727034193,1.1118508712622206,1.1119096850573549
2026-01-02 10:51:00,1.1119811227152707,1.1121224677983153,1.111823691632866,1.1119547562112966
2026-01-02 10:52:00,1.112074440842837,1.112194137372845,1.1120473617130564,1.112048087282903
2026-01-02 10:53:00,1.111845383322342,1.1119963883833992,1.1118460915559893,1.111877262315236
2026-01-02 10:54:00,1.112040520187864,1.1121006427889897,1.1119669554221392,1.112033129083349
2026-01-02 10:55:00,1.1118951929380798,1.1121933677651998,1.1119989457114725,1.1120217644403687
2026-01-02 10:56:00,1.1121576853061783,1.112393415962859,1.1119878248155937,1.112122336532955
2026-01-02 10:57:00,1.1119740442223516,1.1119679324765492,1.1119013682319057,1.111961557947999
2026-01-02 10:58:00,1.1117262119904299,1.111816242535312,1.111657582694133,1.1117284941330965
2026-01-02 10:59:00,1.1118522196559069,1.1119918863012785,1.1118349552601101,1.1118511775818
2026-01-02 11:00:00,1.1119323017195244,1.1119296408134807,1.1117441099837075,1.1119076390107148
2026-01-02 11:01:00,1.1117708862013862,1.1117850719648001,1.1116804696317089,1.1117723312775611
2026-01-02 11:02:00,1.1115481790402333,1.1116521463682238,1.1116268940120178,1.11164188181537
2026-01-02 11:03:00,1.1119205136447583,1.1118404766486545,1.111699467788043,1.1118106970330321
2026-01-02 11:04:00,1.1116923252900734,1.1116956077801137,1.1115859129433463,1.111632285249102
2026-01-02 11:05:00,1.1118144389589926,1.1119174491753567,1.1117619361097024,1.1118786861920904
2026-01-02 11:06:00,1.1117263362203695,1.1119370894936174,1.1117295614590885,1.1117435930818933
2026-01-02 11:07:00,1.1118275501612267,1.1118542880202995,1.1116375712258553,1.1118393518707346
2026-01-02 11:08:00,1.1118440015776976,1.1120268068647094,1.1117789367658881,1.1117900590993721
2026-01-02 11:09:00,1.1117725737672686,1.1119159142771238,1.1118478046565274,1.1118805372140346
2026-01-02 11:10:00,1.111773969700496,1.1118968501367457,1.111749746149642,1.1117989201137175
2026-01-02 11:11:00,1.1116864693556399,1.1117908372132983,1.1116981618698485,1.1117745011778066
2026-01-02 11:12:00,1.1117663842783245,1.1119120465522683,1.1117350222193678,1.1117806390541158
2026-01-02 11:13:00,1.1116066858910947,1.1117251858052757,1.1115800534583116,1.1116303109357488
2026-01-02 11:14:00,1.1117454192909308,1.111847560213413,1.1117085456378948,1.1117414345875618
2026-01-02 11:15:00,1.1116342088326405,1.1117077915092595,1.111592519792408,1.111664452552591
2026-01-02 11:16:00,1.1115926113957204,1.1118054820454966,1.1116131932494928,1.11163016256529
2026-01-02 11:17:00,1.1115119929936867,1.1115175254204184,1.1114328133763933,1.1114810101590986
2026-01-02 11:18:00,1.1111193937473265,1.1111807094088302,1.1110207417556626,1.1110966601102794
2026-01-02 11:19:00,1.1110955758630283,1.111136729790929,1.1109858773074823,1.1110680059458895
2026-01-02 11:20:00,1.1114210532546067,1.1114734772320936,1.1113353485286654,1.1114298982591313
2026-01-02 11:21:00,1.1115190019732049,1.111631733853729,1.1115396492641776,1.111547588902316
2026-01-02 11:22:00,1.111538757221255,1.1115924838304263,1.111516196371146,1.111544699845356
2026-01-02 11:23:00,1.111530324324478,1.111509726874193,1.111474626678266,1.1115052662209746
2026-01-02 11:24:00,1.111399797119848,1.111642854118021,1.111418763427495,1.1115086361048965
2026-01-02 11:25:00,1.1116104095686912,1.1117841127467185,1.1115299229741697,1.1115907039721726
2026-01-02 11:26:00,1.1114290389592432,1.1114158901157716,1.1114000219258864,1.1114135820498765
2026-01-02 11:27:00,1.111583837849381,1.1116432206635423,1.1115021310228064,1.1115807303040768
2026-01-02 11:28:00,1.1116805718302993,1.111707382358892,1.1115707407314765,1.111688037501393
2026-01-02 11:29:00,1.1116674593909524,1.1119267518771925,1.1117433894311464,1.111795765360249
2026-01-02 11:30:00,1.1118395440579154,1.1118689712540464,1.1116655683228749,1.1118615367210705
2026-01-02 11:31:00,1.1119539511552787,1.1118829343639434,1.1118331550503553,1.1118644792197248
2026-01-02 11:32:00,1.111966053469898,1.112024641359821,1.1118611155789386,1.1119654084051196
2026-01-02 11:33:00,1.112038816033247,1.112064111906676,1.112017275320322,1.112054180525181
2026-01-02 11:34:00,1.1120019197283193,1.1120401152923678,1.1119627744970915,1.1120010744185398
2026-01-02 11:35:00,1.1119327727960366,1.1119666485565638,1.111871627303887,1.1119150341526052
2026-01-02 11:36:00,1.1119632536091288,1.1119955654262161,1.1119260269721285,1.1119303125968945
2026-01-02 11:37:00,1.1121512216114608,1.1122237833348207,1.1121552382506,1.1121626656196189
2026-01-02 11:38:00,1.1119980455383904,1.1120295989604474,1.111885640220612,1.1119767995582708
2026-01-02 11:39:00,1.111840503308546,1.1118919776844245,1.1116576646453362,1.111756670768408
2026-01-02 11:40:00,1.1118316974345648,1.1121034865301918,1.1116657721578782,1.1117813848945932
2026-01-02 11:41:00,1.1119060330606645,1.111828577933348,1.1116781415603312,1.1117890180498717
2026-01-02 11:42:00,1.1117821807816097,1.1118184464809473,1.1117782832646126,1.1118150192995273
2026-01-02 11:43:00,1.1119354217545885,1.1120196993251372,1.1116913278544958,1.1118516122792135
2026-01-02 11:44:00,1.1117785982590223,1.1118491046189318,1.111782872631312,1.1118181319410183
2026-01-02 11:45:00,1.1120592897641457,1.1120891866559917,1.111971514224538,1.1120416114568086
2026-01-02 11:46:00,1.1118380996864992,1.1118604397831728,1.111694141842351,1.1118014758600372
2026-01-02 11:47:00,1.1116516624467248,1.1119423841126246,1.1115957328625907,1.11167720130632
2026-01-02 11:48:00,1.1116661113061717,1.1117983520334833,1.1116305922633805,1.1116617130922979
2026-01-02 11:49:00,1.1114607578257474,1.1114890084410933,1.1113061300989053,1.1114152347706248
2026-01-02 11:50:00,1.1113533430650444,1.1114575133846352,1.1111681018533928,1.11138885660996
2026-01-02 11:51:00,1.1117215463077965,1.1117121845128872,1.1116117930848728,1.111638077134819
2026-01-02 11:52:00,1.1115719802768271,1.1117288798166254,1.1115234013712072,1.1116412101080635
2026-01-02 11:53:00,1.1117727998160576,1.1117418612391563,1.111563398645445,1.1116758152439212
2026-01-02 11:54:00,1.1115368568358854,1.1115253398532368,1.1114167695443935,1.1114867905291455
2026-01-02 11:55:00,1.111389850039123,1.1116014740358733,1.1112993210649342,1.1113943363179395
2026-01-02 11:56:00,1.111317923450329,1.1114548310534436,1.1113274496032521,1.1113380568608908
2026-01-02 11:57:00,1.1112650481832378,1.1113679040926792,1.111219620434962,1.1112903995963774
2026-01-02 11:58:00,1.1114758563836151,1.1115680955119018,1.111416696621944,1.111482646165628
2026-01-02 11:59:00,1.1115638750316592,1.1116066064115404,1.111549251356667,1.1115662998247366
2026-01-02 12:00:00,1.1114623424435277,1.1114268048037288,1.1113580719975236,1.111399581131196
2026-01-02 12:01:00,1.1115349895529802,1.1114422838890432,1.1113660419820672,1.111436556847961
2026-01-02 12:02:00,1.1115212591062682,1.1115660968027063,1.111487758393387,1.1115112901102355
2026-01-02 12:03:00,1.1116400310416144,1.1118162614026668,1.111676661698571,1.1116823124660138
2026-01-02 12:04:00,1.1118921072669672,1.1119936322060422,1.1117635585729848,1.111919393568999
2026-01-02 12:05:00,1.111757974900994,1.1117787291474568,1.1117008988259878,1.1117671294402247
2026-01-02 12:06:00,1.1115939947082785,1.1118352895428092,1.1115764656269307,1.1116455008135433
2026-01-02 12:07:00,1.1113979170646007,1.1114682453885474,1.1114482777446262,1.111456864134706
2026-01-02 12:08:00,1.1115266175164586,1.111530283382206,1.111414171277332,1.11142176115584
2026-01-02 12:09:00,1.1115068455883041,1.1114955704288854,1.1114836829547443,1.111491714912007
2026-01-02 12:10:00,1.1115981584328112,1.111688180953239,1.1113873641618346,1.1116398150894953
2026-01-02 12:11:00,1.111669252614467,1.1116530948783603,1.111591337246678,1.111628422435949
2026-01-02 12:12:00,1.1115215280012203,1.1115972872786637,1.1113768550504501,1.1115804453074607
2026-01-02 12:13:00,1.1115484084039045,1.111663573580194,1.1115489291091263,1.111603209006298
2026-01-02 12:14:00,1.1114377854510002,1.1116153986978112,1.1112847003623039,1.1114779375710535
2026-01-02 12:15:00,1.111874094043351,1.1118273364640763,1.111758388553603,1.1117913683793077
2026-01-02 12:16:00,1.1115375752219512,1.1116689269931141,1.1113514882022673,1.11155021922524
2026-01-02 12:17:00,1.1114558449627292,1.1116744092858373,1.1114907712649675,1.1115779303120743
2026-01-02 12:18:00,1.1119419745416175,1.11192293429584,1.1117293990919954,1.1118814712449587
2026-01-02 12:19:00,1.1118671721534346,1.1119549214750635,1.111844075203846,1.1118824912216427
2026-01-02 12:20:00,1.1117615149660987,1.11188542982548,1.11185393143013,1.1118539853663927
2026-01-02 12:21:00,1.1117845343785728,1.111836264391489,1.111770072322221,1.111800368552971
2026-01-02 12:22:00,1.111799359995537,1.1118462870944101,1.1117628546618499,1.1117733098007068
2026-01-02 12:23:00,1.1119994395302348,1.1120723372430714,1.1118398072968878,1.1119792370719082
2026-01-02 12:24:00,1.1117373785341669,1.111651760882541,1.1115961056482833,1.1116474577852087
2026-01-02 12:25:00,1.1118348344472746,1.1119461586315043,1.1116852503843762,1.111877472840403
2026-01-02 12:26:00,1.111666215273549,1.1118704095450398,1.111622958009675,1.1116638792675357
2026-01-02 12:27:00,1.1115889029542216,1.1118360445488835,1.1115812889582188,1.1116238814181505
2026-01-02 12:28:00,1.1114823851103963,1.1115878099435936,1.1114166880374952,1.1115594947551057
2026-01-02 12:29:00,1.1116920541141866,1.111850281736939,1.1115569710484954,1.1116477777455713
2026-01-02 12:30:00,1.111431222571246,1.1114238684826463,1.1113627551271315,1.1114080590927886
2026-01-02 12:31:00,1.111491568915186,1.1114807293394984,1.1113700731900211,1.111477384992701
2026-01-02 12:32:00,1.1118023709458569,1.1117892208741513,1.1117549448187218,1.111781031436194
2026-01-02 12:33:00,1.1115422816928706,1.1116756744467977,1.1114965666065344,1.111576555335505
2026-01-02 12:34:00,1.1115547265062806,1.1116797557577893,1.1115342434362439,1.1116050112606466
2026-01-02 12:35:00,1.1115075963025858,1.1115355015530797,1.1114550604948386,1.1115057139339772
2026-01-02 12:36:00,1.1116276575850268,1.1116146125783009,1.1115037496553801,1.1115695970149062
2026-01-02 12:37:00,1.1116528730382913,1.1115829050264623,1.111555076830321,1.1115724691815185
2026-01-02 12:38:00,1.1115160177805024,1.111653795230086,1.1113914083647738,1.111476246145162
2026-01-02 12:39:00,1.1115508857092309,1.1116973465897282,1.1115476840925966,1.1115494269878925
2026-01-02 12:40:00,1.1118335684008305,1.111834044371782,1.1117869928512538,1.1118200792043604
2026-01-02 12:41:00,1.1117920233285676,1.1117979460987202,1.1116235652548627,1.1117914436356013
2026-01-02 12:42:00,1.1118481101599387,1.1119807353675302,1.111768434129487,1.1118994073269237
2026-01-02 12:43:00,1.1117066487521534,1.1117898017709855,1.1116572656201438,1.111705416383243
2026-01-02 12:44:00,1.1114952095858408,1.11173631818696,1.111413827267558,1.1115619509267203
2026-01-02 12:45:00,1.1116266080070971,1.111648494170012,1.1115569270918184,1.1116328118684022
2026-01-02 12:46:00,1.1119372345282126,1.1118835523219046,1.1117721347284002,1.1118554292726828
2026-01-02 12:47:00,1.1119499142361398,1.1120577312159454,1.1118500017848139,1.1119087712750007
2026-01-02 12:48:00,1.1118156566112103,1.1119888487750547,1.1117319791214446,1.111861812570422
2026-01-02 12:49:00,1.1118580848277535,1.1119771756579073,1.1117529584644246,1.1118617062812357
2026-01-02 12:50:00,1.1116324263055526,1.1119108865575429,1.1115355524545432,1.1116741451211403
2026-01-02 12:51:00,1.1117616967316848,1.1118025989088458,1.111764189006047,1.1117648224200936
2026-01-02 12:52:00,1.1119492277702683,1.1120262666013914,1.1116810561690849,1.111897172379442
2026-01-02 12:53:00,1.1118620092264324,1.1118700562661543,1.1117062942490992,1.111829358829517
2026-01-02 12:54:00,1.1118830597113905,1.1117602530040904,1.1116367809878036,1.1117588525073532
2026-01-02 12:55:00,1.1118583581119263,1.1118551130293017,1.1117553991862925,1.111798734241801
2026-01-02 12:56:00,1.1117434263004486,1.1117923657543787,1.1116961492217288,1.1117332262813948
2026-01-02 12:57:00,1.1117571638879076,1.1118788262426156,1.1117160716416858,1.111723306389201
2026-01-02 12:58:00,1.1120281424988667,1.1121497178890767,1.1120330625925319,1.112038264657576
2026-01-02 12:59:00,1.1119448355901096,1.1121751313176813,1.1119884934105446,1.112001210802464
2026-01-02 13:00:00,1.1120127486085751,1.1120581308220896,1.111891636568973,1.1119474597796608
2026-01-02 13:01:00,1.111900778082662,1.1120777906119361,1.1118330658735147,1.1118503285088155
2026-01-02 13:02:00,1.1119499045938108,1.1119823702814278,1.1118676379741927,1.1119619573045405
2026-01-02 13:03:00,1.1119484704654043,1.1122465417914786,1.1118901789008453,1.1119347736785579
2026-01-02 13:04:00,1.111899414682179,1.1118385720781057,1.1117766713782224,1.1118373677228097
2026-01-02 13:05:00,1.1120778808989609,1.1121476400927202,1.1119020520608702,1.1120355633276506
2026-01-02 13:06:00,1.112175348715765,1.1122542435247063,1.1121126780797155,1.1122485037783276
2026-01-02 13:07:00,1.1121706212445412,1.1121635203223288,1.1121492236623847,1.1121584402434668
2026-01-02 13:08:00,1.1118700776744883,1.111894524244798,1.1117817675106552,1.1118784592507627
2026-01-02 13:09:00,1.112085236339195,1.1120958126024543,1.111957278993747,1.1120295863042382
2026-01-02 13:10:00,1.1119784439673133,1.112030802947211,1.1118959362656975,1.1119268918303742
2026-01-02 13:11:00,1.1121114160616576,1.1122142404757722,1.1119911517105487,1.1120454856702486
2026-01-02 13:12:00,1.111694075380656,1.111774481526029,1.1116639177107939,1.111749970097592
2026-01-02 13:13:00,1.1118446541216338,1.1119565391029769,1.1118766119263772,1.1118838596983367
2026-01-02 13:14:00,1.1117578880307515,1.1117649988489202,1.1116865335259238,1.1117021839089447
2026-01-02 13:15:00,1.1117822162360373,1.1119404367405041,1.1117566247416213,1.1118117985268046
2026-01-02 13:16:00,1.1117378678379344,1.1118396447278616,1.1115837720017752,1.1118139394869802
2026-01-02 13:17:00,1.1116974783984515,1.1116986038254202,1.1115945379387262,1.1116708485740707
2026-01-02 13:18:00,1.1115824322051182,1.1117031037348504,1.1115093000977248,1.1116097931271316
2026-01-02 13:19:00,1.1118022304341906,1.1118124340583153,1.1116734607939869,1.111712740895675
2026-01-02 13:20:00,1.111743434291342,1.1117974455942878,1.111619961444754,1.1117286250636425
2026-01-02 13:21:00,1.1118242999750454,1.111860647693734,1.1118060055863979,1.1118162870107133
2026-01-02 13:22:00,1.1120942909038098,1.112198135407141,1.1120478437599517,1.1121127530983905
2026-01-02 13:23:00,1.1119576586233302,1.1119424351908365,1.1117860658991272,1.1118781168566338
2026-01-02 13:24:00,1.1121386264658737,1.112190594050051,1.1119644722318136,1.112120698742879
2026-01-02 13:25:00,1.1121159271576,1.112199255919628,1.111841827504514,1.1121363521335077
2026-01-02 13:26:00,1.111961830340929,1.1120133000194194,1.1119764831058838,1.1120015345262593
2026-01-02 13:27:00,1.11179831382967,1.111803490257427,1.1117356782650158,1.1118019874823983
2026-01-02 13:28:00,1.1117247370819239,1.1119653543123829,1.1117283319911022,1.1117736194237817
2026-01-02 13:29:00,1.1119633108126545,1.112058979581108,1.11188524564553,1.1119118669405705
2026-01-02 13:30:00,1.1118023174698126,1.1119263623614386,1.1118001379595286,1.1118927345725138
2026-01-02 13:31:00,1.1121124321106342,1.1121931107481662,1.1119896913824143,1.1121194078120509
2026-01-02 13:32:00,1.1119322381357977,1.1120074039496715,1.1116648980043033,1.1119017314585433
2026-01-02 13:33:00,1.1119170240873717,1.1119965988267912,1.1118143133068887,1.1118999181163662
2026-01-02 13:34:00,1.1116761949510534,1.1117839759663397,1.1115436586979246,1.1117120590997043
2026-01-02 13:35:00,1.1117996168174336,1.1119485810608294,1.1116957009918667,1.1117666038820981
2026-01-02 13:36:00,1.1118553350211933,1.111907945923387,1.1118180288862012,1.1118996369906127
2026-01-02 13:37:00,1.1118354034887357,1.111901410914151,1.1117188883159435,1.1118365227215605
2026-01-02 13:38:00,1.1114784827216655,1.111504330740726,1.1113186668803432,1.1114458906430664
2026-01-02 13:39:00,1.1114988785040607,1.1117209698563728,1.1114044302800425,1.111475732865086
2026-01-02 13:40:00,1.1115074916972751,1.1117396070130896,1.11134650966058,1.111541243647846
2026-01-02 13:41:00,1.1116617625869185,1.111603075904542,1.111592954274543,1.1116018878610903
2026-01-02 13:42:00,1.1117915899184379,1.1118259138128541,1.1116760505056533,1.1117872551898635
2026-01-02 13:43:00,1.1116637469084631,1.1117625268978526,1.111571445564906,1.1116265971379162
2026-01-02 13:44:00,1.1118050846040675,1.1117433435042152,1.1115779373238202,1.1117286295537339
2026-01-02 13:45:00,1.111963381708044,1.1119731680876854,1.1118928842009677,1.1119075056806054
2026-01-02 13:46:00,1.111696724013321,1.1117281165181052,1.111580245656341,1.1116407175430045
2026-01-02 13:47:00,1.1116982993133848,1.1116965092415005,1.1116257094802857,1.1116886653168923
2026-01-02 13:48:00,1.1116527350982865,1.1116313377872056,1.1115245056990193,1.1116130383422411
2026-01-02 13:49:00,1.1116114897700042,1.1116842370755828,1.1115235462523108,1.111600809941276
2026-01-02 13:50:00,1.1115924951904177,1.111824728628643,1.111450861181719,1.1116529614138067
2026-01-02 13:51:00,1.111595014318815,1.1116034913701776,1.1115628826580843,1.1115798771291896
2026-01-02 13:52:00,1.1114913389665024,1.111569017121465,1.111462430423488,1.1114785209173155
2026-01-02 13:53:00,1.1115128302480148,1.1115062244548464,1.1113648053128646,1.1114836437799387
2026-01-02 13:54:00,1.1113141570403484,1.111464199841065,1.1113011770177323,1.1113205568891091
2026-01-02 13:55:00,1.1111196103419383,1.111228074752318,1.1110549760897122,1.1111576831197765
2026-01-02 13:56:00,1.1112924144163787,1.1113650595577165,1.111238032317878,1.11125958911222
2026-01-02 13:57:00,1.1110216063925835,1.1110939930376658,1.111060453311964,1.111087270006946
2026-01-02 13:58:00,1.1112601578388752,1.1111954761396177,1.1111598857571239,1.1111872168820824
2026-01-02 13:59:00,1.1112450346729503,1.111333602449144,1.1111361725932927,1.1112566055760105
2026-01-02 14:00:00,1.1110100109752947,1.1110752308490983,1.1107920759846213,1.110997734566692
2026-01-02 14:01:00,1.1109240277765056,1.111032909292523,1.1108490148858292,1.1108960998688415
2026-01-02 14:02:00,1.111104750681541,1.1112719079755495,1.1110096046591127,1.1110752162792987
2026-01-02 14:03:00,1.1108575922346302,1.1109319558523247,1.1108511199219049,1.1109280414496279
2026-01-02 14:04:00,1.1108995851393086,1.1109833518522998,1.1108444212975699,1.1108583808102814
2026-01-02 14:05:00,1.110942847635688,1.1110333396513317,1.110867010441763,1.110927689944269
2026-01-02 14:06:00,1.1110134354514336,1.1111527206747798,1.11102061659848,1.1110451985206615
2026-01-02 14:07:00,1.1109699843402074,1.1111121953286107,1.1108657037120322,1.1110074676877548
2026-01-02 14:08:00,1.1109011385044483,1.1110041848865702,1.110884613888426,1.1109178411585512
2026-01-02 14:09:00,1.1110662595534755,1.111132752946693,1.1110699415475704,1.111131196637806
2026-01-02 14:10:00,1.1114781449569249,1.1116874564814998,1.1113458570832409,1.1113920315873755
2026-01-02 14:11:00,1.11161316786125,1.111603033009358,1.111408459977209,1.1115388602949927
2026-01-02 14:12:00,1.1115742430264264,1.111614249618146,1.111439014644703,1.1115516580163776
2026-01-02 14:13:00,1.1114192482373142,1.1115282436519374,1.11127021889267,1.1114304181581314
2026-01-02 14:14:00,1.111295996097751,1.1113180757976027,1.1112080511995481,1.111305851497148
2026-01-02 14:15:00,1.1114221318982465,1.11142612495749,1.1112571756905232,1.1113842286129378
2026-01-02 14:16:00,1.1115348796910463,1.1115294495470476,1.1114125248623703,1.1114469883460711
2026-01-02 14:17:00,1.1116287082980332,1.1117631081498378,1.1115936024515143,1.111657228135013
2026-01-02 14:18:00,1.1116989163467623,1.111826346947442,1.1116769369442123,1.1117547956488936
2026-01-02 14:19:00,1.1116067156423093,1.1116414835248145,1.111464927111334,1.1115293336036296
2026-01-02 14:20:00,1.1115977688169087,1.1117532282517506,1.1116644194409735,1.111687125746288
2026-01-02 14:21:00,1.111486990111778,1.111588910522834,1.111529694481031,1.1115374166521907
2026-01-02 14:22:00,1.1114674780667724,1.1115254907229002,1.1113503061069783,1.1114798209613979
2026-01-02 14:23:00,1.1114393293189455,1.1115512503437166,1.1114768568569542,1.1115173509923357
2026-01-02 14:24:00,1.1118723085689437,1.1118623260646563,1.1117328353520513,1.1118167011158033
2026-01-02 14:25:00,1.1123260341627295,1.1125876545531286,1.1122150980162906,1.1122831888992042
2026-01-02 14:26:00,1.1123454576967138,1.1124763608794572,1.1123059980281491,1.1123741973580745
2026-01-02 14:27:00,1.1124106985712252,1.1124903546686908,1.112242544580001,1.1123467178652664
2026-01-02 14:28:00,1.1124993583339589,1.1125319123662747,1.1123717256893129,1.1124268937125386
2026-01-02 14:29:00,1.1125543834940053,1.1126572718508931,1.1123703531516325,1.1125600420264197
2026-01-02 14:30:00,1.1124894084737076,1.1125569672213638,1.1123484411660127,1.112511941882586
2026-01-02 14:31:00,1.11289420368736,1.1128568239879186,1.1127371200024878,1.1127812235859729
2026-01-02 14:32:00,1.112851792290956,1.1128381268872463,1.1127318761339036,1.1128157341998517
2026-01-02 14:33:00,1.1129032118958637,1.113085048191851,1.112759396912042,1.1128903956632152
2026-01-02 14:34:00,1.1130584615983554,1.1131020770618272,1.112951546126522,1.1129902843010235
2026-01-02 14:35:00,1.113068618824366,1.1132074420126332,1.112978200947974,1.1130535222926157
2026-01-02 14:36:00,1.11315408233839,1.113272185364421,1.1129966986597548,1.113179363367686
2026-01-02 14:37:00,1.1130907833777284,1.1132111182175144,1.113045030686263,1.113086775389704
2026-01-02 14:38:00,1.113054962840978,1.113038563946171,1.112886157847189,1.113003030126612
2026-01-02 14:39:00,1.112738397713349,1.113018933763125,1.1128134762430475,1.1128380069916664
2026-01-02 14:40:00,1.1128895306392876,1.112967465095781,1.1128416552637368,1.1129039321762595
2026-01-02 14:41:00,1.1130899255217153,1.1130325393820055,1.1129384369688384,1.1130207726517862
2026-01-02 14:42:00,1.1130638451616544,1.113134985287334,1.1128914791541238,1.113089438581709
2026-01-02 14:43:00,1.1134179178747328,1.1133651081560283,1.1132992685664735,1.1133406124467111
2026-01-02 14:44:00,1.1134105102348548,1.1133872363924435,1.113244803005459,1.1133397730438868
2026-01-02 14:45:00,1.1134368078364512,1.1135108434744232,1.113412637458662,1.1134400842922256
2026-01-02 14:46:00,1.1132479021955604,1.1133941544455597,1.1131566776559896,1.1132763291608048
2026-01-02 14:47:00,1.1132038962617261,1.1132590777967115,1.1129752519678608,1.1132182642054336
2026-01-02 14:48:00,1.1134558255936684,1.113460158277947,1.1132860167945382,1.1133225948690684
2026-01-02 14:49:00,1.1135436814080266,1.113497324731445,1.1134428016163906,1.11344996018568
2026-01-02 14:50:00,1.1134121346921206,1.1137001699770572,1.1133174728485475,1.1134058651435303
2026-01-02 14:51:00,1.1133647175781707,1.11346757436179,1.113380816762049,1.1133951252557517
2026-01-02 14:52:00,1.1131732962455287,1.1134043729238308,1.1131168055190264,1.1131674441937496
2026-01-02 14:53:00,1.1131260811599595,1.1132534332218484,1.113046821096556,1.1131138898136286
2026-01-02 14:54:00,1.113185279351276,1.113271627495312,1.1130118553956632,1.1132474472881564
2026-01-02 14:55:00,1.1133377301040333,1.1133638687475504,1.1132022995307915,1.1133337280405724
2026-01-02 14:56:00,1.1134749481150203,1.1134124859027674,1.1133783656339442,1.1134088278987797
2026-01-02 14:57:00,1.113326326117796,1.1135900744134415,1.113359076638753,1.1134162939518568
2026-01-02 14:58:00,1.113458682623908,1.1134191581508979,1.113368430024296,1.113417353425651
2026-01-02 14:59:00,1.1133870451532326,1.1134393727099843,1.1132711182599424,1.11331830525473
2026-01-02 15:00:00,1.1133951016505057,1.1134830935172424,1.1133847877235634,1.1134231295177603
2026-01-02 15:01:00,1.1135709842473283,1.113527470759325,1.1134535121156879,1.1134862754594188
2026-01-02 15:02:00,1.1135255614334953,1.1136452373912071,1.1134872453597755,1.1135600782866177
2026-01-02 15:03:00,1.1135032271933107,1.1135721411041488,1.113404353647407,1.1134811730602177
2026-01-02 15:04:00,1.1131428329880038,1.1132033019086713,1.113066122743463,1.113158171622237
2026-01-02 15:05:00,1.1133073947111418,1.1134245356780477,1.113237740889481,1.113322744529
2026-01-02 15:06:00,1.1132200539571107,1.1133331354712674,1.113230133586785,1.1132509189105986
2026-01-02 15:07:00,1.1131564313200353,1.1132502630743575,1.1131169980981466,1.1131215025459922
2026-01-02 15:08:00,1.1132679646556658,1.1133155692289172,1.1131598533428018,1.1132255243827793
2026-01-02 15:09:00,1.1131635013768124,1.1133086680548712,1.113031168300675,1.1131667224867914
2026-01-02 15:10:00,1.1132577145337148,1.1134172606473076,1.1132609476687607,1.1133257129443985
2026-01-02 15:11:00,1.1134384223451665,1.113430909758741,1.1133852631499723,1.1134182638368348
2026-01-02 15:12:00,1.1135418999532856,1.1135710861106822,1.113283896804157,1.113520799235315
2026-01-02 15:13:00,1.1133050701280656,1.1134337924723385,1.1132961703631015,1.1133159058786348
2026-01-02 15:14:00,1.1135910590408018,1.1136288137061032,1.1134052617396402,1.1134976974764428
2026-01-02 15:15:00,1.113458688592883,1.1136232920543419,1.1134801632655846,1.113536885056128
2026-01-02 15:16:00,1.1133706292997283,1.1135121069405514,1.1134318728976669,1.113481493485241
2026-01-02 15:17:00,1.1134664600103577,1.1135261077090266,1.113498308125501,1.1135030017553424
2026-01-02 15:18:00,1.113272087697112,1.1133557539408268,1.1131809500134653,1.1132365664704076
2026-01-02 15:19:00,1.113245072160258,1.113492217280242,1.113282988318796,1.1132978643921296
2026-01-02 15:20:00,1.113094410119976,1.1132194259676775,1.112989447883528,1.1131434586659024
2026-01-02 15:21:00,1.1129881091898348,1.113006922757729,1.1128437082427634,1.1129405581230258
2026-01-02 15:22:00,1.1127353316412332,1.1128181608023555,1.112660124814524,1.1127122042450932
2026-01-02 15:23:00,1.1128979605468232,1.1129346355510323,1.1128298190101034,1.1128791075013418
2026-01-02 15:24:00,1.112823789438261,1.1128885192450195,1.1127097241529933,1.1127847179922878
2026-01-02 15:25:00,1.1129935175011116,1.1130911984691092,1.112846089453638,1.1130147771487753
2026-01-02 15:26:00,1.1129154577256146,1.1131072033128557,1.1129091715811184,1.1129344069293174
2026-01-02 15:27:00,1.1127187921993065,1.1127252378823211,1.112619932093696,1.1126783032356784
2026-01-02 15:28:00,1.1124435802306472,1.1126394109714142,1.1124367824482815,1.1125108245696862
2026-01-02 15:29:00,1.1125890603203672,1.1127467452882316,1.1126292078636655,1.1126961963126871
2026-01-02 15:30:00,1.1126511473773153,1.11269369694025,1.1126433285170758,1.1126728115859967
2026-01-02 15:31:00,1.1126371121559764,1.1125963897642317,1.1125709959936148,1.1125905684915232
2026-01-02 15:32:00,1.1126273492103502,1.1126539150150285,1.1125607736284184,1.112614571225401
2026-01-02 15:33:00,1.1127327032110323,1.112880758381724,1.1125945525317675,1.1126898386358262
2026-01-02 15:34:00,1.1127566337426902,1.1129044967578243,1.112772980731882,1.1128574484582114
2026-01-02 15:35:00,1.1130904981831116,1.1132719577906036,1.1130685498750494,1.1130747233426954
2026-01-02 15:36:00,1.1130534512710593,1.1130671831696395,1.1130034382815563,1.1130207580458271
2026-01-02 15:37:00,1.1127543110217843,1.1128827644448203,1.1126392893750583,1.1128218508929149
2026-01-02 15:38:00,1.1128029339982737,1.1128170756493618,1.1127143164806514,1.1127598311187463
2026-01-02 15:39:00,1.1127932972499086,1.112838577861722,1.1127216003569418,1.1127988731947338
2026-01-02 15:40:00,1.1128078761908824,1.112747475952489,1.1126465808320556,1.1126543093558021
2026-01-02 15:41:00,1.112401874915123,1.1125502740866864,1.1122732900902395,1.1125107367185678
2026-01-02 15:42:00,1.112630760619184,1.1125935726177658,1.112494011390169,1.1125623049008004
2026-01-02 15:43:00,1.1125352991432385,1.1126346059390657,1.112518898331726,1.1125550070480648
2026-01-02 15:44:00,1.1124790690116544,1.1125848239629046,1.1125204199067638,1.1125599265973765
2026-01-02 15:45:00,1.1124198045399933,1.1124775652468166,1.1124385335360425,1.1124461522971716
2026-01-02 15:46:00,1.1124254661521076,1.1124432004861529,1.112378719708744,1.1124115921900406
2026-01-02 15:47:00,1.1123248305518787,1.1123043910867136,1.11213227616394,1.1122729572184005
2026-01-02 15:48:00,1.1124925851944758,1.1124504019934391,1.1123518321504455,1.1124064869800692
2026-01-02 15:49:00,1.1126328690347127,1.1126450923234046,1.1125520123107002,1.1125617743802776
2026-01-02 15:50:00,1.1122365770999068,1.112413125697826,1.1121619889927359,1.112284846200942
2026-01-02 15:51:00,1.1122019278065265,1.112153220313761,1.111925195244576,1.1121454195719132
2026-01-02 15:52:00,1.1119405044315056,1.1120517178401643,1.1117873927938646,1.1119209401836496
2026-01-02 15:53:00,1.111790706442442,1.1118579470031704,1.1117458986905213,1.1118234365934885
2026-01-02 15:54:00,1.1118003253683462,1.1118153271547606,1.1117413399369573,1.11181092089802
2026-01-02 15:55:00,1.111557981982093,1.111777050990683,1.1115775412573143,1.1115934741150653
2026-01-02 15:56:00,1.1114570497601932,1.1115940615951068,1.111276739254211,1.1114551951430964
2026-01-02 15:57:00,1.1112681186431697,1.1113188393285354,1.1112880591320662,1.1113046015372843
2026-01-02 15:58:00,1.1112842919330332,1.111373826920152,1.1112029408876403,1.111335691636694
2026-01-02 15:59:00,1.1113700492436385,1.111482645933502,1.111295975573554,1.1113460932872494
2026-01-02 16:00:00,1.111269269181662,1.1113008469372632,1.111162127054067,1.111237832654249
2026-01-02 16:01:00,1.1112549759350654,1.1113217599781582,1.1111953617573802,1.1112643557850699
2026-01-02 16:02:00,1.1112507363375785,1.1111933401846918,1.1111623321057325,1.1111823537723817
2026-01-02 16:03:00,1.111128583976508,1.1111600141925344,1.1110732640384768,1.1111416055058327
2026-01-02 16:04:00,1.1113774845921214,1.111469842558158,1.111165306099123,1.1113926233193776
2026-01-02 16:05:00,1.1116267169262635,1.1117602527985149,1.111583309553643,1.1115936924771461
2026-01-02 16:06:00,1.1113921340123598,1.1114363052956144,1.11131268674947,1.111398755291607
2026-01-02 16:07:00,1.1115274550407401,1.1115931615789785,1.1114399288267733,1.1115232151542889
2026-01-02 16:08:00,1.1115189027139316,1.11183242537621,1.111561290783813,1.1116449246374627
2026-01-02 16:09:00,1.1114735205133865,1.1115906839971186,1.1112860403288733,1.1114726851441497
2026-01-02 16:10:00,1.1115041419938394,1.1117007229063085,1.1114365122312317,1.1115955017907129
2026-01-02 16:11:00,1.111765144049925,1.1118359349895046,1.1117541761807728,1.1118261915784748
2026-01-02 16:12:00,1.1115910437306005,1.111680504104152,1.111633705529752,1.1116578098575383
2026-01-02 16:13:00,1.1114680552767093,1.1115601844349474,1.1114597927302377,1.111520184434386
2026-01-02 16:14:00,1.111645390961431,1.1119017127205006,1.1115216268594985,1.1116728336544126
2026-01-02 16:15:00,1.1116892333202593,1.1118898816209268,1.111698168173638,1.1117135579510364
2026-01-02 16:16:00,1.1118294931525352,1.1118744821310798,1.1117423364129446,1.1117962793923224
2026-01-02 16:17:00,1.111858487165489,1.1119385295049977,1.1118300610099254,1.1118473677747824
2026-01-02 16:18:00,1.1118109184414808,1.1119079640025515,1.1117775641352674,1.1119059721629216
2026-01-02 16:19:00,1.1117111660755523,1.111731789355583,1.1116899840905348,1.111707001343675
2026-01-02 16:20:00,1.1118800117619974,1.111906930825448,1.1117686120915098,1.1118640989996682
2026-01-02 16:21:00,1.1120231091727197,1.1120405840114376,1.1118854617177008,1.1120395374985323
2026-01-02 16:22:00,1.112002084588077,1.11211854600145,1.1118829991484616,1.1120051288869222
2026-01-02 16:23:00,1.11200812285072,1.1121015253880628,1.1119121681947095,1.11199860734445
2026-01-02 16:24:00,1.1118071711989486,1.1119483555701866,1.1117368787714361,1.1117689412190668
2026-01-02 16:25:00,1.1117673354330961,1.1119000558837522,1.1117853273414773,1.1118460794324694
2026-01-02 16:26:00,1.1119196721967946,1.11196454163398,1.1118602913264082,1.1119318880487266
2026-01-02 16:27:00,1.1119979762010794,1.1120396518855573,1.1119140548101565,1.1119225593961766
2026-01-02 16:28:00,1.112162045465572,1.112111450737217,1.1120672668907807,1.1120912124001572
2026-01-02 16:29:00,1.112083647661899,1.112196795924181,1.1120137876011382,1.1120411008155102
2026-01-02 16:30:00,1.112152632938592,1.1121297630865663,1.1119908593116132,1.1121257917043943
2026-01-02 16:31:00,1.1120555737910105,1.1121151297443714,1.1118190404254042,1.1119728420535904
2026-01-02 16:32:00,1.1120652016310395,1.112015436439391,1.1118083070636684,1.1119693092309593
2026-01-02 16:33:00,1.1119367020928717,1.1120355918256368,1.1119103968191597,1.111943156092274
2026-01-02 16:34:00,1.1119284806584155,1.112022051682283,1.1118992660707179,1.11197695228058
2026-01-02 16:35:00,1.1119080086253736,1.1119509181800493,1.1118966981298688,1.111921523241255
2026-01-02 16:36:00,1.1120566371275928,1.1119790565630885,1.1118708745133916,1.1119018023519043
2026-01-02 16:37:00,1.1119472416104843,1.1120315058275874,1.1120044374359275,1.1120257094276205
2026-01-02 16:38:00,1.1119366678350584,1.1121115778421593,1.111937148803972,1.1119601947920348
2026-01-02 16:39:00,1.1116485736692994,1.1117822957872836,1.1116519112063208,1.111719208226924
2026-01-02 16:40:00,1.1119878840056987,1.11215813719311,1.1119521881325007,1.1119816458125549
2026-01-02 16:41:00,1.1121287293729136,1.1124680848111494,1.1121241802939417,1.1121888639243585
2026-01-02 16:42:00,1.111989586968951,1.1120041413347592,1.1119321045593955,1.1119950245200925
2026-01-02 16:43:00,1.1120009759328784,1.1121773011049592,1.1119545101612176,1.1120984806908794
2026-01-02 16:44:00,1.112053915508551,1.1122010970425873,1.1119376424455445,1.1120230344752966
2026-01-02 16:45:00,1.1121236748204195,1.1122128309902268,1.1118663507214064,1.1120625575575962
2026-01-02 16:46:00,1.112087493995845,1.1121843140274206,1.1120274908195387,1.1121066911769482
2026-01-02 16:47:00,1.112064773506547,1.1121199233513959,1.1119521921256565,1.1120715300069008
2026-01-02 16:48:00,1.1119457947955262,1.1120776832370918,1.1119219723708784,1.111953965157063
2026-01-02 16:49:00,1.1118594295329767,1.1118758316068797,1.1118393475232862,1.1118503839992153
2026-01-02 16:50:00,1.1117110467325448,1.1117587577301946,1.1116933958882083,1.1117129552118932
2026-01-02 16:51:00,1.11162658772828,1.1116357153732013,1.1114472772840174,1.1115881818806586
2026-01-02 16:52:00,1.1116397570938237,1.1116844405871342,1.1115231924695954,1.1115781051371512
2026-01-02 16:53:00,1.1114300375776602,1.1115729036152247,1.1114177418456144,1.1114707411387847
2026-01-02 16:54:00,1.1115575825240027,1.1116786479298342,1.1115306013568824,1.1115730489486415
2026-01-02 16:55:00,1.111841216844388,1.1119011413509243,1.1117458772205513,1.111796135871942
2026-01-02 16:56:00,1.1116380444333336,1.1118000968645774,1.1116216539235784,1.1117091278857365
2026-01-02 16:57:00,1.1116465024967244,1.1118209885645685,1.1117142237978714,1.1117450385608167
2026-01-02 16:58:00,1.111831307125007,1.111881668863514,1.1116406759771167,1.111819991327362
2026-01-02 16:59:00,1.1119156089885536,1.1120255912464367,1.1118859597001267,1.111890791668
2026-01-02 17:00:00,1.1118660699487897,1.111962752958181,1.1117484823580746,1.1119021849581874
2026-01-02 17:01:00,1.1119846547682353,1.1120167915580095,1.111795164260766,1.1120135873209414
2026-01-02 17:02:00,1.1120479150477565,1.11220402191221,1.1119893578724587,1.1120859246638435
2026-01-02 17:03:00,1.1118569290385274,1.112015443411398,1.1118840888239587,1.1119002753004945
2026-01-02 17:04:00,1.112065323501183,1.1122417783435627,1.1120048284366826,1.1120306487101528
2026-01-02 17:05:00,1.112104717411393,1.1122497988761242,1.112134876519675,1.1121637423357429
2026-01-02 17:06:00,1.1120359732770444,1.1120815536569932,1.1120202463799693,1.112049249420116
2026-01-02 17:07:00,1.1120096732870575,1.1120916637955132,1.112012757366817,1.1120549400954332
2026-01-02 17:08:00,1.1120846749955597,1.1121995751251317,1.1120048178484752,1.1121574394443547
2026-01-02 17:09:00,1.1121695512801553,1.1121881770454147,1.112049291463236,1.1121260423714179
2026-01-02 17:10:00,1.1122609978174742,1.1123818033736301,1.1121391376907255,1.112286989078583
2026-01-02 17:11:00,1.1126509919567968,1.112672165395929,1.1125369080419665,1.1126415699527759
2026-01-02 17:12:00,1.1124482682538905,1.1126473198765399,1.112491935784555,1.1125236720478806
2026-01-02 17:13:00,1.1122794183847198,1.1124439593801925,1.1123009907522017,1.1123165153574075
2026-01-02 17:14:00,1.112399892540783,1.112371622255868,1.1123269790175805,1.1123620881467482
2026-01-02 17:15:00,1.1125996860953093,1.1126433547040027,1.1123326993254534,1.112470322522517
2026-01-02 17:16:00,1.1123368817632207,1.1126602511561967,1.112413613651461,1.1124356925664403
2026-01-02 17:17:00,1.112643626276174,1.1126732219880668,1.112613131329283,1.1126536816659385
2026-01-02 17:18:00,1.1124735048258874,1.1126447514293678,1.1123994927162382,1.11245289079598
2026-01-02 17:19:00,1.1125260235817727,1.1125921550029785,1.1123790083166782,1.1125568285894347
2026-01-02 17:20:00,1.1125084255656705,1.1124884988086543,1.1124422642614087,1.112465949466321
2026-01-02 17:21:00,1.112680519518719,1.1127534073214111,1.1127104363833236,1.112723856152252
2026-01-02 17:22:00,1.113030425838238,1.1130786130371157,1.1129306975935964,1.1130227334552272
2026-01-02 17:23:00,1.1128816313718348,1.1129389421602651,1.1128020290659242,1.1129077349670597
2026-01-02 17:24:00,1.1128862729508213,1.1128590829060927,1.1127190773649391,1.1128253013966736
2026-01-02 17:25:00,1.1129204213545687,1.1130169816531632,1.1129406522748841,1.1129542395797205
2026-01-02 17:26:00,1.1128785762924376,1.113019055637272,1.1128668542597195,1.112896169982252
2026-01-02 17:27:00,1.112936642751437,1.112935466102792,1.1127540131434146,1.1128893582995623
2026-01-02 17:28:00,1.1128417646296889,1.112918229385854,1.1128921109191554,1.1128931665626436
2026-01-02 17:29:00,1.112608653092052,1.1126860726899028,1.112511600229801,1.1126052155892139
2026-01-02 17:30:00,1.1125120132101154,1.1126295755106201,1.1125330803875721,1.1126031399272998
2026-01-02 17:31:00,1.1124452840882588,1.1125771011430254,1.1124873350055733,1.1124996807611902
2026-01-02 17:32:00,1.1124448189016245,1.1124859747682916,1.1123167609970026,1.11242571233783
2026-01-02 17:33:00,1.1125927222628738,1.1126424354424609,1.1124987990522601,1.1126422571383505
2026-01-02 17:34:00,1.1124265524576173,1.1125597022750457,1.1124431305640667,1.1124537811042086
2026-01-02 17:35:00,1.112600416202323,1.1126257879838795,1.1125214921948305,1.1125757618822207
2026-01-02 17:36:00,1.1125049581356137,1.112585529106858,1.1124419913335029,1.112533917442671
2026-01-02 17:37:00,1.1125330955210575,1.1127044090403797,1.1124173677655869,1.1124919534173967
2026-01-02 17:38:00,1.1126212923411787,1.1128878906957977,1.1125920481023606,1.1126105092018044
2026-01-02 17:39:00,1.112683301051586,1.1126794788681302,1.1125457456035956,1.1126615168959897
2026-01-02 17:40:00,1.1128091571255097,1.1129196782248543,1.112696035290612,1.1127471088455727
2026-01-02 17:41:00,1.1129083276977834,1.1129045209910657,1.112790541600039,1.1128923365446526
2026-01-02 17:42:00,1.1129195826516987,1.1129179820345172,1.112766793894882,1.1128426402871752
2026-01-02 17:43:00,1.1127963678911508,1.112760787408509,1.1126528632031774,1.112750804776999
2026-01-02 17:44:00,1.1125618595765236,1.112654765536137,1.1125741820958213,1.1125880321980153
2026-01-02 17:45:00,1.1125288780222695,1.1126884122119693,1.1123472013851115,1.1124642206185185
2026-01-02 17:46:00,1.11291977808336,1.1129271303510184,1.1129060806952924,1.1129065847823147
2026-01-02 17:47:00,1.113073552733992,1.1131708473798854,1.1130489648501825,1.1130932867194252
2026-01-02 17:48:00,1.1129045448492603,1.1129706591051107,1.1127380640714897,1.1128906255644941
2026-01-02 17:49:00,1.112747873212202,1.1127421555965804,1.1126370444125095,1.1126922568709825
2026-01-02 17:50:00,1.1127872890349524,1.1129390229209026,1.1126864963196474,1.1127645367802403
2026-01-02 17:51:00,1.1129377461414744,1.1130871102540723,1.112834874737931,1.112846626499847
2026-01-02 17:52:00,1.1129832856030395,1.1129506798688973,1.1128935372135529,1.1129289590751446
2026-01-02 17:53:00,1.1129168737077815,1.1129371924285025,1.1128068979841514,1.1128907157061114
2026-01-02 17:54:00,1.112820594162974,1.112989620208856,1.1128561739279081,1.112871897567111
2026-01-02 17:55:00,1.1129120928700345,1.1129679335118896,1.1129151868602827,1.112921079495735
2026-01-02 17:56:00,1.1129375466536666,1.1131122540066856,1.1128853887319334,1.112933963446679
2026-01-02 17:57:00,1.1126358999658277,1.1126258024294693,1.1123903743725405,1.1126010683907668
2026-01-02 17:58:00,1.1125984650982441,1.1128044980502558,1.1124777537531447,1.1125665984461806
2026-01-02 17:59:00,1.1124473645015525,1.1125058924482232,1.1124300268704068,1.1124388874810416
2026-01-02 18:00:00,1.1124711866896466,1.112563709165023,1.1124648493948164,1.1124651691938778
2026-01-02 18:01:00,1.112948980889022,1.1130715426083069,1.1128604720982358,1.1129129580442683
2026-01-02 18:02:00,1.112925150982808,1.1129857287124558,1.1128730807237377,1.1129680802940896
2026-01-02 18:03:00,1.113005826632126,1.1129661734427772,1.112865775762457,1.1129210508411636
2026-01-02 18:04:00,1.112956962722202,1.113066631796661,1.1129821061700889,1.11305932106646
2026-01-02 18:05:00,1.1132044947236501,1.1132108013414501,1.113066387411162,1.1131317242495415
2026-01-02 18:06:00,1.113192479146688,1.1132963321454656,1.1130876189373224,1.1131947384231093
2026-01-02 18:07:00,1.1133358950028052,1.1133261039866884,1.1131524449559536,1.1132857660120916
2026-01-02 18:08:00,1.1136124395685307,1.113742766163086,1.1135190429084543,1.1135942475468161
2026-01-02 18:09:00,1.1134419160020628,1.1136295617300842,1.1134225641085804,1.1134246142815172
2026-01-02 18:10:00,1.1135233718168402,1.1136217440450389,1.1134956272318923,1.113495659093039
2026-01-02 18:11:00,1.1133971546379962,1.113418368321189,1.1133009737925803,1.1133567019235417
2026-01-02 18:12:00,1.1134235872791638,1.113448826175206,1.1134130203793584,1.113440028820493
2026-01-02 18:13:00,1.1133539658002964,1.1133462533074552,1.1131934165974493,1.1133022258437701
2026-01-02 18:14:00,1.1131853972905505,1.1132925206631497,1.1131693051755038,1.1132396208217294
2026-01-02 18:15:00,1.1131950908059274,1.1133029309994378,1.1130420181257017,1.1131953573345936
2026-01-02 18:16:00,1.113383528338709,1.1133848754069515,1.1132714080170099,1.1133417298424955
2026-01-02 18:17:00,1.1135292488880675,1.1136915067305988,1.1134470614116623,1.1134794980090867
2026-01-02 18:18:00,1.1133156798450328,1.1133662467679666,1.1131806205224757,1.1132926404026198
2026-01-02 18:19:00,1.1132812108973722,1.113331974270905,1.1132275413821784,1.11330088051927
2026-01-02 18:20:00,1.1132392789299759,1.1132554315457766,1.1131085331136525,1.1131944435410575
2026-01-02 18:21:00,1.1129721994925004,1.1130096604507935,1.1129332145775528,1.1130056678044562
2026-01-02 18:22:00,1.1130606857005798,1.11305260755828,1.1129407469714883,1.1129731152468925
2026-01-02 18:23:00,1.1129226092837492,1.1130617563391354,1.112900188098196,1.112926842828624
2026-01-02 18:24:00,1.1132138690168656,1.1133966673109583,1.1132257709360691,1.113290850301576
2026-01-02 18:25:00,1.1132960601019792,1.113402845260118,1.11327997789343,1.11335579427538
2026-01-02 18:26:00,1.1131513338321108,1.113150337918185,1.113126273215875,1.113149151650267
2026-01-02 18:27:00,1.1130714268132076,1.1131625143504826,1.1130476663961553,1.1130644355496413
2026-01-02 18:28:00,1.1133161258782034,1.1132916374490938,1.1131860133903193,1.1132176430439558
2026-01-02 18:29:00,1.1134789844930055,1.1136988841981084,1.113415042757552,1.1135309094598862
2026-01-02 18:30:00,1.1132949850730156,1.1133272225670154,1.1132422031916083,1.1132930119630504
2026-01-02 18:31:00,1.1129580522349256,1.1132027492201222,1.1128519387195939,1.1130110233052797
2026-01-02 18:32:00,1.1132670353389247,1.1134442252523915,1.113239295305044,1.1132916680815854
2026-01-02 18:33:00,1.1134343088096945,1.113465526546669,1.1132895558099325,1.113350110208191
2026-01-02 18:34:00,1.1131630494872518,1.1133053864491844,1.1131763928015972,1.1132198662984096
2026-01-02 18:35:00,1.1133294127825313,1.1133264896823432,1.1131505409025977,1.113300060661328
2026-01-02 18:36:00,1.112924343868426,1.1130360767181324,1.1129038918245342,1.1129046985004754
2026-01-02 18:37:00,1.112903996255147,1.1129067519905376,1.1129044339613168,1.112905204826465
2026-01-02 18:38:00,1.1129803498335509,1.1130411755446443,1.1128422133787381,1.1129543780023914
2026-01-02 18:39:00,1.113035017504225,1.1131143778475425,1.1129478966016961,1.113093018523322
2026-01-02 18:40:00,1.1130237502558682,1.1130942025275705,1.1129321787758328,1.1129409341304781
2026-01-02 18:41:00,1.1130500294794448,1.1130666462719983,1.1129304794854835,1.1129537872046886
2026-01-02 18:42:00,1.1128173287456677,1.1129122179105715,1.1127732469742475,1.1128149735107797
2026-01-02 18:43:00,1.1129744363806617,1.112940559815578,1.1128449400006564,1.112853281074131
2026-01-02 18:44:00,1.112699027729199,1.1127552795542572,1.1126087014883945,1.1127189791257766
2026-01-02 18:45:00,1.1126777855995953,1.1128298717519984,1.1126142819386158,1.1126577639999025
2026-01-02 18:46:00,1.1125799861438728,1.1125442320482353,1.1124550591876226,1.112508391690684
2026-01-02 18:47:00,1.1125831119039464,1.1127285621158236,1.1125710651189225,1.1126060621269576
2026-01-02 18:48:00,1.112665752341512,1.1128524831198348,1.1125676325472766,1.112734829794456
2026-01-02 18:49:00,1.1126190508556815,1.1127580089223186,1.11265236748119,1.1126996367089623
2026-01-02 18:50:00,1.1128084137364014,1.1128139471792844,1.1125983565618556,1.1127053724082063
2026-01-02 18:51:00,1.1124616324634795,1.1124910633125236,1.1124613700663653,1.1124880836960114
2026-01-02 18:52:00,1.1124338453606395,1.1125071476444939,1.1124112484584723,1.1124431321988104
2026-01-02 18:53:00,1.112379963302338,1.1125839758972744,1.1122697240437454,1.112435601506254
2026-01-02 18:54:00,1.112876137433875,1.112902201559662,1.1127528191728504,1.1128287204699085
2026-01-02 18:55:00,1.112622847423081,1.1128018482419648,1.1125507067859146,1.1126619254160424
2026-01-02 18:56:00,1.1128569888504722,1.1130968433534312,1.112725633772807,1.1128815520018553
2026-01-02 18:57:00,1.113046056838846,1.1130341594681166,1.113026203191425,1.1130310808178752
2026-01-02 18:58:00,1.1130199739821864,1.1131293692899344,1.1129485369286947,1.1130731762785486
2026-01-02 18:59:00,1.1133280402377022,1.113479859811829,1.1132227707441087,1.1133369693511779
2026-01-02 19:00:00,1.1134628956515442,1.1135117078181946,1.1133579756428904,1.113392785172069
2026-01-02 19:01:00,1.113472571771295,1.113517883566162,1.1134120290624292,1.1134511590514191
2026-01-02 19:02:00,1.113449718068088,1.1134460127413603,1.1134335255625047,1.1134431909534666
2026-01-02 19:03:00,1.1136374695213025,1.1137631589102464,1.1134654482625597,1.1136267262858293
2026-01-02 19:04:00,1.113771739916102,1.1138574502742407,1.113721272264478,1.1137911966709009
2026-01-02 19:05:00,1.1137971526937642,1.1137796306679284,1.113691348792007,1.1136973450777765
2026-01-02 19:06:00,1.11345885014206,1.1136033800149856,1.1133574735498493,1.1134994579985866
2026-01-02 19:07:00,1.1134795572110756,1.1135508090574229,1.1134419595554308,1.1134690109029775
2026-01-02 19:08:00,1.1133547563966348,1.1133886418139645,1.113188344844782,1.1133490051183177
2026-01-02 19:09:00,1.1133899145574822,1.1133564512089225,1.1132889375309523,1.1133394764321254
2026-01-02 19:10:00,1.1135802508492678,1.113609741932615,1.1134087918665498,1.113525092152328
2026-01-02 19:11:00,1.1134548959638406,1.1135172916607656,1.1133158161511918,1.113456496904065
2026-01-02 19:12:00,1.113464606721524,1.1135256232851816,1.1133677866363685,1.1134500733968682
2026-01-02 19:13:00,1.1134752035447852,1.1134689754725489,1.113161825856315,1.1134587768070896
2026-01-02 19:14:00,1.1134724343566418,1.113730735854059,1.1134393038405876,1.1135860414394203
2026-01-02 19:15:00,1.1131695585591987,1.1133150914629037,1.1131693467823598,1.1132490080393227
2026-01-02 19:16:00,1.1131277498105716,1.113315301920815,1.1131560016146076,1.1131580029951078
2026-01-02 19:17:00,1.113161615615131,1.1132949502681369,1.1131143311207865,1.1131896955489498
2026-01-02 19:18:00,1.1133097432713157,1.1134691372750827,1.1132913413449912,1.1133697073924138
2026-01-02 19:19:00,1.1133334011538565,1.113321395139026,1.1132516883992902,1.1132959220252878
2026-01-02 19:20:00,1.1130145450404323,1.1130273268572504,1.1128892232156848,1.1130144391193815
2026-01-02 19:21:00,1.1130966611089073,1.1131583052168077,1.113095098941613,1.1131073958362765
2026-01-02 19:22:00,1.1129492837142272,1.113060627468708,1.112975419711095,1.1130120914779527
2026-01-02 19:23:00,1.1128314142358768,1.1129185519641882,1.1127989550802966,1.1128336414790891
2026-01-02 19:24:00,1.112608655432832,1.1127705562274963,1.112654152347435,1.112739989670632
2026-01-02 19:25:00,1.1127041630514434,1.112785436323865,1.1126757927629534,1.1127123108669836
2026-01-02 19:26:00,1.1126247583507434,1.1127113651058305,1.112592470800734,1.112621599167303
2026-01-02 19:27:00,1.112302860007954,1.1123545130022205,1.1122112408338123,1.112290764258738
2026-01-02 19:28:00,1.112347119100097,1.1124628649329196,1.1122202189474857,1.1124253241882711
2026-01-02 19:29:00,1.1126277962812976,1.1126214384280564,1.1125855485620755,1.112616555444463
2026-01-02 19:30:00,1.1126622121796708,1.112737829322675,1.1126924268542766,1.112714283743164
2026-01-02 19:31:00,1.1125030074009856,1.112912467421743,1.1123767500844701,1.1125436308926002
2026-01-02 19:32:00,1.112549303731799,1.1125941722182826,1.1123605483642816,1.112513407162508
2026-01-02 19:33:00,1.1126131346513917,1.1125515859629593,1.112356710301986,1.1125124289652237
2026-01-02 19:34:00,1.112604816061598,1.1127527543275189,1.1125947072107654,1.112602248123658
2026-01-02 19:35:00,1.1126616444240336,1.1128104994578039,1.1126536002438996,1.1127024991969656
2026-01-02 19:36:00,1.1126018066495245,1.112608652788959,1.112424781248388,1.112592373127149
2026-01-02 19:37:00,1.1126516239184858,1.1127541754915844,1.1125485963338104,1.112604672460611
2026-01-02 19:38:00,1.112704314399597,1.112804561374298,1.1126332276923572,1.1126732645213033
2026-01-02 19:39:00,1.1130287935132483,1.1129310353922117,1.112867408751045,1.1128916378696252
2026-01-02 19:40:00,1.1129615469721441,1.1130775410339924,1.1129489660370995,1.1129973138505989
2026-01-02 19:41:00,1.1131282839277012,1.113166135727934,1.1131128234412542,1.1131156723537052
2026-01-02 19:42:00,1.1132056922455655,1.11320855743129,1.1130566950712824,1.1131282463478946
2026-01-02 19:43:00,1.113414123181526,1.1134130009505168,1.1133353585297325,1.1133398152196752
2026-01-02 19:44:00,1.1133037757427429,1.1136734708538598,1.1131676865693636,1.113401279639069
2026-01-02 19:45:00,1.1132719485715412,1.1133565620397503,1.1132292124957865,1.1132721164525432
2026-01-02 19:46:00,1.1135568479863542,1.1135927957342404,1.1134704482226834,1.1134826219480618
2026-01-02 19:47:00,1.1137318395884626,1.1136365067876264,1.113553687065276,1.1135873074389426
2026-01-02 19:48:00,1.113556040629961,1.1136814765146137,1.1134988750273795,1.1135208508357735
2026-01-02 19:49:00,1.1134305337259787,1.113488422687696,1.113305570498367,1.1134489268906635
2026-01-02 19:50:00,1.113442953064813,1.1136007061838855,1.1133004862227727,1.1134934132224348
2026-01-02 19:51:00,1.1136738281096012,1.1136482308891287,1.113552614195576,1.1135628909417248
2026-01-02 19:52:00,1.1136289218608928,1.1136890174482856,1.1135779003382722,1.1135924847815695
2026-01-02 19:53:00,1.1135967777362417,1.1137096147035712,1.1135426414615726,1.1136391810825859
2026-01-02 19:54:00,1.1138840168704558,1.114079378693254,1.1138917800505275,1.1138941746887725
2026-01-02 19:55:00,1.114070415487449,1.114096684462859,1.1139162101725804,1.1140549061616076
2026-01-02 19:56:00,1.114110691832992,1.114193262598525,1.1139799098793541,1.1140835015002974
2026-01-02 19:57:00,1.1141797171545351,1.1142608608983497,1.1141392543122983,1.1142246980874124
2026-01-02 19:58:00,1.1140391099809772,1.1142133766012,1.1140151796067168,1.1140698195018834
2026-01-02 19:59:00,1.1140468618312567,1.1143123491474596,1.114093654306619,1.1141295085593754
2026-01-02 20:00:00,1.1144528926263155,1.1146077420833784,1.1142558881951317,1.1144009045118353
2026-01-02 20:01:00,1.1143511167041882,1.1143771371554199,1.1143480937503398,1.1143681976275266
2026-01-02 20:02:00,1.1142643686206928,1.114285311467511,1.1142174653917802,1.1142410525382336
2026-01-02 20:03:00,1.1142143521303733,1.1141440119942623,1.1140383597609775,1.1141432392049446
2026-01-02 20:04:00,1.1139907877564619,1.114074325426467,1.1139488552050973,1.1139797942493432
2026-01-02 20:05:00,1.1138564314393269,1.1139173368977362,1.113700848810334,1.1138620799631243
2026-01-02 20:06:00,1.1138161998221798,1.1139938043314286,1.1136867548943317,1.1138065037483356
2026-01-02 20:07:00,1.1135988283756515,1.1138001168511789,1.1135500191345085,1.113595668695459
2026-01-02 20:08:00,1.113660319695445,1.113697734274295,1.1134184985258893,1.1135980114455513
2026-01-02 20:09:00,1.1137488949414962,1.1138392567338207,1.1135947954982253,1.1137333530216194
2026-01-02 20:10:00,1.1135699695436183,1.1137075615959695,1.1134612510722743,1.1135971895945973
2026-01-02 20:11:00,1.1138774746359879,1.1138635310952476,1.1136884610240532,1.1138250821831435
2026-01-02 20:12:00,1.1139632252142406,1.1139080399816261,1.11375077699444,1.1139017009964227
2026-01-02 20:13:00,1.1139893715529254,1.1141045670966725,1.1140180763672072,1.1140562880842664
2026-01-02 20:14:00,1.114034252095427,1.1140659712114995,1.113941544351376,1.1139576129011886
2026-01-02 20:15:00,1.114104027273909,1.1141191377545667,1.1139243133598238,1.1140857916852485
2026-01-02 20:16:00,1.1139361650976964,1.1140739968007807,1.1137875330828662,1.1139220016001892
2026-01-02 20:17:00,1.1141058699568944,1.114269118710188,1.113990405630115,1.1140555387253146
2026-01-02 20:18:00,1.1140529658067333,1.1141572933499788,1.1140339929197023,1.1140813146262836
2026-01-02 20:19:00,1.1142120105349909,1.1142482550650832,1.1141026628802282,1.1141643023092813
2026-01-02 20:20:00,1.1139691243449508,1.1141251902500986,1.1139479573750495,1.1139879631184377
2026-01-02 20:21:00,1.1137799551081107,1.1138679070899793,1.113848192497123,1.1138537026420963
2026-01-02 20:22:00,1.1138933990608788,1.114010577408035,1.1138530551593748,1.1139432868748342
2026-01-02 20:23:00,1.1138293857658457,1.1138673187835026,1.1137677306966265,1.1138010346742004
2026-01-02 20:24:00,1.1138232422010155,1.113959834452736,1.1138338522301485,1.1138705156180153
2026-01-02 20:25:00,1.113745948753206,1.1137296343593324,1.1136019144100844,1.1136654449470464
2026-01-02 20:26:00,1.1138521352516182,1.1138956407029097,1.1137789964286815,1.1137926710789463
2026-01-02 20:27:00,1.1136744645400327,1.1136561942940935,1.113575394496661,1.1136077925817311
2026-01-02 20:28:00,1.1136968765013668,1.113691044856095,1.1136404141003478,1.113690637572383
2026-01-02 20:29:00,1.1137973752932946,1.1137886081776949,1.1136222501511004,1.1137844822124299
2026-01-02 20:30:00,1.1136202808469533,1.1137549409872094,1.1136686309602548,1.1136799664396655
2026-01-02 20:31:00,1.113817059600236,1.1139687605479789,1.1137541152607104,1.1137672704247281
2026-01-02 20:32:00,1.11382532843698,1.1138397694696835,1.1137752738402444,1.1138063367642281
2026-01-02 20:33:00,1.113753875767064,1.113754508621243,1.1137082712158184,1.1137255104857993
2026-01-02 20:34:00,1.1136586428737605,1.1136580773448264,1.113415702682115,1.113574227283188
2026-01-02 20:35:00,1.1132495352802396,1.1133540821072139,1.1132441857189699,1.113279833429437
2026-01-02 20:36:00,1.1133259738590382,1.1133537347029838,1.1132675203382754,1.113332280936532
2026-01-02 20:37:00,1.1131138940669048,1.1134576690312734,1.1130482067914071,1.1130975605208275
2026-01-02 20:38:00,1.1130650903804709,1.1131819911078231,1.1130079894447997,1.1131118621507439
2026-01-02 20:39:00,1.1130629649772676,1.113159926400796,1.1130521919577532,1.1130723449183315
2026-01-02 20:40:00,1.1131988638251706,1.1132274946555794,1.113126348216582,1.1131742163346472
2026-01-02 20:41:00,1.113112638446155,1.1132094621779747,1.113113300435878,1.1131289095097237
2026-01-02 20:42:00,1.113144941812258,1.1131010037217888,1.1130107372698124,1.1130794923417717
2026-01-02 20:43:00,1.113113726719324,1.113343500610181,1.1130315499838017,1.1131892729474149
2026-01-02 20:44:00,1.1132956702137893,1.1133389668037592,1.1131501735549798,1.1132395316517776
2026-01-02 20:45:00,1.1133200143190958,1.1133771821853493,1.1131282650796517,1.113286955045355
2026-01-02 20:46:00,1.1133289037544485,1.1134073324268674,1.1131113016016168,1.1133573451838263
2026-01-02 20:47:00,1.1130807889369336,1.1131813125932741,1.1131129915723625,1.1131270093653451
2026-01-02 20:48:00,1.113136513536481,1.1132639174473886,1.1131233001713823,1.1132405276673432
2026-01-02 20:49:00,1.1132926392358247,1.113352007307513,1.1133230719198912,1.1133323979864453
2026-01-02 20:50:00,1.113232254349909,1.1132208640515335,1.1131393944100136,1.1131798955171588
2026-01-02 20:51:00,1.1131404791597939,1.11320298280495,1.1131303412784261,1.1131432834461077
2026-01-02 20:52:00,1.1131955363969832,1.1132866876634078,1.1131020753349632,1.1131373873529635
2026-01-02 20:53:00,1.113086219281772,1.113133225849263,1.1131141278860277,1.1131172128353033
2026-01-02 20:54:00,1.1132026471382939,1.1132291278869146,1.1130989537266367,1.1131672918302886
2026-01-02 20:55:00,1.113346121917459,1.1135275568954888,1.1132711294055675,1.1133819968475631
2026-01-02 20:56:00,1.1134959831064037,1.1136474272341716,1.1134019353646076,1.1135442618567142
2026-01-02 20:57:00,1.1133420726168408,1.1134883208879685,1.1133340899454882,1.1133474289776994
2026-01-02 20:58:00,1.1134074911506793,1.1134852290657464,1.1133020905341762,1.1134407394762453
2026-01-02 20:59:00,1.1135629383667238,1.1137251514136217,1.1135876951571444,1.1136400794741756
2026-01-02 21:00:00,1.1136889850172431,1.1137872870544951,1.1136797018862687,1.113698100752279
2026-01-02 21:01:00,1.1138670695868784,1.1139730772994683,1.1138111939283666,1.1138617478160568
2026-01-02 21:02:00,1.1142270063134867,1.1142292919066137,1.1140627870605948,1.114163588382912
2026-01-02 21:03:00,1.1143639850986848,1.1144166006384022,1.114240228582964,1.1143171448148281
2026-01-02 21:04:00,1.114415538264136,1.1144307171412426,1.1143034734903885,1.1143545411041744
2026-01-02 21:05:00,1.1145473222502067,1.1145412739809535,1.114417413492083,1.114511304375287
2026-01-02 21:06:00,1.114549668188199,1.1146906251312019,1.1144708781457344,1.1145330375502516
2026-01-02 21:07:00,1.1144751757614209,1.1145414029317828,1.1144033013013492,1.1145366230067444
2026-01-02 21:08:00,1.1144914044812841,1.1145565882851707,1.1141554990512585,1.1144839108713873
2026-01-02 21:09:00,1.1147482625640786,1.1148061846108983,1.1146400924515032,1.114718422875212
2026-01-02 21:10:00,1.1146685304727892,1.1146289305082793,1.114568958199144,1.1145956585753207
2026-01-02 21:11:00,1.1148598281611093,1.1149588285348704,1.1147386106064696,1.1148255137340226
2026-01-02 21:12:00,1.1149625125243137,1.1149252269489731,1.114888047689612,1.1149004933525835
2026-01-02 21:13:00,1.114638997531795,1.1147239204798622,1.1146038817374533,1.1146905974263632
2026-01-02 21:14:00,1.1147294239390046,1.1148756598023668,1.1147298055005344,1.114745744820312
2026-01-02 21:15:00,1.1144522083798474,1.1144974956522014,1.1144216136543474,1.1144307408441643
2026-01-02 21:16:00,1.1145826146812259,1.114595973558487,1.1145132088598657,1.1145245670466888
2026-01-02 21:17:00,1.1146500903368453,1.1147751937008936,1.1145126136357908,1.1146573517691372
2026-01-02 21:18:00,1.114564376077832,1.1145984498795443,1.1143746888858501,1.1145684983757895
2026-01-02 21:19:00,1.114621387545483,1.1147106008323877,1.1144928771381561,1.1145870305301828
2026-01-02 21:20:00,1.114823860603888,1.1148973582811719,1.1147441517876142,1.1148801541452453
2026-01-02 21:21:00,1.1148846623670972,1.1149481090597206,1.1147830061513304,1.114804292139606
2026-01-02 21:22:00,1.1146014991968922,1.114661980006554,1.1145493088201965,1.1146454560015475
2026-01-02 21:23:00,1.114771776040739,1.11486895769835,1.1148625342328609,1.114867705511917
2026-01-02 21:24:00,1.1151625969409227,1.1153258147549667,1.1150933172056403,1.1151620935904965
2026-01-02 21:25:00,1.1152475708763925,1.1153057834259792,1.115063117651221,1.1151626479412737
2026-01-02 21:26:00,1.1153436900531017,1.1154429273079904,1.115232894324423,1.115314367396585
2026-01-02 21:27:00,1.1155531433110648,1.1156771734310111,1.1154850255784359,1.1155155887839145
2026-01-02 21:28:00,1.1154062854371491,1.1154414809676818,1.1153992569662676,1.1154042161490338
2026-01-02 21:29:00,1.115323801398865,1.1153480695864402,1.115290632368639,1.1153314202737286
2026-01-02 21:30:00,1.1154388059822222,1.1156703250874298,1.1153402727083077,1.1155160514507019
2026-01-02 21:31:00,1.115655834279613,1.115793151100222,1.1157117451224963,1.1157688035925082
2026-01-02 21:32:00,1.1158630493384563,1.1158936514374822,1.1157075057927759,1.1158532357215343
2026-01-02 21:33:00,1.115786891028226,1.115721443055797,1.1155172289086184,1.115721263568509
2026-01-02 21:34:00,1.1160365294205052,1.11603109347711,1.1159788712267997,1.116019322735264
2026-01-02 21:35:00,1.1159708570769447,1.1161068532279248,1.1159211895828727,1.115939677100592
2026-01-02 21:36:00,1.1159685923106983,1.11616043959785,1.1158124357234926,1.1158894064334164
2026-01-02 21:37:00,1.1159571954511618,1.1159927442103998,1.1158777601054042,1.1159407571085898
2026-01-02 21:38:00,1.1161677484166816,1.1161948820024994,1.1159464718147827,1.116173881171697
2026-01-02 21:39:00,1.1162610513278974,1.1163634939666078,1.1162079405993177,1.11630197756818
2026-01-02 21:40:00,1.1164653180213828,1.1164351484912929,1.1162092871487195,1.1163642073932343
2026-01-02 21:41:00,1.1164600280617094,1.116447756021302,1.1162832793826833,1.1164337006727518
2026-01-02 21:42:00,1.1163930477872523,1.1165033519866723,1.1163209036455342,1.1164402278730483
2026-01-02 21:43:00,1.116465390416836,1.1165838938688584,1.1164958275539973,1.116523948800226
2026-01-02 21:44:00,1.1162071679749184,1.1161830858726252,1.116113845094369,1.116144514788572
2026-01-02 21:45:00,1.1160481515848912,1.1161810126796206,1.1160985292617696,1.1161000236697116
2026-01-02 21:46:00,1.1162289136678243,1.1162781255210859,1.1159389639695043,1.116136221959949
2026-01-02 21:47:00,1.1158257467075516,1.1159929050510384,1.115883940828507,1.1159635698474062
2026-01-02 21:48:00,1.1160926481049673,1.1160945002813047,1.1160069172841003,1.116021518345078
2026-01-02 21:49:00,1.1160151924024881,1.116130039750698,1.1159480331288307,1.11599084766193
2026-01-02 21:50:00,1.1162600987378302,1.1162563578987938,1.1161108649762157,1.1162541690166774
2026-01-02 21:51:00,1.1164813490537073,1.116521817176158,1.116270958149954,1.1164901219754595
2026-01-02 21:52:00,1.1165147876325214,1.1165012538639425,1.1163020944821815,1.1164202511400918
2026-01-02 21:53:00,1.1164329784262768,1.1164701115917368,1.116375612564608,1.1163976254833567
2026-01-02 21:54:00,1.1163413731680707,1.1163919385148,1.1162124632878774,1.1163865333485155
2026-01-02 21:55:00,1.1162328389292901,1.1163313392857568,1.1162788773731673,1.1163187844270916
2026-01-02 21:56:00,1.116356903035353,1.1164436440298642,1.1163058412925524,1.1163480381746957
2026-01-02 21:57:00,1.1162342423076859,1.11646605954323,1.1161518224664124,1.1162342958643627
2026-01-02 21:58:00,1.1159887101622532,1.1162054329084712,1.1160060233790485,1.116064703564122
2026-01-02 21:59:00,1.116155340571433,1.1162879206380758,1.1161312061385185,1.1161581102477072
2026-01-02 22:00:00,1.1162238429536868,1.1163839623429108,1.1161365314341005,1.1162525396853404
2026-01-02 22:01:00,1.1161323568248067,1.116203218946471,1.1159957162300573,1.1161318923213914
2026-01-02 22:02:00,1.1163024918165882,1.1163687921177539,1.1162075211599327,1.1162661956360058
2026-01-02 22:03:00,1.116246089474004,1.1162321878781412,1.1161637856906916,1.116171458976631
2026-01-02 22:04:00,1.1162548782141553,1.1163562188068366,1.1161910883396895,1.1162094337623367
2026-01-02 22:05:00,1.116296413326737,1.1163355116699882,1.116270550434685,1.1163324853642285
2026-01-02 22:06:00,1.1163458892359643,1.1165873257695305,1.1163260052798984,1.116327443479523
2026-01-02 22:07:00,1.1163988099724187,1.1165680607974309,1.1163766335204097,1.116395654616344
2026-01-02 22:08:00,1.1162515837220295,1.1163875725151469,1.1162938495222814,1.116318190169761
2026-01-02 22:09:00,1.1163086318214812,1.1164053730158687,1.1162771961955495,1.1162887201822467
2026-01-02 22:10:00,1.1163506748845107,1.1163469756577753,1.1161280472482613,1.1162578412676147
2026-01-02 22:11:00,1.1161474758458432,1.1161662900882983,1.1160812461915126,1.1161458545156338
2026-01-02 22:12:00,1.11603962925718,1.1161483825393674,1.116049212827222,1.1161193383911663
2026-01-02 22:13:00,1.1158885590798922,1.1159314601634456,1.1158147386139232,1.1158870456463368
2026-01-02 22:14:00,1.1157526869743166,1.1158949480329305,1.1157979917064773,1.1158133725842654
2026-01-02 22:15:00,1.1158138215356042,1.1158308886038881,1.115738758555902,1.11577064126026
2026-01-02 22:16:00,1.1157584575469721,1.115836220086465,1.115623696929552,1.1157322142973858
2026-01-02 22:17:00,1.1156874441778313,1.1157978766762116,1.1155691089148734,1.115695989680505
2026-01-02 22:18:00,1.1156701668372333,1.1157095021484384,1.1154084290072916,1.115686725050526
2026-01-02 22:19:00,1.115748029563158,1.1158526428714513,1.1157499264390054,1.115758641278239
2026-01-02 22:20:00,1.115890232564076,1.1159284301169674,1.115775729241644,1.115889818839359
2026-01-02 22:21:00,1.1157537423042645,1.115893876144513,1.1156559672619686,1.1157923540553316
2026-01-02 22:22:00,1.1155424862729733,1.1156226723190958,1.1155718959352616,1.1156118739270233
2026-01-02 22:23:00,1.1155125022125214,1.1157162531815017,1.1153874906205288,1.1154555672651867
2026-01-02 22:24:00,1.1153632167781826,1.1154018274637265,1.1153456065004885,1.1153824868270075
2026-01-02 22:25:00,1.1153380507845436,1.1153356678173931,1.1152351045332711,1.115329698629335
2026-01-02 22:26:00,1.1152284633169638,1.1152248175113493,1.115194393526817,1.1152141992194053
2026-01-02 22:27:00,1.1150358827437508,1.115083562589054,1.1148163461329796,1.115019781719768
2026-01-02 22:28:00,1.1148926726957917,1.1149571472568844,1.1148537210416736,1.1149513635956467
2026-01-02 22:29:00,1.1148947855804363,1.115091356391375,1.1148810440151748,1.1149785775886638
2026-01-02 22:30:00,1.1150383973823046,1.115079229075352,1.11502293773672,1.1150678320085392
2026-01-02 22:31:00,1.1150040041271938,1.1150635645235614,1.1148094049933206,1.114984218550573
2026-01-02 22:32:00,1.1148858713838778,1.1150147773392993,1.1147540041178503,1.1149222688772515
2026-01-02 22:33:00,1.1147655180632394,1.114828284320091,1.1147490396179096,1.1147832641309243
2026-01-02 22:34:00,1.1148849131260556,1.1147859345988094,1.1145282244748613,1.1147785482553683
2026-01-02 22:35:00,1.1145590127659994,1.1147706426137873,1.1146488359932545,1.1146512839602396
2026-01-02 22:36:00,1.1146995014324301,1.1148713019963623,1.1146409862787847,1.1147372531322257
2026-01-02 22:37:00,1.1145642033618643,1.1145013557862244,1.1144060091718446,1.1144693731584356
2026-01-02 22:38:00,1.114413198773968,1.1144298597095113,1.1141897561970389,1.1144154287075678
2026-01-02 22:39:00,1.1144252955501717,1.1146439653852094,1.1142998929076215,1.1144605948084465
2026-01-02 22:40:00,1.1145466084317455,1.1145715298141914,1.1143286937869905,1.1144881699858948
2026-01-02 22:41:00,1.114894886557316,1.1149601138894656,1.1147905742916107,1.114892125035492
2026-01-02 22:42:00,1.114927179619425,1.1150241920765622,1.114921806610339,1.1149445950391772
2026-01-02 22:43:00,1.1148036052960026,1.114813175804153,1.1147844260952395,1.1147939868496508
2026-01-02 22:44:00,1.1147467617721183,1.1147957231735375,1.1146836319073732,1.1147796672125874
2026-01-02 22:45:00,1.114462355709423,1.1145687588728277,1.1143377200594404,1.1145132302625675
2026-01-02 22:46:00,1.1144954604537913,1.1145439365628282,1.1144801045397954,1.114501140300173
2026-01-02 22:47:00,1.114325632043619,1.1145484893633875,1.114344073948677,1.114376181891623
2026-01-02 22:48:00,1.1145140250985468,1.1146774160846311,1.1144746493088582,1.114513490432957
2026-01-02 22:49:00,1.1144487797201414,1.114623336568974,1.1144087877855076,1.1144310593917677
2026-01-02 22:50:00,1.114456197527201,1.114471251722782,1.1142705925385457,1.1144135445043983
2026-01-02 22:51:00,1.1143746070774636,1.114336013157194,1.1142879015562186,1.1143182108281877
2026-01-02 22:52:00,1.114558751705884,1.114594554065252,1.1145619942310934,1.1145790385309655
2026-01-02 22:53:00,1.114555822846445,1.1145706804194022,1.1144581650636736,1.114530852116048
2026-01-02 22:54:00,1.11483036184488,1.1148174945355585,1.1147503213799186,1.1148057356725698
2026-01-02 22:55:00,1.1149442493726784,1.1149429991764948,1.1148664160844428,1.1149278584368876
2026-01-02 22:56:00,1.1149761954754402,1.1150580636217227,1.1149905307336765,1.1150001684459878
2026-01-02 22:57:00,1.1150040750274623,1.115145115172868,1.1150007244360687,1.1150554784180855
2026-01-02 22:58:00,1.1151396481072713,1.11515941758108,1.1150017128790668,1.115114548012818
2026-01-02 22:59:00,1.1147400539978065,1.1148488230523619,1.1146990432248365,1.114825397125916
2026-01-02 23:00:00,1.114770172645165,1.114843464250962,1.114640405726272,1.1147835646167934
2026-01-02 23:01:00,1.1147826567616888,1.1149956732102053,1.1148380602869268,1.1149103383124712
2026-01-02 23:02:00,1.1148361836137821,1.1149524227372567,1.1148836367331152,1.11490300373495
2026-01-02 23:03:00,1.1146483685610071,1.1147206097146598,1.1146279974322624,1.1146922252579294
2026-01-02 23:04:00,1.1147392008007242,1.114780614849538,1.11462980317471,1.1146843645903428
2026-01-02 23:05:00,1.1149743858190013,1.1150565399072956,1.1148918190332122,1.114939980417781
2026-01-02 23:06:00,1.1150993174409192,1.1151328974605244,1.115110688612482,1.1151270141751113
2026-01-02 23:07:00,1.115154182063463,1.1151398067462004,1.1149709217559427,1.1151177135737065
2026-01-02 23:08:00,1.1153048121134341,1.1152795433886489,1.1152145148336674,1.1152604309652652
2026-01-02 23:09:00,1.115197421669791,1.1153204256594997,1.1150954406705829,1.11520545491221
2026-01-02 23:10:00,1.1148806552669752,1.1149692351252893,1.1148559538890197,1.114949874174186
2026-01-02 23:11:00,1.1148008086604633,1.114885662915814,1.1147440831684532,1.1148112042759666
2026-01-02 23:12:00,1.115040742970984,1.115109832304187,1.1150295090478766,1.1150456375912428
2026-01-02 23:13:00,1.1149429159094268,1.1150315653894047,1.1148673107376237,1.1150045386289684
2026-01-02 23:14:00,1.1149863833717086,1.114989802852171,1.1149183928674093,1.1149680310320622
2026-01-02 23:15:00,1.1149370458953358,1.1150055203366498,1.1148151079106634,1.1149230553026208
2026-01-02 23:16:00,1.1152309279260515,1.1152790250058793,1.115107184133977,1.1152086757910569
2026-01-02 23:17:00,1.1154665157832195,1.115460351771975,1.1153926393494988,1.1154525696283613
2026-01-02 23:18:00,1.1158218788151342,1.115812981808548,1.1157459222550428,1.1157853866633785
2026-01-02 23:19:00,1.1157525634804248,1.1157977022654277,1.115725699900325,1.1157615298818184
2026-01-02 23:20:00,1.1158159628104989,1.1158121629418203,1.1157215633246642,1.1158058735551304
2026-01-02 23:21:00,1.115558490158505,1.1156231649372104,1.1154616562241557,1.1155783771727172
2026-01-02 23:22:00,1.115770692375854,1.1158657316402354,1.1157717589961265,1.115799917336635
2026-01-02 23:23:00,1.115691662885483,1.1156642787587465,1.1156065643973658,1.115624750403945
2026-01-02 23:24:00,1.115555078303433,1.1158165631481118,1.1154415451497643,1.1156572667385092
2026-01-02 23:25:00,1.1155365093588219,1.1156391924097124,1.115489010993708,1.1154926713593643
2026-01-02 23:26:00,1.1153733142915814,1.115493495684339,1.1152229160525835,1.1154043413353536
2026-01-02 23:27:00,1.115241250061814,1.1152857223976391,1.1151617136108858,1.1152787519706961
2026-01-02 23:28:00,1.115200649555798,1.1152526363437285,1.1150302493876387,1.1151875706815948
2026-01-02 23:29:00,1.1150322217955047,1.1151393670324412,1.1149946937628696,1.1151067022761223
2026-01-02 23:30:00,1.1149836608032864,1.115224704703648,1.1149055489787383,1.1150244619568837
2026-01-02 23:31:00,1.115107005061325,1.1151802191853621,1.1149738518846812,1.1151494620436506
2026-01-02 23:32:00,1.114972662711782,1.115019755228399,1.1149055146792959,1.1149837326246912
2026-01-02 23:33:00,1.1149766069543352,1.115070945968144,1.1149707572357674,1.1150168138387433
2026-01-02 23:34:00,1.1152795636458712,1.1152995706488376,1.115082609620568,1.1151995077115893
2026-01-02 23:35:00,1.115212379082737,1.1152080378043532,1.1149413642722004,1.1151225282569122
2026-01-02 23:36:00,1.1149137407471625,1.1151354426604407,1.1149429992535222,1.1150148404233
2026-01-02 23:37:00,1.1150074778647614,1.1150688588029127,1.1149579596992267,1.114980261729523
2026-01-02 23:38:00,1.115200153682731,1.115442223521709,1.1151561717125098,1.1151572205107771
2026-01-02 23:39:00,1.1152134859155396,1.1152407948954994,1.1150463310017036,1.11518633665542
2026-01-02 23:40:00,1.1150737488365743,1.1153120738953546,1.114942658843046,1.115106654511229
2026-01-02 23:41:00,1.1151670312307993,1.1151940180828108,1.1151289003351024,1.1151792360089072
2026-01-02 23:42:00,1.1149764784536929,1.1151555190723657,1.11496052954395,1.1150138921864317
2026-01-02 23:43:00,1.1150950829114403,1.1151803737512882,1.1149706399724737,1.1151160961129982
2026-01-02 23:44:00,1.11511688895772,1.115223274893656,1.1151583346901914,1.1151773872091535
2026-01-02 23:45:00,1.1151254764974008,1.115232974416204,1.1151020784928587,1.1151312159384825
2026-01-02 23:46:00,1.1149302879831502,1.115091446332555,1.11497272054691,1.1150054280687154
2026-01-02 23:47:00,1.1148624192026617,1.1149534519348105,1.1148569610760495,1.114872425930373
2026-01-02 23:48:00,1.1148902194463697,1.1150681937102065,1.1149031962816198,1.1149526485308248
2026-01-02 23:49:00,1.1151473364242879,1.115209503710643,1.115023943560595,1.1151369956061983
2026-01-02 23:50:00,1.1150074284660967,1.1151940807105016,1.1150216621836,1.115041399444144
2026-01-02 23:51:00,1.1151246864670703,1.1153004132701996,1.1150987816813287,1.1151101574496767
2026-01-02 23:52:00,1.1148511824333045,1.1150836245991949,1.1147739361284668,1.1147971033968862
2026-01-02 23:53:00,1.1147888830840929,1.114799610002232,1.1147021762155558,1.1147094107372877
2026-01-02 23:54:00,1.1145783516679062,1.1149871739399968,1.1145774306199658,1.1147047518973572
2026-01-02 23:55:00,1.1145265896801162,1.1146037200236607,1.1144365194095989,1.1145682993848098
2026-01-02 23:56:00,1.1144126691247358,1.1144870699741294,1.1142063966100029,1.1144278234285914
2026-01-02 23:57:00,1.1143506728860402,1.1143603637326087,1.1142459030441365,1.114327656495121
2026-01-02 23:58:00,1.1142889676791623,1.1144296915377794,1.1142887196533966,1.11437148540437
2026-01-02 23:59:00,1.114294281431269,1.1143832904656736,1.1142590310224867,1.114343386051609
2026-01-03 00:00:00,1.1140141692267433,1.114139659085384,1.1139769723703643,1.1140076513666104
2026-01-03 00:01:00,1.1136937907557913,1.1137134216039215,1.1134762344219433,1.113689546343715
2026-01-03 00:02:00,1.1136173974873576,1.1137270747904728,1.113495845517858,1.1135985165670366
2026-01-03 00:03:00,1.1136893533412888,1.1136728756840877,1.1136501280131852,1.1136671695549445
2026-01-03 00:04:00,1.1132719735501917,1.1132692034072098,1.1132414920282565,1.1132550438285358
2026-01-03 00:05:00,1.1131897670679445,1.1132276101625846,1.1131578094807977,1.113180084302113
2026-01-03 00:06:00,1.1131039341123017,1.1132182132865671,1.1130642554033445,1.1131011471236354
2026-01-03 00:07:00,1.1133426359448528,1.1134749202615855,1.113308232619598,1.1133093977903665
2026-01-03 00:08:00,1.1131396783852814,1.1133100969237932,1.1132395674720545,1.1132516445186096
2026-01-03 00:09:00,1.1133863095406693,1.1133359067802449,1.1132451863330375,1.1133090928663207
2026-01-03 00:10:00,1.1132200573347901,1.1133469452268652,1.113232080338722,1.113330281437334
2026-01-03 00:11:00,1.1129567383745176,1.113116691482339,1.1129676193044948,1.1130106964653628
2026-01-03 00:12:00,1.113114589508025,1.1132453462129988,1.1129928626395555,1.1131259275478576
2026-01-03 00:13:00,1.1131918676682306,1.1132595014678204,1.1130811371223943,1.1131582370236761
2026-01-03 00:14:00,1.1130847139750872,1.1134280203155986,1.113199630700491,1.1132344773196272
2026-01-03 00:15:00,1.1138220067593956,1.113878328869769,1.1137240126967558,1.1138234129755926
2026-01-03 00:16:00,1.1135504157866387,1.113643839269106,1.1135065692348245,1.113510796034668
2026-01-03 00:17:00,1.1138192264379336,1.1137815592509794,1.1137508857102356,1.1137695005321322
2026-01-03 00:18:00,1.1136915169212973,1.1138603958937876,1.113601517061746,1.1137263834042221
2026-01-03 00:19:00,1.1137544409755347,1.11381805061434,1.1136909344808996,1.1137694827398825
2026-01-03 00:20:00,1.1137318484966428,1.1139114420734364,1.113697460687685,1.1137626559030873
2026-01-03 00:21:00,1.1136793867204013,1.1138115390632508,1.1136890176671836,1.1136990204530777
2026-01-03 00:22:00,1.1135619541863053,1.1136524274048683,1.1134655272061535,1.1136135455138418
2026-01-03 00:23:00,1.1136185092160542,1.1137803591568083,1.1136120954910729,1.1136629718241777
2026-01-03 00:24:00,1.1134571146157783,1.1135466592001972,1.1132725703649056,1.113435395769677
2026-01-03 00:25:00,1.1135545634134687,1.1135550946738881,1.1133710316211698,1.1135479826448051
2026-01-03 00:26:00,1.1135101328094519,1.1134941129544669,1.1134791224390606,1.1134855534840724
2026-01-03 00:27:00,1.1133267438027012,1.1133438803799771,1.1131947690217288,1.1133160430832163
2026-01-03 00:28:00,1.1132837580845745,1.1133258259383714,1.1131836864797537,1.113248541154517
2026-01-03 00:29:00,1.1134810242369542,1.113515429525824,1.11343288723055,1.1134371135370464
2026-01-03 00:30:00,1.1132697274430006,1.1133903187091851,1.1133402747970915,1.113356813273994
2026-01-03 00:31:00,1.1133678658342048,1.1134670602273162,1.1133399069985612,1.1134105813167254
2026-01-03 00:32:00,1.1132893690774937,1.1133221468423602,1.1131267995098395,1.1133009378753682
2026-01-03 00:33:00,1.1134134922765822,1.1134688464535474,1.1131303667800556,1.1134146261528566
2026-01-03 00:34:00,1.1134839477849843,1.1135512400912226,1.1134895938412996,1.1135174523136753
2026-01-03 00:35:00,1.1138403448222192,1.113794966800886,1.1137594397138282,1.1137947436386697
2026-01-03 00:36:00,1.1138674064652592,1.1137958734217814,1.1137586673125384,1.1137684090468447
2026-01-03 00:37:00,1.1138780153653374,1.1139144291214902,1.1138427385812142,1.1138687072675584
2026-01-03 00:38:00,1.1138876344500992,1.1139523285782615,1.113800210351716,1.1138834173984893
2026-01-03 00:39:00,1.114120270978524,1.1141245671761546,1.1139693013670207,1.1140777981657688
2026-01-03 00:40:00,1.1138766813198673,1.1141010338989088,1.113856413581075,1.1139699733076274
2026-01-03 00:41:00,1.114083147551581,1.114198834301726,1.1140412001020041,1.114081724104559
2026-01-03 00:42:00,1.114101471301415,1.1141781760437361,1.1140005520623213,1.1140525195101416
2026-01-03 00:43:00,1.114010733583715,1.1141718115887158,1.1137850619985612,1.1140428912835751
2026-01-03 00:44:00,1.1139953261272473,1.1140884700064042,1.1140121683341826,1.1140566541562424
2026-01-03 00:45:00,1.1140851999352017,1.1141545635172212,1.1140906640874602,1.1140944902157066
2026-01-03 00:46:00,1.114074021587578,1.114167677392443,1.113942388559098,1.114077055859238
2026-01-03 00:47:00,1.114063830222618,1.1141234608281012,1.1140719505970047,1.1141092628367137
2026-01-03 00:48:00,1.1144507886091508,1.1143773528636378,1.114198113185717,1.1143459805453482
2026-01-03 00:49:00,1.1144698631791399,1.1146422584773823,1.1142708303341173,1.1144937979981904
2026-01-03 00:50:00,1.1145664882194937,1.1146849979036995,1.1145522239486312,1.114624171187065
2026-01-03 00:51:00,1.114551159192208,1.1146904337589454,1.1144933295160921,1.1145558402581615
2026-01-03 00:52:00,1.1144678471658125,1.1144399189284953,1.114328138213827,1.1144224541339272
2026-01-03 00:53:00,1.1145666199301127,1.1147017660307457,1.114564862124434,1.1145657492176628
2026-01-03 00:54:00,1.1147214359325444,1.1147161255858875,1.1145837873867324,1.1146971562365422
2026-01-03 00:55:00,1.1148744813081883,1.1150030152910095,1.1147855735323347,1.114918056837905
2026-01-03 00:56:00,1.1149018441663296,1.1150493167406046,1.1147309333055715,1.1148274597440095
2026-01-03 00:57:00,1.1148211129971013,1.1150349052236368,1.1147209285303623,1.1147930274457054
2026-01-03 00:58:00,1.1145994898997706,1.1146966506458509,1.1143452814101835,1.1145471048213267
2026-01-03 00:59:00,1.1145064921870411,1.1145166967058429,1.1143559723712912,1.1144882341554174
2026-01-03 01:00:00,1.1146789639338908,1.1148349286346686,1.1146283738828278,1.1146377197320043
2026-01-03 01:01:00,1.1145240927971363,1.1145965482619506,1.1145285409747334,1.1145677454251202
2026-01-03 01:02:00,1.114639246873566,1.1148082099491077,1.1145773277831574,1.1146638173944003
2026-01-03 01:03:00,1.1147025659582783,1.1146797272822564,1.1145077172272084,1.1146352419285006
2026-01-03 01:04:00,1.114761837580098,1.1147250070546504,1.11456526524981,1.1146838504827339
2026-01-03 01:05:00,1.1144543434942755,1.1146058370911616,1.114428487572424,1.1145116967742614
2026-01-03 01:06:00,1.1145369649950998,1.1146365748940679,1.1144424174441157,1.1145244781917065
2026-01-03 01:07:00,1.1140542606060473,1.1141563652663522,1.1139783910532544,1.1140758077960715
2026-01-03 01:08:00,1.114012921798879,1.114145355706076,1.113849436012405,1.1140477733723473
2026-01-03 01:09:00,1.1138174443705577,1.1138040881561568,1.1137800495377683,1.11380320238579
2026-01-03 01:10:00,1.11404114970989,1.1141256539699633,1.1139187123022447,1.1139841015632719
2026-01-03 01:11:00,1.1141232957898508,1.1141984998934078,1.113948000586653,1.1141007126661866
2026-01-03 01:12:00,1.1141547376909855,1.114197750453395,1.1139589403131807,1.1141707133134815
2026-01-03 01:13:00,1.1144246073065522,1.1145378422618748,1.114276408553533,1.1143988642475555
2026-01-03 01:14:00,1.1142385279607527,1.1143917307060291,1.1141540381261552,1.1142565267694318
2026-01-03 01:15:00,1.1145392369641556,1.1147285720011693,1.1144191540773258,1.114518631249119
2026-01-03 01:16:00,1.1147282832687808,1.114662584796656,1.1145965611034734,1.1146584599837581
2026-01-03 01:17:00,1.1145191187077101,1.1148388888061356,1.1145441012862867,1.1146229766906752
2026-01-03 01:18:00,1.1148331823276796,1.1148024511856138,1.1146905644413851,1.1147933197127526
2026-01-03 01:19:00,1.1145504229398124,1.1146654212763074,1.1145002472609795,1.1146273756858909
2026-01-03 01:20:00,1.1145651149471891,1.1145667444070804,1.1143946513447562,1.1145036985616619
2026-01-03 01:21:00,1.1143805588226823,1.114576118343975,1.1143079120536625,1.1144124101031758
2026-01-03 01:22:00,1.1142721798780861,1.114411077835105,1.114239268106082,1.1143330634469664
2026-01-03 01:23:00,1.1142093432619067,1.1142481067315497,1.1140147150411932,1.1141745798005522
2026-01-03 01:24:00,1.1143762507637736,1.1144139586441224,1.1142123564977917,1.1143580422606165
2026-01-03 01:25:00,1.114269254755413,1.1143652447768186,1.1142567368422833,1.1143192141005611
2026-01-03 01:26:00,1.114309439857956,1.1144751148152114,1.1143241895834053,1.1143720898458145
2026-01-03 01:27:00,1.114277163066478,1.1143245408254816,1.1142011805123824,1.1142865371408526
2026-01-03 01:28:00,1.1139532422982616,1.1140539261837124,1.1139870647372023,1.1140134466457703
2026-01-03 01:29:00,1.1140008816008828,1.1141672357192465,1.1140298476416486,1.114053955249529
2026-01-03 01:30:00,1.113772898042737,1.1139268567325382,1.1137484095762238,1.113767117003216
2026-01-03 01:31:00,1.1137085283145904,1.1138212908766316,1.1136735818424441,1.1137568218963032
2026-01-03 01:32:00,1.1135729016049796,1.1136170516180406,1.1135287385612125,1.1135515746404783
2026-01-03 01:33:00,1.113924173220157,1.1139007268902927,1.1138265119334816,1.113849666040363
2026-01-03 01:34:00,1.1139789426779438,1.113994361975063,1.11387172326094,1.113986370448689
2026-01-03 01:35:00,1.114008741070479,1.1140343265235724,1.1139231648963772,1.1140022335173798
2026-01-03 01:36:00,1.11429269435567,1.1142905761100421,1.1141131877899466,1.114191789519028
2026-01-03 01:37:00,1.1140054620665394,1.1141371459163663,1.1139499241621864,1.1140648421224082
2026-01-03 01:38:00,1.1142059257889676,1.1141549153621726,1.1140938847716586,1.1141463640292086
2026-01-03 01:39:00,1.114229878474162,1.1143479064261304,1.1140884857151694,1.1141763355942664
2026-01-03 01:40:00,1.1142586544734252,1.1143088312547125,1.1140877971084886,1.1142159386064665
2026-01-03 01:41:00,1.1144713790240193,1.1144572044988477,1.114399620996854,1.1144067916314826
2026-01-03 01:42:00,1.1145306941951973,1.1145239512157836,1.1144262359282342,1.1145166654468994
2026-01-03 01:43:00,1.1145308275215433,1.1147489018758736,1.1144809122244392,1.1145599739963232
2026-01-03 01:44:00,1.11436646954545,1.1143355580115029,1.1142302873349195,1.114311740880889
2026-01-03 01:45:00,1.1142243760471828,1.114251811125587,1.113977471312954,1.1141677339365972
2026-01-03 01:46:00,1.1142045932916325,1.1141713906769883,1.1140664973426,1.1141493275965577
2026-01-03 01:47:00,1.1141655585568153,1.1141985422274447,1.1140173547855075,1.1141633334526992
2026-01-03 01:48:00,1.1139579931683175,1.1140262787179516,1.113947539966339,1.1139938028939982
2026-01-03 01:49:00,1.1143651225080404,1.1144136111640386,1.114310036828348,1.114355554395335
2026-01-03 01:50:00,1.1146301250045014,1.1147039365683453,1.1145587846938052,1.114583013503623
2026-01-03 01:51:00,1.1147245488411748,1.114675759901249,1.114614355327615,1.1146733312516819
2026-01-03 01:52:00,1.1146626529745207,1.1148480328336343,1.1145541191281931,1.1146841367808744
2026-01-03 01:53:00,1.1146680740801955,1.1147431077016428,1.1144218197181295,1.1146523054353892
2026-01-03 01:54:00,1.1144440787511616,1.114580261620867,1.1143858304770342,1.114509517666386
2026-01-03 01:55:00,1.114570387249314,1.1147421253107386,1.114466710914848,1.1145211397441637
2026-01-03 01:56:00,1.1145206371873488,1.1145925020765122,1.1145519917241737,1.114559802625185
2026-01-03 01:57:00,1.1144128013068415,1.1144570509892602,1.1143208022050908,1.114373538538863
2026-01-03 01:58:00,1.1143661997725802,1.1145889563065727,1.1142693761908957,1.1144236650014496
2026-01-03 01:59:00,1.1144519469394476,1.1146081539026458,1.1142772782944455,1.114400376144126
2026-01-03 02:00:00,1.1141302967699453,1.1141175075368162,1.114113031373472,1.1141142050104442
2026-01-03 02:01:00,1.1139460793740465,1.1140355122848649,1.1139324033936413,1.1139851472588274
2026-01-03 02:02:00,1.1139576742478683,1.1139403439245597,1.1137620061520257,1.1139231064288142
2026-01-03 02:03:00,1.114176741492825,1.114277732750167,1.1141142697603705,1.1142062595774151
2026-01-03 02:04:00,1.1143272202979675,1.1144175282115982,1.1142749246927452,1.1142897425460951
2026-01-03 02:05:00,1.114075714736961,1.1141464690438165,1.1140007538072616,1.11408942031073
2026-01-03 02:06:00,1.1140762733978613,1.11417249807499,1.114080766577021,1.1141623257541429
2026-01-03 02:07:00,1.113881109343778,1.1140800313328325,1.1138952438894945,1.113930230155802
2026-01-03 02:08:00,1.1140711130784509,1.1141239174611903,1.1140276756807206,1.1140926338138852
2026-01-03 02:09:00,1.1140903745672999,1.1141250570499492,1.1139876933384247,1.1140219651161125
2026-01-03 02:10:00,1.1140529768693281,1.1140367259676367,1.1139000770683545,1.1140079196878017
2026-01-03 02:11:00,1.1142879822555491,1.1142498914807342,1.114107013406667,1.114206789184933
2026-01-03 02:12:00,1.1140963964104469,1.1140250709061243,1.113888522423598,1.1140137146496454
2026-01-03 02:13:00,1.1137774093816488,1.1138097321401437,1.1136115123813064,1.1138041469218785
2026-01-03 02:14:00,1.1137071826799385,1.1137543456746728,1.11365081121016,1.1137166070229265
2026-01-03 02:15:00,1.113851799854363,1.1140068492536974,1.113741272649872,1.1138723638505794
2026-01-03 02:16:00,1.1136108864089929,1.1137177545430688,1.1134702565450807,1.1136444619392578
2026-01-03 02:17:00,1.1131275638640743,1.1132936618247962,1.1131121282541603,1.1132196385995412
2026-01-03 02:18:00,1.1131512273848791,1.1133640641273645,1.113117834319314,1.11315196477078
2026-01-03 02:19:00,1.1131704476110809,1.1133325106472318,1.1132093549172597,1.1132347258907664
2026-01-03 02:20:00,1.1134130565591507,1.1136532765230966,1.1133988449820686,1.1134147651532273
2026-01-03 02:21:00,1.1134510794893926,1.1134018168228357,1.1132439966604475,1.1133452909489145
2026-01-03 02:22:00,1.1132581097030305,1.1134647758916032,1.1132656239744494,1.113283576957847
2026-01-03 02:23:00,1.1134664007682669,1.113551731137327,1.1132222566901022,1.1134566620679855
2026-01-03 02:24:00,1.1132215332323216,1.1134900522796547,1.1131628247556258,1.1131762008130313
2026-01-03 02:25:00,1.1131319372613522,1.1131316216545233,1.113011744220058,1.1131179226967538
2026-01-03 02:26:00,1.1131611104896395,1.1132606804621585,1.113065962294452,1.1131464862802425
2026-01-03 02:27:00,1.1131957489667508,1.113219859614115,1.1132102243564095,1.1132138690884352
2026-01-03 02:28:00,1.1131258041857035,1.113299910210345,1.1130787009858545,1.1131373980844566
2026-01-03 02:29:00,1.113094563710103,1.1131508554215297,1.113109367843356,1.1131425642362125
2026-01-03 02:30:00,1.112811617383645,1.1128108067610125,1.1127183052600798,1.1127693151332005
2026-01-03 02:31:00,1.1125835032885196,1.1128207731678692,1.1126133192665377,1.1126705778713504
2026-01-03 02:32:00,1.1127871585951528,1.1128797398644081,1.1127219702916387,1.1127386041782337
2026-01-03 02:33:00,1.1125210751538581,1.1126697946333963,1.1124676395752695,1.1125912600730954
2026-01-03 02:34:00,1.1126482380700378,1.1126327690844,1.112393112932427,1.1126001077063339
2026-01-03 02:35:00,1.1126494477051438,1.1128656766209803,1.1125817016494195,1.1126671385814544
2026-01-03 02:36:00,1.112554162766919,1.1127710597291096,1.1124294802326877,1.1126157562013257
2026-01-03 02:37:00,1.1126702906992292,1.1127816816299316,1.1125783883458544,1.1126413257669752
2026-01-03 02:38:00,1.1125433542589362,1.1125052941921714,1.1124267276569766,1.1124969158821825
2026-01-03 02:39:00,1.1124440202578227,1.1126913280011201,1.11233207223937,1.112465924190228
2026-01-03 02:40:00,1.1125934871431002,1.1125776905063534,1.1124678232823693,1.1125574566156664
2026-01-03 02:41:00,1.1124667483350783,1.1125993270841326,1.1125324435486073,1.1125810025598117
2026-01-03 02:42:00,1.1124269930548898,1.1126372139049883,1.1123192323931934,1.112493022869377
2026-01-03 02:43:00,1.112591275776544,1.1126212482885476,1.112429145444442,1.1125266553300206
2026-01-03 02:44:00,1.1126226633349061,1.1127291644240491,1.1124997337953506,1.112633846798616
2026-01-03 02:45:00,1.112233244940507,1.1124052631269694,1.1121735574494656,1.1123263556068295
2026-01-03 02:46:00,1.1124652734075509,1.1125631387838577,1.112380540394075,1.112500216716573
2026-01-03 02:47:00,1.1124036084821445,1.112520449182608,1.1124065664813725,1.1124497785057708
2026-01-03 02:48:00,1.1125053039091832,1.1126429142207974,1.1125090309202923,1.1125136019957569
2026-01-03 02:49:00,1.1126746514851134,1.1127015762844799,1.112649336583743,1.1126931890343037
2026-01-03 02:50:00,1.112496384566166,1.1125954787126469,1.1124592430923381,1.112487437979719
2026-01-03 02:51:00,1.1123775485267742,1.1124987634798797,1.1122230411336147,1.1123810218293548
2026-01-03 02:52:00,1.1124057264877254,1.1123801085966647,1.1123138829123593,1.1123377395249736
2026-01-03 02:53:00,1.112241403926791,1.1122690921143235,1.1120034805700802,1.112220176496805
2026-01-03 02:54:00,1.11250330056374,1.1125342148360626,1.1123906227846163,1.1124804169831803
2026-01-03 02:55:00,1.112410159025301,1.1123985456287904,1.1123499330936735,1.1123519011691063
2026-01-03 02:56:00,1.112249130714662,1.1122764739323985,1.112231263285417,1.1122685691521834
2026-01-03 02:57:00,1.112236133634756,1.112328043109975,1.1121907133526077,1.112299227506924
2026-01-03 02:58:00,1.112179253594244,1.1121372063708437,1.1121035967047115,1.1121189050780125
2026-01-03 02:59:00,1.1120663450586543,1.1121587056753595,1.1120178200410828,1.112059552971249
2026-01-03 03:00:00,1.1121141385208313,1.1121176988228274,1.1120547479424412,1.1121071709604364
2026-01-03 03:01:00,1.1120255754037027,1.1120723021490637,1.1118401966818847,1.1120572418997792
2026-01-03 03:02:00,1.112012391104289,1.1121935385568797,1.1119967871239718,1.112043233870944
2026-01-03 03:03:00,1.1120061701710153,1.1120634034295138,1.1118488203737087,1.1119638340540767
2026-01-03 03:04:00,1.1117858962976066,1.1118248068782224,1.11173005408307,1.1117366635076997
2026-01-03 03:05:00,1.111824093659688,1.1117939334693212,1.1116170969293553,1.1117849024894007
2026-01-03 03:06:00,1.1120877905304198,1.1121645836242011,1.1118082975215888,1.1120481424501476
2026-01-03 03:07:00,1.112079354171628,1.1121434703705366,1.1119977941816674,1.1120509026947651
2026-01-03 03:08:00,1.1120912684488564,1.1120881256512092,1.1119854264108073,1.1120846923123524
2026-01-03 03:09:00,1.1121798317414038,1.112224850625908,1.1121337202233421,1.1121886007256199
2026-01-03 03:10:00,1.112058717343635,1.1120929523419953,1.1119700077208172,1.1119982011511378
2026-01-03 03:11:00,1.1122348923063328,1.1123210478476382,1.1122079285463322,1.1122535783498573
2026-01-03 03:12:00,1.1123024266300148,1.1123457641713252,1.1122140851558824,1.1122839276693208
2026-01-03 03:13:00,1.1124885055542866,1.1126081955688845,1.1124826864360613,1.1125287062041842
2026-01-03 03:14:00,1.112385786303013,1.1126259867730253,1.11241805276323,1.1124187512548556
2026-01-03 03:15:00,1.1126796528148464,1.1127068637274076,1.112627840699119,1.1126914605432392
2026-01-03 03:16:00,1.112767536948508,1.1128160036418462,1.112767620041218,1.1128077338673443
2026-01-03 03:17:00,1.1129305824714961,1.1130043090176864,1.112705191144474,1.1128906898802222
2026-01-03 03:18:00,1.112858391835798,1.1129616990577231,1.1128238006878324,1.1129257935483752
2026-01-03 03:19:00,1.1128934757368332,1.1130219371750814,1.1128350438607004,1.1128885142556642
2026-01-03 03:20:00,1.1130752194092772,1.1131383304272267,1.112965637312053,1.1130685940044351
2026-01-03 03:21:00,1.1129991080059964,1.1132034630180092,1.1130525415820223,1.1130896479849124
2026-01-03 03:22:00,1.112772536338348,1.1128474791672849,1.112743761014766,1.1127945875293743
2026-01-03 03:23:00,1.1126397945370208,1.1127047691662975,1.1125522310496816,1.1126270095601183
2026-01-03 03:24:00,1.112620569096954,1.1127450085365422,1.1125866040350123,1.1125991326972893
2026-01-03 03:25:00,1.1126354171843342,1.112669146074701,1.1126034319550933,1.1126456325447642
2026-01-03 03:26:00,1.1126709886816533,1.1128356130655737,1.112516316797364,1.1126371442714291
2026-01-03 03:27:00,1.1128145240770364,1.1128467036384924,1.1127724575481301,1.1128199898898983
2026-01-03 03:28:00,1.1125280072558963,1.1125713600096803,1.11244705243867,1.1125273246102925
2026-01-03 03:29:00,1.1125614454942176,1.1126009596558915,1.1123546050828852,1.1125488628007683
2026-01-03 03:30:00,1.112322515898397,1.1123812096798358,1.1122310283938521,1.1122761659169602
2026-01-03 03:31:00,1.112356336861162,1.1124747346082122,1.1123747699155577,1.1123901227612827
2026-01-03 03:32:00,1.1123516128604907,1.1123863002331011,1.112330821671642,1.1123759539541165
2026-01-03 03:33:00,1.1124054506253336,1.1124878525146231,1.1123252261380279,1.11243889544992
2026-01-03 03:34:00,1.1122927031200245,1.1123135025979471,1.1121857646288813,1.1123093130058317
2026-01-03 03:35:00,1.1125725444584844,1.112764899659775,1.1124375208415391,1.1125012327455803
2026-01-03 03:36:00,1.1126861277111555,1.1127728417301672,1.1125016530440008,1.112657491445189
2026-01-03 03:37:00,1.1126884686033824,1.1128612804574596,1.112677100896919,1.1127450230906408
2026-01-03 03:38:00,1.1126955731553319,1.1127691501355106,1.1127156829243636,1.1127255955036113
2026-01-03 03:39:00,1.1128312124576194,1.1128292226236633,1.1128086385209062,1.1128125740964057
2026-01-03 03:40:00,1.1126612148221608,1.1129461484400405,1.1126801513617726,1.1127065402112075
2026-01-03 03:41:00,1.1127986065580198,1.1129027715947069,1.112689412085203,1.1128348735600606
2026-01-03 03:42:00,1.113149543677518,1.1131303531355294,1.11307121205634,1.1130822956942092
2026-01-03 03:43:00,1.1132122184967825,1.1134303764846107,1.1131002408870636,1.113242887278206
2026-01-03 03:44:00,1.1131811802485365,1.1132491884867566,1.1130976135006152,1.113133446907735
2026-01-03 03:45:00,1.1132504256648024,1.1133857431524181,1.112974794592874,1.1131876595053258
2026-01-03 03:46:00,1.1129570151692036,1.112997520657332,1.112808529590333,1.112993688273762
2026-01-03 03:47:00,1.1130350486926106,1.1131614234175233,1.1129976919487945,1.1130795468204384
2026-01-03 03:48:00,1.1131333307280438,1.1132578147842302,1.1130924534868483,1.1131471373323678
2026-01-03 03:49:00,1.1128122334954043,1.112908143327646,1.1127678790740747,1.112866664881438
2026-01-03 03:50:00,1.1126984489987763,1.112788736938971,1.1125653127427437,1.1126923973048513
2026-01-03 03:51:00,1.1126396438747468,1.1128431329861916,1.1126171638486066,1.1126499264703396
2026-01-03 03:52:00,1.1126228265090627,1.1127804843782085,1.112517588488715,1.1126047975082685
2026-01-03 03:53:00,1.1124932231407672,1.112550274225681,1.1124067517607235,1.1124233759679556
2026-01-03 03:54:00,1.112522597026397,1.112570608747162,1.1122137599079684,1.1124817227773585
2026-01-03 03:55:00,1.1125439058074702,1.1125354186684988,1.1124589924326436,1.1125194438186996
2026-01-03 03:56:00,1.1123920010282544,1.1125917198707156,1.1123158538939668,1.1124903034489029
2026-01-03 03:57:00,1.112399103522984,1.1124108323132458,1.112370798119869,1.112376934723879
2026-01-03 03:58:00,1.1126203721758767,1.1125574681431216,1.1123687897533503,1.1125342407928416
2026-01-03 03:59:00,1.112632025733989,1.1127836064309788,1.1127342669852298,1.1127825518598047
2026-01-03 04:00:00,1.1127444867643765,1.112824042692495,1.1126785413810822,1.1127100176372278
2026-01-03 04:01:00,1.1126102246709166,1.1127362157730747,1.1125130604182307,1.1126181925996546
2026-01-03 04:02:00,1.1126493839993152,1.1127337442072958,1.112599651821753,1.1126918737494664
2026-01-03 04:03:00,1.1126782257716998,1.112639566665352,1.1126356995781959,1.1126381693425043
2026-01-03 04:04:00,1.1127027450574352,1.112650608390502,1.1125822849808802,1.1126172597624049
2026-01-03 04:05:00,1.1127669692716053,1.11281673336725,1.1124811414068756,1.1127282077351635
2026-01-03 04:06:00,1.1124232447244744,1.1125297057374932,1.112336492176785,1.1124418043220374
2026-01-03 04:07:00,1.1125923761795449,1.112734198750364,1.1125900998733838,1.1126395496707653
2026-01-03 04:08:00,1.1126576831311041,1.1126686678078004,1.1125172770009748,1.1126504517494147
2026-01-03 04:09:00,1.1126323862423495,1.112616848945989,1.1124946211225852,1.1125887277777304
2026-01-03 04:10:00,1.1125559900032855,1.1126026433293994,1.1125729808566553,1.1125753426545972
2026-01-03 04:11:00,1.1125551879082676,1.112628209191079,1.112448090480172,1.1125697070578502
2026-01-03 04:12:00,1.1124511268748256,1.1123381460641246,1.1122662316360357,1.1123100268623336
2026-01-03 04:13:00,1.1125882001937495,1.1127175237204872,1.1125341161461568,1.1125342675964516
2026-01-03 04:14:00,1.1125979728752118,1.1126934943548852,1.1125251934467941,1.1125404664412921
2026-01-03 04:15:00,1.1125339024655563,1.1126191603598339,1.1125586454848035,1.1126069167608592
2026-01-03 04:16:00,1.1127142897924807,1.1128404994775964,1.1127082961005643,1.1127496492264453
2026-01-03 04:17:00,1.112600208939784,1.1126568856033552,1.1125112175989365,1.1125964748578112
2026-01-03 04:18:00,1.1126174387647723,1.112829212831671,1.112606504730401,1.1126674956426665
2026-01-03 04:19:00,1.1127073693439762,1.1126619807500542,1.1126129006948873,1.1126273494790317
2026-01-03 04:20:00,1.1128248807106438,1.1128173699384492,1.1127510083305072,1.1127543650953142
2026-01-03 04:21:00,1.1124086037153924,1.1125086971688736,1.112326342998646,1.1124352809822615
2026-01-03 04:22:00,1.1125096127675558,1.1125650666575795,1.112409029176452,1.1124204168372254
2026-01-03 04:23:00,1.1123297811340218,1.1123765013334779,1.1123284903463035,1.1123299937388578
2026-01-03 04:24:00,1.1125243026673224,1.1125032832344819,1.1123348682303078,1.1123948331814528
2026-01-03 04:25:00,1.1124725741160844,1.112467858677911,1.11242226581616,1.112465339809558
2026-01-03 04:26:00,1.1123880055628512,1.1124219639671222,1.1123242131340667,1.1123591959253347
2026-01-03 04:27:00,1.1123223650177667,1.1124188340279049,1.1121622923325292,1.1122523698457083
2026-01-03 04:28:00,1.1122996517079153,1.112262145598907,1.1121778571567242,1.1122357700404248
2026-01-03 04:29:00,1.1121268103096342,1.1121571536635335,1.1120554920093684,1.1121012737063274
2026-01-03 04:30:00,1.112220514244673,1.1122742964821637,1.1121483575207307,1.1122275712606453
2026-01-03 04:31:00,1.1121978968155777,1.1122266197952095,1.112146968880242,1.1121721901805781
2026-01-03 04:32:00,1.1116953327390862,1.1117865842160095,1.1116455201350606,1.11173614194768
2026-01-03 04:33:00,1.1116875253251297,1.1118319079191485,1.111549263232413,1.1116799186391866
2026-01-03 04:34:00,1.111468671689435,1.1116167628151685,1.11135429200922,1.11152413706606
2026-01-03 04:35:00,1.1111904016117369,1.111318045951306,1.1112010172184146,1.111279445693741
2026-01-03 04:36:00,1.1110963530362143,1.111112041522589,1.1109673104944076,1.1110938316980075
2026-01-03 04:37:00,1.111173356863316,1.111213839161643,1.110921664117134,1.1111102429687825
2026-01-03 04:38:00,1.1113558293250994,1.1113531338559912,1.111155079120329,1.1113095390930197
2026-01-03 04:39:00,1.1113524211493133,1.111432710887913,1.1112412916989123,1.1113565167640995
2026-01-03 04:40:00,1.111352890740776,1.1112797121280373,1.111257377819866,1.1112655412558672
2026-01-03 04:41:00,1.1113054738156005,1.1114217094882666,1.1112972666281589,1.1113339268851428
2026-01-03 04:42:00,1.1111691717055199,1.111344139269833,1.1112465236729632,1.1112650633386099
2026-01-03 04:43:00,1.1110517682185255,1.1111630762904872,1.1110976832493196,1.1111608732832354
2026-01-03 04:44:00,1.1109286593359706,1.111164531986271,1.1108972788327673,1.1109877188830004
2026-01-03 04:45:00,1.110765775799151,1.111024225618994,1.110643365789471,1.1107249445619878
2026-01-03 04:46:00,1.1106347158718304,1.110841041903031,1.1106014955194925,1.1106664560060038
2026-01-03 04:47:00,1.1107132119615846,1.1107624315119806,1.1105194297341268,1.1106901640294917
2026-01-03 04:48:00,1.1107579846481688,1.1107509908571487,1.1106172475696703,1.1106756704789895
2026-01-03 04:49:00,1.1105582705916686,1.1106246346559676,1.1103092067443816,1.1106132754397975
2026-01-03 04:50:00,1.1104953385172829,1.1105257555736707,1.1103746122342342,1.110471413530693
2026-01-03 04:51:00,1.1105895986130785,1.1106890360533552,1.1104478701802698,1.1105626504594457
2026-01-03 04:52:00,1.11032204377203,1.1103913309605389,1.1103064855945823,1.1103650806714538
2026-01-03 04:53:00,1.1105491954047926,1.1105599012443663,1.1104305803440506,1.1104814848585303
2026-01-03 04:54:00,1.1103167669529137,1.1103782278156036,1.1102657167366314,1.1103311523056911
2026-01-03 04:55:00,1.1101990993710427,1.1103304058343453,1.11010539134657,1.1102182870200883
2026-01-03 04:56:00,1.1101038499024167,1.110158279026178,1.1099782438588146,1.1099982692414958
2026-01-03 04:57:00,1.1099491972565814,1.1100758920758118,1.1097241704555876,1.109923058919463
2026-01-03 04:58:00,1.1101156203157192,1.1101450589947401,1.1100104221317764,1.1100693557882348
2026-01-03 04:59:00,1.1102144446480773,1.1101719624883815,1.1101232779601413,1.1101467000015013
2026-01-03 05:00:00,1.1102609396183325,1.1106176147008384,1.1102689356250837,1.1102934633183055
2026-01-03 05:01:00,1.1104342757550485,1.1104015007025765,1.1102595878882007,1.1103717847001957
2026-01-03 05:02:00,1.1101811395201662,1.1102064171018005,1.110177647000418,1.110206234225916
2026-01-03 05:03:00,1.1101293846728,1.110170614051899,1.110140464492343,1.1101566158422669
2026-01-03 05:04:00,1.1100259859742838,1.1100449757076027,1.1099963738685863,1.1100395859728993
2026-01-03 05:05:00,1.110208068966758,1.1103717984247001,1.1099950798119596,1.1102391722085052
2026-01-03 05:06:00,1.1101007617331742,1.1101153947672264,1.1099757915441812,1.1100596539115413
2026-01-03 05:07:00,1.1102070690977068,1.1102569301963527,1.1100757661181355,1.1101937085649496
2026-01-03 05:08:00,1.110303090424735,1.1103958855236717,1.110242005664151,1.1103276516454659
2026-01-03 05:09:00,1.1106358199273811,1.1106967523760807,1.1106007084622729,1.1106020946757234
2026-01-03 05:10:00,1.1105268825649595,1.110601046851321,1.1104541207814436,1.1105406416868289
2026-01-03 05:11:00,1.1106310864922477,1.1106884929519198,1.1105706644787268,1.110647490010766
2026-01-03 05:12:00,1.1109921719804918,1.1109968214710384,1.1109379410563252,1.1109897377862468
2026-01-03 05:13:00,1.11092026455249,1.1109062040214321,1.1107185174065122,1.1108970915347067
2026-01-03 05:14:00,1.1106863278800456,1.1106776054424874,1.1105664889549969,1.1106668354975768
2026-01-03 05:15:00,1.110366671533378,1.1104846557580879,1.1102365863409542,1.1103848339924907
2026-01-03 05:16:00,1.110534096357192,1.1105561076721222,1.1103571532965022,1.11049174079682
2026-01-03 05:17:00,1.110198148558057,1.110417002609568,1.1101474220263723,1.110209268265611
2026-01-03 05:18:00,1.1101206711832399,1.1103740673056588,1.110074822997784,1.1101534204076704
2026-01-03 05:19:00,1.110145616303288,1.1102269823439876,1.110160134190572,1.1102190173857263
2026-01-03 05:20:00,1.1102959526403007,1.1106304592710967,1.1102300969539174,1.1102467937162508
2026-01-03 05:21:00,1.1103112299496882,1.1104342936924911,1.1101645424126656,1.1103106104458784
2026-01-03 05:22:00,1.1103544975421742,1.1103979915581472,1.1102828776586753,1.1103439539242486
2026-01-03 05:23:00,1.1105880739420304,1.1106159321884286,1.1105251168307089,1.1105357837962455
2026-01-03 05:24:00,1.110369066027555,1.1104327808666337,1.1103182304563524,1.1103929363391347
2026-01-03 05:25:00,1.1102226671059423,1.1103360513730474,1.1101592661451802,1.110291387068366
2026-01-03 05:26:00,1.1101789771866861,1.1102367151325858,1.109865829261961,1.1101754881515753
2026-01-03 05:27:00,1.1103154150009589,1.1104559605012674,1.110297160347077,1.1103000169233548
2026-01-03 05:28:00,1.110421934258306,1.1105428487861932,1.1104208777665565,1.110435076711614
2026-01-03 05:29:00,1.1105764473884154,1.1105370763649314,1.1103770727063442,1.1105027605095117
2026-01-03 05:30:00,1.110555976231159,1.1107425789625864,1.110588789026244,1.1106802845595452
2026-01-03 05:31:00,1.1105595812613338,1.1105677325939325,1.1104997706274993,1.1105035784294388
2026-01-03 05:32:00,1.1107932197286896,1.1108323656740646,1.1107406491023615,1.1107536620461713
2026-01-03 05:33:00,1.1110049863783131,1.1110799744043547,1.1108317329863333,1.1109821478394282
2026-01-03 05:34:00,1.1109256960615417,1.111143154622394,1.1110368445612302,1.1110924911390152
2026-01-03 05:35:00,1.1114239554144942,1.1113837482505593,1.1113080399537147,1.1113597609753307
2026-01-03 05:36:00,1.1110599457886474,1.1112598152311064,1.1110668782102748,1.1111112674941792
2026-01-03 05:37:00,1.1110072156748205,1.1112373439923167,1.1109104836987391,1.1110326002737396
2026-01-03 05:38:00,1.110913775121398,1.1109443776303334,1.1109102546488152,1.1109223047546375
2026-01-03 05:39:00,1.1110508975549336,1.1111637944973036,1.110891798001858,1.111030526653201
2026-01-03 05:40:00,1.1109049769443702,1.111038229809996,1.1107673324991831,1.1108730055422606
2026-01-03 05:41:00,1.1110312718423774,1.1110833254791959,1.110843020880043,1.1109866298146613
2026-01-03 05:42:00,1.1112330029117647,1.1112466726937107,1.1111023857789752,1.1111922102362608
2026-01-03 05:43:00,1.111309137031484,1.1113414340228682,1.1112801273041877,1.1112964906712735
2026-01-03 05:44:00,1.1113598494577754,1.1114311559087957,1.111234614719635,1.1113390533248226
2026-01-03 05:45:00,1.1111363346378964,1.1112388442133643,1.110847981275887,1.1111908723236876
2026-01-03 05:46:00,1.1110262933384278,1.1111071084304023,1.111052329447325,1.1110638446787688
2026-01-03 05:47:00,1.111296060525747,1.1114698605762354,1.1111201138453388,1.1112512875145633
2026-01-03 05:48:00,1.1114100503394855,1.111392846970575,1.1113095613601938,1.111368189865149
2026-01-03 05:49:00,1.1113985269080648,1.111435850148548,1.111299789337212,1.1113623369372425
2026-01-03 05:50:00,1.1112739296672949,1.1113002886594738,1.1111391700742879,1.1112996505053776
2026-01-03 05:51:00,1.1110413039310079,1.1111806051774187,1.1109788390169195,1.1109957793244107
2026-01-03 05:52:00,1.110777089238984,1.1110396143619883,1.1107971177965765,1.1108351514616082
2026-01-03 05:53:00,1.1111757323151723,1.111179762746673,1.110968352150698,1.1111218643246792
2026-01-03 05:54:00,1.1109167524489665,1.1110354061141958,1.1107987765034233,1.1109297959890287
2026-01-03 05:55:00,1.111042426482529,1.1110370471278757,1.1108717594830368,1.110958217962212
2026-01-03 05:56:00,1.111033262453588,1.1112007422746137,1.1108930666571397,1.1111093345581913
2026-01-03 05:57:00,1.1110092663602869,1.1110198007758847,1.110828990845186,1.110921096157991
2026-01-03 05:58:00,1.11093072951275,1.1111103899782202,1.110878251390602,1.110948802729208
2026-01-03 05:59:00,1.1110705160970342,1.1111859793898533,1.1110638956221268,1.1110894900598347
2026-01-03 06:00:00,1.11110110689907,1.1111126473979878,1.110918342745506,1.1110913649581207
2026-01-03 06:01:00,1.1114867714708307,1.1115226606454616,1.111443948025552,1.1115216254164708
2026-01-03 06:02:00,1.1112677190775737,1.1112887229096704,1.1111546532506855,1.111271335527639
2026-01-03 06:03:00,1.111393263493858,1.1115640040209511,1.111228643963171,1.1114301448071215
2026-01-03 06:04:00,1.1113691713699632,1.1114747355985286,1.1114039330313705,1.111404224546512
2026-01-03 06:05:00,1.1115443568672525,1.1116549730953087,1.1114402303575932,1.1115200125697375
2026-01-03 06:06:00,1.1115411303677274,1.1115882081911133,1.1113236780844657,1.1115862086424926
2026-01-03 06:07:00,1.1114378255011756,1.1115162178863547,1.1114593580189822,1.111476235212926
2026-01-03 06:08:00,1.1114419451093076,1.1118483229637033,1.1113812093562083,1.111510584671795
2026-01-03 06:09:00,1.111206702920087,1.111299550201729,1.1110749895516157,1.111231899454085
2026-01-03 06:10:00,1.111387966680657,1.1113633206366926,1.1112693776205704,1.1113223865791708
2026-01-03 06:11:00,1.1113248136670644,1.111472721505988,1.111357420561466,1.1113671103490694
2026-01-03 06:12:00,1.1114263277111067,1.111650938215423,1.1113720939795053,1.111462909374366
2026-01-03 06:13:00,1.111631323220453,1.1117241490317027,1.1115794070546485,1.111621627123129
2026-01-03 06:14:00,1.1116582302774705,1.1116882642763362,1.111654975008536,1.1116767700991603
2026-01-03 06:15:00,1.1118103912337978,1.1118417163772898,1.1116755927135857,1.1116989835121303
2026-01-03 06:16:00,1.111558696863397,1.1116789921758696,1.1113813114043274,1.111566823261631
2026-01-03 06:17:00,1.1114767510643946,1.1114828996302484,1.1114221675185405,1.1114599901470836
2026-01-03 06:18:00,1.1116851887793502,1.1116703171066806,1.1115900492838162,1.1116380003401103
2026-01-03 06:19:00,1.1118996795442593,1.1118803318866073,1.1117994851735316,1.111853450650966
2026-01-03 06:20:00,1.1118293984645973,1.1118695978852677,1.1117564714477857,1.1118177340855193
2026-01-03 06:21:00,1.111816578123273,1.1119964708971837,1.1118163457992198,1.1118246344976073
2026-01-03 06:22:00,1.1117901437681772,1.1117078613594857,1.1116568677042105,1.1116889423413583
2026-01-03 06:23:00,1.1118598678543825,1.111873489653973,1.1118481742621964,1.1118648558681483
2026-01-03 06:24:00,1.1119425838864807,1.1121862506342042,1.1118489879968108,1.1119646683917022
2026-01-03 06:25:00,1.112223558557757,1.112275394491824,1.112143227188328,1.1122558510071716
2026-01-03 06:26:00,1.1120377623854594,1.1122077509593913,1.112100062698026,1.1121241025455948
2026-01-03 06:27:00,1.1121084821483538,1.1121741736184458,1.111990616991275,1.112067401360742
2026-01-03 06:28:00,1.1119847148292659,1.1121771902825701,1.1120826597828168,1.1121021182491209
2026-01-03 06:29:00,1.1121988055377345,1.1122783627815531,1.112195704624836,1.1121990916797797
2026-01-03 06:30:00,1.1121564985024341,1.1123144072564994,1.1121193891959922,1.1121667415341476
2026-01-03 06:31:00,1.112147795630191,1.1121415774713337,1.1120176328566889,1.1120357973705794
2026-01-03 06:32:00,1.1120764259384823,1.1122212228889352,1.112033875492963,1.112168008499918
2026-01-03 06:33:00,1.1122311236399507,1.112315035626349,1.1122669366895659,1.1122761788042999
2026-01-03 06:34:00,1.1121319328662813,1.1122511255297278,1.11212520943836,1.1121387376892153
2026-01-03 06:35:00,1.1123321776425077,1.1123798587354239,1.1121973323314553,1.1123420541093811
2026-01-03 06:36:00,1.11249010668622,1.1127635711142636,1.1124866595249974,1.1125175839157606
2026-01-03 06:37:00,1.1125336789948777,1.1126158781142939,1.1125135968999733,1.1125377283903477
2026-01-03 06:38:00,1.1124866899332608,1.1126360965958983,1.1124667537211599,1.1125496680697042
2026-01-03 06:39:00,1.1126506363793214,1.1127463387939207,1.1126306101942014,1.1126327767353716
2026-01-03 06:40:00,1.1123874470077293,1.1125351892294266,1.1124606030458104,1.112503521274833
2026-01-03 06:41:00,1.112506737528914,1.1126454744948504,1.1125000264111833,1.1125080259967077
2026-01-03 06:42:00,1.1121551506303031,1.1122658361052329,1.1121730181640346,1.1121851684650164
2026-01-03 06:43:00,1.1123674512089796,1.112610950968389,1.1122210613760595,1.1123166368118418
2026-01-03 06:44:00,1.112170178382007,1.112182820791771,1.1120425426502272,1.1120824128284754
2026-01-03 06:45:00,1.1122913731943025,1.1124023643250236,1.1123001883744639,1.11230792580274
2026-01-03 06:46:00,1.112327944085102,1.1122735735158593,1.1121399778455292,1.1122584077886448
2026-01-03 06:47:00,1.1122108519273237,1.1123290333361262,1.1122009858240758,1.1122266577413553
2026-01-03 06:48:00,1.112084191329286,1.1121958566069918,1.1120663041374508,1.1121324976554425
2026-01-03 06:49:00,1.1121765870059637,1.1122799154863632,1.11204939134843,1.1120892918243543
2026-01-03 06:50:00,1.112328110348363,1.112310908854879,1.1121313166371942,1.1123020715261265
2026-01-03 06:51:00,1.1119291221537768,1.112149969200248,1.1118372295803873,1.1119289002276462
2026-01-03 06:52:00,1.1121548039093145,1.1122009383746327,1.1120656923825158,1.1121204450355595
2026-01-03 06:53:00,1.1121848593094812,1.1123901902578435,1.1120985895401763,1.1121711485577246
2026-01-03 06:54:00,1.111986634340149,1.1120783350195251,1.1118460999064033,1.1119900953105462
2026-01-03 06:55:00,1.1117624767102232,1.1119315463859238,1.1117212357721868,1.1118287984515887
2026-01-03 06:56:00,1.112066730568812,1.1122776652744444,1.112023581367558,1.1120802574056698
2026-01-03 06:57:00,1.1119695941448513,1.1119761576996126,1.1118315671517194,1.1119384313736784
2026-01-03 06:58:00,1.1117592902258047,1.1117841515292397,1.1116572636874626,1.111765428797089
2026-01-03 06:59:00,1.1119811422665005,1.112039291730106,1.1117857994532099,1.1119360259784439
2026-01-03 07:00:00,1.11200599166108,1.112132192933599,1.1119710990448224,1.1119868089098868
2026-01-03 07:01:00,1.111802213257502,1.1118941165376774,1.1118392520024412,1.1118461200734062
2026-01-03 07:02:00,1.1118126552218253,1.111950770727951,1.1118242228143655,1.111878613819717
2026-01-03 07:03:00,1.1117168919921743,1.1117386365204138,1.111642165650188,1.1117247509171708
2026-01-03 07:04:00,1.111863662704529,1.1119730240136274,1.1117035877682893,1.1118898741269343
2026-01-03 07:05:00,1.1120658958621463,1.1121288888765315,1.1119956025460596,1.1120490797716653
2026-01-03 07:06:00,1.1120929738185505,1.1122712974615074,1.112080385147001,1.1121288807014886
2026-01-03 07:07:00,1.112152360244388,1.1123742904673821,1.1120194996821657,1.1121831298606757
2026-01-03 07:08:00,1.1124999615652855,1.1125114245723453,1.1122978349786787,1.1124473080794057
2026-01-03 07:09:00,1.1124546711769452,1.1124737675282028,1.1123113409016476,1.1124472610285139
2026-01-03 07:10:00,1.1122348435564295,1.1123602453456998,1.11221114590397,1.112269979909701
2026-01-03 07:11:00,1.1123382830870623,1.1126072338802193,1.112246603020845,1.1123374009966256
2026-01-03 07:12:00,1.1127192536162063,1.112674515121085,1.1125857035197133,1.1126503080540562
2026-01-03 07:13:00,1.1125127834644921,1.1125831916381466,1.11238727666043,1.1124980941300784
2026-01-03 07:14:00,1.1124735222555455,1.1125302670700705,1.1123756257941482,1.1124438747150742
2026-01-03 07:15:00,1.112468729893963,1.1125832551987205,1.1124773631729237,1.1125063416207894
2026-01-03 07:16:00,1.1125495768622953,1.1125170285957966,1.1122649523372274,1.1124982558934386
2026-01-03 07:17:00,1.1124668154694053,1.1124349710276604,1.112310516314775,1.112350910356382
2026-01-03 07:18:00,1.1124796156526908,1.1126017182308996,1.1125050648527097,1.1125191890348165
2026-01-03 07:19:00,1.1128081004444006,1.1129164869706143,1.1127815449474072,1.1128671951431193
2026-01-03 07:20:00,1.1129053919741645,1.1130976365274294,1.1128221905252773,1.1128966148619728
2026-01-03 07:21:00,1.1128047798710046,1.1128933997269344,1.1126784277089656,1.1127610046185124
2026-01-03 07:22:00,1.1125240910561518,1.1127094236203214,1.1123915506583633,1.1125286605397544
2026-01-03 07:23:00,1.1125146966171353,1.1127314997997098,1.1125655599454358,1.1125673569369374
2026-01-03 07:24:00,1.112727509330346,1.1127395174033,1.1126764138260377,1.112732938538435
2026-01-03 07:25:00,1.1128341183140482,1.1129705068451283,1.1126527889404112,1.1128042137004093
2026-01-03 07:26:00,1.1127835015329242,1.1128198605729323,1.1125680067100507,1.1128038531242714
2026-01-03 07:27:00,1.1127458251273907,1.1127398034067597,1.112587575000033,1.112715462376503
2026-01-03 07:28:00,1.1126098733708574,1.112557288896442,1.1125460981404172,1.1125516378315954
2026-01-03 07:29:00,1.1126888620618325,1.1126893426900764,1.11263334569338,1.112676850530544
2026-01-03 07:30:00,1.1128125188851878,1.112835435906108,1.112731075951577,1.1128139162737518
2026-01-03 07:31:00,1.1126235240020097,1.1126963966164631,1.1125065443659035,1.1125820568057483
2026-01-03 07:32:00,1.1127777276111035,1.112835546217871,1.1127716480634942,1.1128205326524754
2026-01-03 07:33:00,1.1128589078439248,1.1129778915120527,1.1126681835555763,1.1129066433356094
2026-01-03 07:34:00,1.113103253918135,1.1132197205849093,1.1130162512011,1.1131165825323814
2026-01-03 07:35:00,1.112890669397368,1.1129540819496742,1.1127887110779668,1.1129152633701087
2026-01-03 07:36:00,1.1126702226480318,1.1128074168793871,1.1126911896197702,1.1127103897467963
2026-01-03 07:37:00,1.112779567774081,1.1128233309392275,1.1126280239278725,1.112688044350331
2026-01-03 07:38:00,1.11287206167484,1.1127783400778462,1.1126853815192075,1.1127634620143654
2026-01-03 07:39:00,1.1130152308856918,1.113050041768287,1.1129840887653348,1.1130329161378045
2026-01-03 07:40:00,1.1131434139223642,1.1131475671177689,1.1129335497315598,1.1131388279748768
2026-01-03 07:41:00,1.113093033642352,1.11310403118728,1.113029933849066,1.113102425783355
2026-01-03 07:42:00,1.1130038453642108,1.1132068277682217,1.112892435086599,1.112948470402205
2026-01-03 07:43:00,1.113198252766205,1.113265993113677,1.1131154346706735,1.113132970488113
2026-01-03 07:44:00,1.1128994014843159,1.1131872593012324,1.1129750896632757,1.1129882646742504
2026-01-03 07:45:00,1.1132563354974694,1.1132657726408182,1.1131962898706036,1.113232534957466
2026-01-03 07:46:00,1.1131245361929671,1.1132275195154842,1.113188384722781,1.1131898772600253
2026-01-03 07:47:00,1.1135163781788116,1.1134600713578908,1.1133703202622836,1.1134284645709178
2026-01-03 07:48:00,1.1135523166659373,1.1135886925666554,1.1133339684001002,1.113530304264427
2026-01-03 07:49:00,1.1134685874640924,1.1136381654105283,1.1134522240801703,1.1135097549410105
2026-01-03 07:50:00,1.1134197794158396,1.1135825680672748,1.113334600421468,1.1134318454852365
2026-01-03 07:51:00,1.1133662604407213,1.1134363810934202,1.1133341026288066,1.1133807093036345
2026-01-03 07:52:00,1.113471212454635,1.113487832933379,1.1133540280678216,1.113444956807491
2026-01-03 07:53:00,1.1135086259121323,1.1135335766414922,1.1133626731752175,1.1134565302819235
2026-01-03 07:54:00,1.1133100482061147,1.113586803525742,1.1132917632971004,1.1133674585707132
2026-01-03 07:55:00,1.1134345515842112,1.1134381842562768,1.1133292612856203,1.1133426138591656
2026-01-03 07:56:00,1.1134346849190147,1.1133600792732121,1.113302204857076,1.1133544004136235
2026-01-03 07:57:00,1.1129913241210816,1.1131241338747555,1.1129603800240946,1.1130350902994612
2026-01-03 07:58:00,1.1131074556063976,1.1131602445019513,1.1129530656250193,1.1131038155166795
2026-01-03 07:59:00,1.1130423977601778,1.1130161276152677,1.1128576719629213,1.112956857332972
2026-01-03 08:00:00,1.112845503401825,1.1128493808353426,1.112766386368698,1.112783857472491
2026-01-03 08:01:00,1.1125139186689221,1.1125564555649832,1.1124061217910624,1.1125307558204245
2026-01-03 08:02:00,1.1123023889364727,1.1123940369028285,1.1121790228081734,1.1122616719457443
2026-01-03 08:03:00,1.1122082147348635,1.1121019449671867,1.1119716574746343,1.1120583548202776
2026-01-03 08:04:00,1.1119572596757255,1.112039756431978,1.1119476992281314,1.1119520016766329
2026-01-03 08:05:00,1.11221335813469,1.1122801567827594,1.112138243762155,1.112244990547262
2026-01-03 08:06:00,1.1121747295884823,1.1122229730574789,1.112131309640918,1.1121661085958776
2026-01-03 08:07:00,1.1122050987165926,1.1122310632828236,1.1119675177603394,1.1121927711118178
2026-01-03 08:08:00,1.1122266164828438,1.1124154863932547,1.1122339252862778,1.1122528433197938
2026-01-03 08:09:00,1.112294584351117,1.1122961074041087,1.1122568837077165,1.1122725030977263
2026-01-03 08:10:00,1.1121981665256309,1.1122994888584044,1.1122383945555236,1.1122608865786172
2026-01-03 08:11:00,1.112048315820727,1.1121731680181908,1.1120188463974299,1.1120815925140775
2026-01-03 08:12:00,1.112337143885127,1.1123241925921403,1.1122774877382469,1.1122992316463194
2026-01-03 08:13:00,1.1124825676002879,1.1128143815443423,1.11256369703135,1.1125703111428649
2026-01-03 08:14:00,1.1123630707183463,1.1123363412389298,1.1123154293073338,1.1123179123387466
2026-01-03 08:15:00,1.1120637089818284,1.1121848920361057,1.1121230439139693,1.1121643080501136
2026-01-03 08:16:00,1.1120357702698134,1.112258783584119,1.1120793532164424,1.1121223364987571
2026-01-03 08:17:00,1.1119527068923676,1.112070482413386,1.1119289972625503,1.1119776558295205
2026-01-03 08:18:00,1.1120678938546797,1.1121345164155536,1.1119155383335804,1.1120535506625389
2026-01-03 08:19:00,1.1120105730123344,1.1119673810070854,1.1118883742912065,1.111944309832178
2026-01-03 08:20:00,1.1122719493805069,1.1122792470757195,1.1121863736362545,1.1122690682423488
2026-01-03 08:21:00,1.1124353228511217,1.1124782852848936,1.112325040072967,1.1124476505315004
2026-01-03 08:22:00,1.1125085156984946,1.1124887993948902,1.1124269422180328,1.1124795366360953
2026-01-03 08:23:00,1.1125900396345698,1.112757870831879,1.1125407457076797,1.1126335845755932
2026-01-03 08:24:00,1.1128064403972142,1.1128118125574173,1.1126415351230399,1.112799469639247
2026-01-03 08:25:00,1.1126549052031403,1.11286069882742,1.1126944621288384,1.112714877516038
2026-01-03 08:26:00,1.1125965744552004,1.112755457925844,1.1125741730831753,1.1125924449293567
2026-01-03 08:27:00,1.1125976745725097,1.112641200415535,1.1124363979797123,1.1126041663888022
2026-01-03 08:28:00,1.1126931984114046,1.1127923371805566,1.1126406472542967,1.112733411807477
2026-01-03 08:29:00,1.1127625228991018,1.1128796110391044,1.1126912263481956,1.1127542708672749
2026-01-03 08:30:00,1.112525648877604,1.112557312817042,1.1124804419790932,1.1125177213949462
2026-01-03 08:31:00,1.1124560704289705,1.112409014928851,1.1123805295950087,1.1123972977283536
2026-01-03 08:32:00,1.1123059201286614,1.1125436164774176,1.1123407686554991,1.1123862017988144
2026-01-03 08:33:00,1.1123710495127808,1.1124094426862323,1.1122729677112282,1.1123748519581655
2026-01-03 08:34:00,1.112632720164699,1.1127544713636524,1.1126347316381604,1.1126707332846841
2026-01-03 08:35:00,1.112506323196233,1.112552414715148,1.1124400199583955,1.1124628350933243
2026-01-03 08:36:00,1.1125763690828592,1.1126312016688713,1.1125104285031941,1.1125386734795997
2026-01-03 08:37:00,1.1127874344381024,1.1127789055826098,1.1126896019293366,1.112762040445849
2026-01-03 08:38:00,1.1130675662447587,1.1131703936124298,1.1130442515905226,1.1131027579076622
2026-01-03 08:39:00,1.1130863718233317,1.1130458670062588,1.1129247140921479,1.1130420982941847
2026-01-03 08:40:00,1.1130393061656556,1.1131391992221937,1.1130106579562589,1.1131158127120928
2026-01-03 08:41:00,1.1131145112304928,1.1133177758539288,1.1131035013255683,1.1132012767656725
2026-01-03 08:42:00,1.1131668054754102,1.1132931308588077,1.1132254408996838,1.1132305990254054
2026-01-03 08:43:00,1.1132140985047032,1.113232699689053,1.113138583207701,1.1132157722452196
2026-01-03 08:44:00,1.113314926773694,1.1134164048082371,1.1131926656904183,1.1132811685536446
2026-01-03 08:45:00,1.1127525300171612,1.113137817178141,1.112890824043741,1.1129013316408618
2026-01-03 08:46:00,1.1130697792059652,1.1132088493955135,1.1128531354786808,1.1130036420643712
2026-01-03 08:47:00,1.1130291243597294,1.1131931646594095,1.112921772526429,1.1130225687499204
2026-01-03 08:48:00,1.1129108088980242,1.1130519067978808,1.1127837879571112,1.1129891975154036
2026-01-03 08:49:00,1.113301274193276,1.113300318598281,1.1132502793388646,1.1132962268447615
2026-01-03 08:50:00,1.113249613012677,1.113209634809016,1.113120330406716,1.113194986741943
2026-01-03 08:51:00,1.1131644973943484,1.113235166447586,1.1130927038357565,1.1131345253435831
2026-01-03 08:52:00,1.1134882119920417,1.113539042000775,1.1133765252912153,1.113433258338914
2026-01-03 08:53:00,1.1132401368117166,1.1133345258249348,1.1132090077011774,1.1133084491431864
2026-01-03 08:54:00,1.113205231588989,1.113283753060568,1.1132132162478003,1.113225931850746
2026-01-03 08:55:00,1.1131576434257051,1.1132333921351651,1.113106228266954,1.1132038780372313
2026-01-03 08:56:00,1.1134158672198031,1.1133364654355307,1.1131261435570627,1.1133299882095509
2026-01-03 08:57:00,1.113393126727828,1.113370452150922,1.1132555277726062,1.1133611585856538
2026-01-03 08:58:00,1.1133096152630286,1.1132222572668273,1.1131508776434071,1.1131672647835809
2026-01-03 08:59:00,1.113064059022441,1.1131384458941216,1.1130544761458312,1.113087439499112
2026-01-03 09:00:00,1.1129601026235458,1.1130250635855328,1.112905158105363,1.11299633633413
2026-01-03 09:01:00,1.1129776118454169,1.1130791247279224,1.1129588111782203,1.1129847531773467
2026-01-03 09:02:00,1.1131175475872122,1.113108457659561,1.1129862457012722,1.113048629726141
2026-01-03 09:03:00,1.1130930546050555,1.1131982373439815,1.1130836646801014,1.1131113605895242
2026-01-03 09:04:00,1.1128511807063124,1.1129063048429844,1.1127424814463507,1.112844958826417
2026-01-03 09:05:00,1.1130093845096956,1.1130078003638568,1.1129136562248623,1.1130045499745511
2026-01-03 09:06:00,1.1130444101395107,1.113125485114849,1.1129427292687142,1.1130424353014505
2026-01-03 09:07:00,1.1132174951855665,1.1133406948299267,1.1131443899623876,1.1132501151085896
2026-01-03 09:08:00,1.1133098803042878,1.1134946887502257,1.113275627518128,1.1133167448576833
2026-01-03 09:09:00,1.113472938171276,1.1135352437095263,1.1134792686712263,1.1134819433013436
2026-01-03 09:10:00,1.1135515468650774,1.1136285603589877,1.1134861352492038,1.1135519250980612
2026-01-03 09:11:00,1.1138010348023994,1.1137617378014997,1.1136497947172117,1.1137538589614917
2026-01-03 09:12:00,1.1139202279586256,1.1138958810783213,1.1137974575727234,1.1138321965568942
2026-01-03 09:13:00,1.1137754875317945,1.1138916109650614,1.1137769007589404,1.1138175092699278
2026-01-03 09:14:00,1.1141387747967555,1.114187189504237,1.1140317205951002,1.1141583744779948
2026-01-03 09:15:00,1.1142504794514165,1.1143067774962143,1.1141750009745985,1.1142917300463369
2026-01-03 09:16:00,1.1143871467863486,1.1143935551653317,1.1140957748272633,1.1143777917094875
2026-01-03 09:17:00,1.1141594285741312,1.114205841556248,1.1141029405018217,1.1141863460470067
2026-01-03 09:18:00,1.1140050897460743,1.1139955128154326,1.1138996687306202,1.1139930999043872
2026-01-03 09:19:00,1.1140921885722308,1.1140880672957496,1.1139937671079807,1.1140370072267085
2026-01-03 09:20:00,1.1139325438220835,1.1141384009197564,1.1139315443846491,1.1140588354063738
2026-01-03 09:21:00,1.1139913060161026,1.1141066588142878,1.1139604072663272,1.1139667170216225
2026-01-03 09:22:00,1.1139648550741195,1.1140115181649013,1.1139816212562317,1.1139878644265644
2026-01-03 09:23:00,1.11424917957917,1.1143573133795608,1.1141922055870304,1.1142261584657709
2026-01-03 09:24:00,1.1142856453650658,1.1143492761726526,1.1140118113457722,1.1143304688369533
2026-01-03 09:25:00,1.1142191306099059,1.1142444356087353,1.114024874169682,1.1141593175604905
2026-01-03 09:26:00,1.1141882552673212,1.11420912468987,1.1140724781163478,1.1141425912364191
2026-01-03 09:27:00,1.1140502638717185,1.1142428068218955,1.113930565815631,1.1140218462642912
2026-01-03 09:28:00,1.1140033525627204,1.1140423484859856,1.113949332294282,1.1139636912768298
2026-01-03 09:29:00,1.1138643679036269,1.113934886160308,1.113820336517601,1.1139016489269855
2026-01-03 09:30:00,1.1137990209018604,1.1140055526484653,1.1137477910048665,1.1138300020895948
2026-01-03 09:31:00,1.1136793535938396,1.1136871223067428,1.1136276850862252,1.1136417317837988
2026-01-03 09:32:00,1.1135841971244327,1.113711154961551,1.1135101314136098,1.1136225835815712
2026-01-03 09:33:00,1.113610774188377,1.1136009758978875,1.1135303799777023,1.113538492436044
2026-01-03 09:34:00,1.1130828955789795,1.1132092037815275,1.1130141333855719,1.1130990751325436
2026-01-03 09:35:00,1.1134321156557119,1.1134802360588243,1.113391899314085,1.1134070209362188
2026-01-03 09:36:00,1.1136752988603142,1.1136710668200989,1.1134844286527148,1.1135703363843514
2026-01-03 09:37:00,1.1134785801079092,1.1135162297970784,1.1135111425122766,1.1135138912756126
2026-01-03 09:38:00,1.113520152220616,1.1136031568036073,1.1134416671468803,1.1135167141330737
2026-01-03 09:39:00,1.113393675139208,1.1134999182845864,1.1133356607817835,1.113340965980976
2026-01-03 09:40:00,1.1136428882820917,1.1136703654254232,1.1135562355859305,1.1135953244126477
2026-01-03 09:41:00,1.1138635269513517,1.1140961209468565,1.1138595900947579,1.1138799177168637
2026-01-03 09:42:00,1.1138775852542244,1.1139492606770962,1.1138337035140213,1.1139034217761006
2026-01-03 09:43:00,1.1140452945761012,1.1141674288400927,1.1139462330457404,1.1140569513727285
2026-01-03 09:44:00,1.114155637277876,1.1141821052689185,1.114057178774098,1.1140832443895685
2026-01-03 09:45:00,1.1138687802809193,1.1139208493434047,1.1137509814918356,1.1138827355737373
2026-01-03 09:46:00,1.1138248678530167,1.1138813333924469,1.113763596372065,1.1138209620683925
2026-01-03 09:47:00,1.1138194119398623,1.1139809012980637,1.1138349758487418,1.1138407512634085
2026-01-03 09:48:00,1.1138078465338366,1.113893454992059,1.113708595354927,1.1137725691055969
2026-01-03 09:49:00,1.1137475473658607,1.1137963648270708,1.1136945214683713,1.1137397711139816
2026-01-03 09:50:00,1.1136758894898173,1.113733628287621,1.1136507010694392,1.1137260611803552
2026-01-03 09:51:00,1.1136654881999737,1.113867684537579,1.113511536244577,1.1137139294056755
2026-01-03 09:52:00,1.1136218379009224,1.1137876064510441,1.113566422565884,1.1137217681792502
2026-01-03 09:53:00,1.1135211113488344,1.1136221277888856,1.1134621945043424,1.1135626774192906
2026-01-03 09:54:00,1.113494822287103,1.1135029390544768,1.1133045970793052,1.1134551249969213
2026-01-03 09:55:00,1.113328625383967,1.1133201602296374,1.1132222834934944,1.1132624373570663
2026-01-03 09:56:00,1.1134433876076801,1.113424362277809,1.1133739047239162,1.1134091096895193
2026-01-03 09:57:00,1.1131209942582754,1.11324841639034,1.1129936437236836,1.1130932626482433
2026-01-03 09:58:00,1.1132599748972645,1.1134877341939964,1.113231336224026,1.1132663011997408
2026-01-03 09:59:00,1.113512999337076,1.1136090245323613,1.1134541502589586,1.1134742536093303
2026-01-03 10:00:00,1.113443240432437,1.113461101791682,1.1132178922560731,1.113428926521283
2026-01-03 10:01:00,1.1131286784067083,1.1130417040616931,1.1129759748376553,1.1130384559581088
2026-01-03 10:02:00,1.112979337108105,1.1131755281872495,1.1128402483618067,1.1129842593738137
2026-01-03 10:03:00,1.113041782153807,1.1131071163277135,1.1129393894581818,1.1129746317496203
2026-01-03 10:04:00,1.112866747720722,1.113021412430179,1.1127569398284767,1.112823042016631
2026-01-03 10:05:00,1.11278253142187,1.11282147693967,1.1126658346118081,1.1127457592575598
2026-01-03 10:06:00,1.1128747139711164,1.1130169980698317,1.112918714686944,1.1129752885373894
2026-01-03 10:07:00,1.1131214870898118,1.1131734909804363,1.1130714432822486,1.1130750276117345
2026-01-03 10:08:00,1.1129299675956323,1.1129934571187816,1.1129097134589336,1.1129363429945778
2026-01-03 10:09:00,1.1126745067944168,1.1127690517813806,1.112637004416034,1.1126967031191386
2026-01-03 10:10:00,1.112573504869438,1.112774316646817,1.1125650718089717,1.112647650521497
2026-01-03 10:11:00,1.1126153526478961,1.1127127382075053,1.1125396877872122,1.1126156320045946
2026-01-03 10:12:00,1.1126917394625397,1.1127013777321446,1.1126676679402676,1.112690061882699
2026-01-03 10:13:00,1.1125446142797233,1.1126652916846151,1.112601756075989,1.112609764375814
2026-01-03 10:14:00,1.1126128253034735,1.112785241608361,1.112658507152524,1.1126864893121182
2026-01-03 10:15:00,1.1130010933921335,1.1130508943998179,1.1129502335836488,1.112976762418127
2026-01-03 10:16:00,1.113142672828047,1.113152633446235,1.1129561549243965,1.113099087571494
2026-01-03 10:17:00,1.1131013884408902,1.1132127753152843,1.1129632490867487,1.1130918742953941
2026-01-03 10:18:00,1.1131219434572204,1.113242389235557,1.1130522835095462,1.1130644017247362
2026-01-03 10:19:00,1.1130065815053916,1.1131173178248432,1.112990635428327,1.1130109007546092
2026-01-03 10:20:00,1.113185279327757,1.1134385417820127,1.11314491229096,1.113187996891477
2026-01-03 10:21:00,1.1130480484731473,1.113139063983502,1.1130702456552228,1.1130938998745843
2026-01-03 10:22:00,1.1130226711820566,1.1132901981421452,1.1130239770119852,1.1131006832809343
2026-01-03 10:23:00,1.1132010960729093,1.1131346790934225,1.1130545645990013,1.1131083629662164
2026-01-03 10:24:00,1.113089660289807,1.1131703363110508,1.112961310714395,1.1130330953372947
2026-01-03 10:25:00,1.1127575998767552,1.112857788749353,1.1126921261145395,1.1128272255051121
2026-01-03 10:26:00,1.1128834592760464,1.1129804920774222,1.1127873092257576,1.1128756716806547
2026-01-03 10:27:00,1.1128615187693214,1.1129503387331097,1.1128504724628436,1.1128665210848765
2026-01-03 10:28:00,1.1129278575316337,1.1130015910211926,1.1128292670396842,1.1129415571552919
2026-01-03 10:29:00,1.1128410662169355,1.1129208710525555,1.1126947373160256,1.1128615171093261
2026-01-03 10:30:00,1.1130637037614965,1.1130449463158218,1.1130208679668134,1.113044640304148
2026-01-03 10:31:00,1.11295403301324,1.112971586532215,1.1128658134956302,1.1129131242369663
2026-01-03 10:32:00,1.1131900498380205,1.113193713233645,1.1129962575977925,1.113169930279569
2026-01-03 10:33:00,1.112901758884376,1.11295574733505,1.1128739374925636,1.1129077848030948
2026-01-03 10:34:00,1.1129651389769337,1.113016230431359,1.1129581116523828,1.1129730003127782
2026-01-03 10:35:00,1.1130911556310032,1.1130674880093603,1.1128928034215322,1.1130443149151572
2026-01-03 10:36:00,1.112948153601872,1.113017718655536,1.1128796539507528,1.1129249813549662
2026-01-03 10:37:00,1.112992274918797,1.1131174838078957,1.1129388212535751,1.1129886404456453
2026-01-03 10:38:00,1.1131787731812293,1.113243995717791,1.1129115367453806,1.1131805682461093
2026-01-03 10:39:00,1.1128653089456868,1.1129609301689611,1.112791109300997,1.112848045420206
2026-01-03 10:40:00,1.1129000397069018,1.112946817837428,1.11287993780811,1.1129234571413298
2026-01-03 10:41:00,1.1125905434591457,1.112569666419356,1.112461988895855,1.1125494665182802
2026-01-03 10:42:00,1.1123508238696598,1.1124541132528407,1.1122768291456475,1.1124046167977517
2026-01-03 10:43:00,1.1126284189269986,1.1127505912956037,1.1126117141730405,1.1126489917524869
2026-01-03 10:44:00,1.1125922797522505,1.1127362004862387,1.1124892330321017,1.1125617244474781
2026-01-03 10:45:00,1.1123289983121492,1.112491174868676,1.1123149469518248,1.112385642452817
2026-01-03 10:46:00,1.1122773013663367,1.1123883426787908,1.1122179164999277,1.1123559517934691
2026-01-03 10:47:00,1.112669291627965,1.1126873256620764,1.1126036266895687,1.1126661377441935
2026-01-03 10:48:00,1.1123065624993904,1.1124924233384412,1.1122132454354527,1.1123913854071128
2026-01-03 10:49:00,1.1121687487426641,1.1122782646663465,1.1121770281370833,1.1122336889203668
2026-01-03 10:50:00,1.112496133378769,1.1125464997492704,1.1123945138412177,1.1124583036728437
2026-01-03 10:51:00,1.1127267197614943,1.1128812305029747,1.1126499530026839,1.1127369590243745
2026-01-03 10:52:00,1.1127857186882164,1.1127694507025214,1.1125504735378633,1.112721444340731
2026-01-03 10:53:00,1.112475345718305,1.1126739058868849,1.11241459703935,1.1125355864353519
2026-01-03 10:54:00,1.1128452653423415,1.112976595987419,1.112805995988396,1.1128499629606232
2026-01-03 10:55:00,1.113109108547046,1.1131601225942003,1.112998740179322,1.1130891293193856
2026-01-03 10:56:00,1.1131324456210436,1.113254825699277,1.1131023778750035,1.11319097136755
2026-01-03 10:57:00,1.1131206991104343,1.1132388733931802,1.1129914816561346,1.1130691110152093
2026-01-03 10:58:00,1.113087290558242,1.1130949647602253,1.1129612010169654,1.1130617566140837
2026-01-03 10:59:00,1.1129572382475925,1.1131023155695294,1.1130010003600637,1.113037702601927
2026-01-03 11:00:00,1.1130854432078088,1.1131194086838043,1.112779074080105,1.1130873302976192
2026-01-03 11:01:00,1.113324278350152,1.1134411848504244,1.1132648375474024,1.113304980513339
2026-01-03 11:02:00,1.1134073902358332,1.1135052779595596,1.1133725058683988,1.1134368930695095
2026-01-03 11:03:00,1.1132012934126865,1.1132762025618153,1.1131641721364414,1.1132752866579618
2026-01-03 11:04:00,1.1134956840649373,1.113487839662715,1.1134427418644042,1.1134817611254648
2026-01-03 11:05:00,1.113639293093981,1.1137213595319524,1.1134163213569965,1.1135287309464668
2026-01-03 11:06:00,1.1136124416108877,1.1136399185326047,1.1135234311613782,1.1136317908158455
2026-01-03 11:07:00,1.1139302340038015,1.11396965628914,1.1137479333410214,1.1138517719447374
2026-01-03 11:08:00,1.1136474204662223,1.113728542631468,1.113474449272874,1.1136850349073104
2026-01-03 11:09:00,1.113690438352255,1.1137108286590809,1.1136032452405111,1.1136796610705044
2026-01-03 11:10:00,1.1136385190143443,1.1137328436515228,1.1135209079869313,1.1135999428878005
2026-01-03 11:11:00,1.113364343290697,1.1134389967752834,1.113347804206356,1.1133647639739956
2026-01-03 11:12:00,1.1134018836881923,1.1134694686097728,1.1133643035925798,1.1134167704706364
2026-01-03 11:13:00,1.1138298103294417,1.1137942599714137,1.113717384716104,1.1137935039533742
2026-01-03 11:14:00,1.1136120650474617,1.1136117861536878,1.1133668840006579,1.1135174922916982
2026-01-03 11:15:00,1.1135276795462727,1.1135307755948753,1.1134708746875486,1.1135126502000408
2026-01-03 11:16:00,1.1135829286314756,1.1136439770134658,1.1134316259600683,1.113608731640302
2026-01-03 11:17:00,1.1136177057926875,1.113842023056929,1.113556827732819,1.1136271933705504
2026-01-03 11:18:00,1.1137362095449554,1.1136196145195443,1.1135460196534837,1.113610224162673
2026-01-03 11:19:00,1.1134220870639733,1.1135316418051269,1.1133648023705343,1.1134153417081563
2026-01-03 11:20:00,1.1134205390346683,1.1134903806402516,1.1134451683500437,1.1134502597195972
2026-01-03 11:21:00,1.1132794917272208,1.1134077050709832,1.1133197050236388,1.113336745123045
2026-01-03 11:22:00,1.1129169618125925,1.1131010584332133,1.1128196704055118,1.113008256867298
2026-01-03 11:23:00,1.1132056249140676,1.1132082948974327,1.1131501894723181,1.1131874457003752
2026-01-03 11:24:00,1.1133639356729925,1.113566651865621,1.1132630684127078,1.1133312035733514
2026-01-03 11:25:00,1.1133191179108808,1.1133407779659648,1.1132730467508276,1.1133389527198791
2026-01-03 11:26:00,1.1133725654022084,1.113496359927886,1.1133133560603286,1.11337331392311
2026-01-03 11:27:00,1.113475938539553,1.1135872097083201,1.1134484108923668,1.1135344616250173
2026-01-03 11:28:00,1.1135747589967753,1.1136126964610569,1.1135076444885212,1.113568112573534
2026-01-03 11:29:00,1.1137277899727764,1.113875940900144,1.1134950082821773,1.1137037152067482
2026-01-03 11:30:00,1.1136323346632586,1.1137311383836845,1.1136296805585795,1.113659092876617
2026-01-03 11:31:00,1.1139404130708825,1.1138970262005183,1.1137471066826319,1.1138558904374032
2026-01-03 11:32:00,1.113862152979956,1.113945046623972,1.1138960880034243,1.1139040082962932
2026-01-03 11:33:00,1.113947289918035,1.1140545827658475,1.1138380052831598,1.113933116087834
2026-01-03 11:34:00,1.1137850227855124,1.1137570936000416,1.1137321526999722,1.113742606924527
2026-01-03 11:35:00,1.1137817858276648,1.1138262327113397,1.113771181726598,1.1137856503026724
2026-01-03 11:36:00,1.1136514332241036,1.1136624944892415,1.1134936528877442,1.1136608570650484
2026-01-03 11:37:00,1.1134936713485466,1.113663808929719,1.1135153928580237,1.113565114656069
2026-01-03 11:38:00,1.1135106753866073,1.113668387444931,1.1132588445245652,1.1134428083118215
2026-01-03 11:39:00,1.1132743784119534,1.1133259740412498,1.1131563841876264,1.1132828730720368
2026-01-03 11:40:00,1.113628457053736,1.1136189835033306,1.11359606798159,1.1136015887824893
2026-01-03 11:41:00,1.1138349256661806,1.1138631071459975,1.1137083048469483,1.1138012896417875
2026-01-03 11:42:00,1.1140579298425084,1.1142512620727607,1.1137925079240856,1.1140893447671092
2026-01-03 11:43:00,1.1138960340839612,1.1139688844656166,1.1137709558827924,1.1139059105141758
2026-01-03 11:44:00,1.1139833226941995,1.113943190584082,1.1138445761749718,1.1139165985766624
2026-01-03 11:45:00,1.113666712549595,1.1137782599051187,1.1136704747455326,1.1137225724328819
2026-01-03 11:46:00,1.1137246141050403,1.1138046230543435,1.1135574858967552,1.1136182182013024
2026-01-03 11:47:00,1.1134432555145262,1.113694642241822,1.1134377314766888,1.1134804991537899
2026-01-03 11:48:00,1.113607460881924,1.1137363968356262,1.1135960007223338,1.113666436754756
2026-01-03 11:49:00,1.1136136177540752,1.1136279398643718,1.113586516573019,1.1136070023030407
2026-01-03 11:50:00,1.1138776766163119,1.1139127418205097,1.1136752008805113,1.113767259203095
2026-01-03 11:51:00,1.1137623290397534,1.1140215176384538,1.1137062484914775,1.113857877336533
2026-01-03 11:52:00,1.1141963723634245,1.114397009251917,1.1140463994839407,1.114203423149349
2026-01-03 11:53:00,1.1140053197667406,1.1139950921060344,1.1138582781329267,1.1139815065158778
2026-01-03 11:54:00,1.1141720739997727,1.1141799915680193,1.1141664999190442,1.114170391501846
2026-01-03 11:55:00,1.1143614537159063,1.114362163608728,1.114293410932872,1.114342357632406
2026-01-03 11:56:00,1.1141604491525932,1.1142399771099198,1.1141796505145323,1.1141963508067019
2026-01-03 11:57:00,1.1143174347148763,1.1144522324830999,1.114274086006455,1.1143474208071729
2026-01-03 11:58:00,1.1143904214192688,1.114504694627035,1.1142611678779573,1.1143978425516268
2026-01-03 11:59:00,1.1143072267082388,1.1143982625307982,1.1143324068103204,1.1143637211126338
2026-01-03 12:00:00,1.114237896469516,1.1142785489561589,1.1141510611810619,1.1142401307895882
2026-01-03 12:01:00,1.1141128271071872,1.114208477716722,1.1141267013594942,1.1141322643718707
2026-01-03 12:02:00,1.1144162339269807,1.114698333703807,1.1142580568625724,1.1144397361862386
2026-01-03 12:03:00,1.114455863929712,1.1144817436825576,1.1143050708005309,1.1144398386090821
2026-01-03 12:04:00,1.114466125134652,1.114618484663778,1.1144662817614994,1.1145571581093119
2026-01-03 12:05:00,1.1144270686968925,1.1145523008801286,1.1143589545000494,1.1144385232020617
2026-01-03 12:06:00,1.1144374129484091,1.1144636802546604,1.1142516002510678,1.1143215452601285
2026-01-03 12:07:00,1.1144295374971998,1.1146590721724283,1.114367967498065,1.114483842981516
2026-01-03 12:08:00,1.1143456815746076,1.1145323022676328,1.1142357436712111,1.1142814065497832
2026-01-03 12:09:00,1.1142218572906433,1.1142960011256013,1.11408361587802,1.1142191244845976
2026-01-03 12:10:00,1.1141940807058142,1.1142701317635761,1.1142173282461845,1.1142242285962582
2026-01-03 12:11:00,1.1141749024035579,1.1142991068230312,1.1141591763278564,1.1142409344865343
2026-01-03 12:12:00,1.1142210545920461,1.114235942320396,1.1141085684182443,1.114214070493782
2026-01-03 12:13:00,1.114346113316237,1.1142901249350161,1.1142014156032876,1.1142734434609463
2026-01-03 12:14:00,1.1143579112670592,1.1143785715587817,1.1141288404318657,1.114377371824319
2026-01-03 12:15:00,1.114483519384901,1.1145853697584902,1.1144739549927303,1.1144875674561379
2026-01-03 12:16:00,1.1143902154273473,1.1144894201242863,1.1143035061012017,1.1143396968848378
2026-01-03 12:17:00,1.1143141171597155,1.1143697247823818,1.1141748373394478,1.1142970736201483
2026-01-03 12:18:00,1.1143976742604436,1.1145456586606834,1.1142919127535507,1.1144762880494299
2026-01-03 12:19:00,1.1146154294883588,1.1147689345650817,1.114528579863254,1.114610485127566
2026-01-03 12:20:00,1.1144801679553773,1.1144835579195254,1.114260736651323,1.114404556209844
2026-01-03 12:21:00,1.1144554311355734,1.1145265597159268,1.114423850648289,1.1144572781948967
2026-01-03 12:22:00,1.1140234699360165,1.114188915080327,1.1141006848983461,1.1141605444074905
2026-01-03 12:23:00,1.1141869953923789,1.1142866321413187,1.1140937280388792,1.1141675846427994
2026-01-03 12:24:00,1.114442326873334,1.114554445972979,1.1143931147573314,1.1144522496953113
2026-01-03 12:25:00,1.114218611067025,1.1143311867276433,1.1141712692293235,1.114310065787721
2026-01-03 12:26:00,1.1141009569263947,1.1142188703465639,1.1141216365709752,1.1141849173308973
2026-01-03 12:27:00,1.1143482771552977,1.1143956150159942,1.114158898562207,1.1142995217981333
2026-01-03 12:28:00,1.114031482433572,1.1141327920231774,1.1140238713552382,1.1140681015708518
2026-01-03 12:29:00,1.1139278134973323,1.1140416323565776,1.1137942838009445,1.113973188316369
2026-01-03 12:30:00,1.1140608725589596,1.1141954343543543,1.1139878535383463,1.1140626544870063
2026-01-03 12:31:00,1.113935301459937,1.113996364899921,1.1137890177565657,1.1139675116098529
2026-01-03 12:32:00,1.1139371185431601,1.114083657493306,1.1138157878984918,1.1139321161117712
2026-01-03 12:33:00,1.1140336079668467,1.114158392684192,1.1140412704262384,1.1140437439683186
2026-01-03 12:34:00,1.1140469761018443,1.114218208627816,1.1138841416368541,1.114106975880849
2026-01-03 12:35:00,1.114121438750365,1.1142637743818833,1.1141094239521212,1.1141469986402932
2026-01-03 12:36:00,1.1141182679644681,1.1142235986833706,1.1140424138721639,1.1140961302984027
2026-01-03 12:37:00,1.1141537353677051,1.114265203056169,1.1140032588801898,1.1141516394656932
2026-01-03 12:38:00,1.1141289824395586,1.1141840090960424,1.1139652829799813,1.1141330795636781
2026-01-03 12:39:00,1.114298619617226,1.1142633575267007,1.1141910218185576,1.1142017504051671
2026-01-03 12:40:00,1.1141637624776686,1.1142889150938515,1.114097867461168,1.1141272106013993
2026-01-03 12:41:00,1.1141424473184836,1.1141768677351562,1.114059882777144,1.1140998252552425
2026-01-03 12:42:00,1.1139430331659699,1.11406566773938,1.1138000036394438,1.1139513315863596
2026-01-03 12:43:00,1.1139570877043763,1.1139645663102646,1.1138156255549003,1.1139460804448587
2026-01-03 12:44:00,1.1138028753158382,1.1138496498007378,1.1136959386368268,1.1138244303153144
2026-01-03 12:45:00,1.1136962008360662,1.1138543542059252,1.1136099350608115,1.11365732334779
2026-01-03 12:46:00,1.1136906025247635,1.113916413855289,1.1136939157498746,1.1136961225199684
2026-01-03 12:47:00,1.1137391523737936,1.1137500900803738,1.113523600438727,1.113728033486347
2026-01-03 12:48:00,1.1138534951116972,1.113870155152931,1.1137136553430098,1.1138454645465894
2026-01-03 12:49:00,1.1137798873670828,1.1138933154939268,1.1137198144591656,1.113780795711153
2026-01-03 12:50:00,1.1139889130415364,1.1139508729792262,1.1138042324621673,1.1138420036381786
2026-01-03 12:51:00,1.113891292310145,1.1139807705370022,1.1137492857541471,1.1139246232740196
2026-01-03 12:52:00,1.1139575537686863,1.11404762479324,1.1138570437120312,1.1139913393451943
2026-01-03 12:53:00,1.1139021961301145,1.1138812653988128,1.1138444201955255,1.113867491292774
2026-01-03 12:54:00,1.1138601373651609,1.1139679159872333,1.1138426004586433,1.1138898958151147
2026-01-03 12:55:00,1.1139299465414556,1.114061937089095,1.1139128565152328,1.113944516859523
2026-01-03 12:56:00,1.1138912730818913,1.1139811871212677,1.1137401126476951,1.113945593629559
2026-01-03 12:57:00,1.1136571998767737,1.1137974097413819,1.1135177205111984,1.1136326219808035
2026-01-03 12:58:00,1.1136819082866236,1.1136635276373934,1.1136397269153135,1.1136566954243994
2026-01-03 12:59:00,1.113972815477313,1.114001206331768,1.1139685356018214,1.1139885750803091
2026-01-03 13:00:00,1.1139703100244196,1.1141651638485923,1.1137900841612696,1.1139345691899956
2026-01-03 13:01:00,1.1137324513746305,1.113965291841902,1.113767399840606,1.1138253576253172
2026-01-03 13:02:00,1.1138460172391982,1.1139610029459381,1.1137254971075667,1.1138813599092738
2026-01-03 13:03:00,1.1139197176815334,1.1140946152688247,1.113708851848218,1.113928216640844
2026-01-03 13:04:00,1.1140485127908113,1.1141396127083063,1.1140610040895065,1.1141071269156564
2026-01-03 13:05:00,1.113831011040399,1.1140044097709556,1.113866903205802,1.11391844669227
2026-01-03 13:06:00,1.1140127589319042,1.1141263556798773,1.1138525159313934,1.1140281537301562
2026-01-03 13:07:00,1.114151418043697,1.1141853902789007,1.1139620771706251,1.114116717039344
2026-01-03 13:08:00,1.1141595004783742,1.1141338917004076,1.1140921114778928,1.1140953950588028
2026-01-03 13:09:00,1.114118833762331,1.114226054823802,1.11399263505861,1.114146198156491
2026-01-03 13:10:00,1.114337277570612,1.1144127104299715,1.1141223053267315,1.1143006167787308
2026-01-03 13:11:00,1.1144632911876389,1.114588426944429,1.1144240234185425,1.1144314640857351
2026-01-03 13:12:00,1.1143209415976407,1.1142667558447796,1.1140128178116808,1.114260011188924
2026-01-03 13:13:00,1.1143655253654197,1.1145023960924547,1.1143799008016706,1.1143830349169375
2026-01-03 13:14:00,1.1142834066014233,1.1144075621105274,1.114351879531149,1.1143733316261826
2026-01-03 13:15:00,1.114387772033506,1.1144744718720436,1.1142976754820264,1.1143842627408849
2026-01-03 13:16:00,1.1143445526024867,1.1144159911693203,1.1143598632164209,1.1143952422895351
2026-01-03 13:17:00,1.1143365305857622,1.1144172736319236,1.114364171863636,1.1143727058412154
2026-01-03 13:18:00,1.1145364010085788,1.1145938127531836,1.1144105185233764,1.1145514619657815
2026-01-03 13:19:00,1.1145219578902368,1.1146993747727838,1.1145369823865825,1.1145389042718041
2026-01-03 13:20:00,1.1143780503158913,1.1144833845384325,1.114201470573249,1.1143709723525466
2026-01-03 13:21:00,1.1143471006899723,1.114322197018133,1.1142752109353664,1.1143119428741513
2026-01-03 13:22:00,1.114320360302509,1.1145074749896369,1.1142691177237676,1.1143387470816728
2026-01-03 13:23:00,1.1145429141746477,1.1146062504096372,1.1144366021835876,1.1145231292993172
2026-01-03 13:24:00,1.114614334302556,1.1147007490986884,1.114543974530477,1.1146135935020596
2026-01-03 13:25:00,1.1145327879300415,1.1145187302655355,1.114338873175431,1.1144860132102477
2026-01-03 13:26:00,1.1148493621051943,1.1149709050990253,1.1147680384676701,1.1148587916977495
2026-01-03 13:27:00,1.1148945616606074,1.115036521888283,1.1147894835660301,1.114898507994396
2026-01-03 13:28:00,1.115071096582696,1.1152935376690678,1.1150229069290822,1.115089816605096
2026-01-03 13:29:00,1.1150589470130614,1.115081767122804,1.1149866607904704,1.1150670594400593
2026-01-03 13:30:00,1.1151078889203478,1.1151981168646101,1.114950218197829,1.115147063326765
2026-01-03 13:31:00,1.1152288537381356,1.1152931574679226,1.115204118611579,1.1152729836024429
2026-01-03 13:32:00,1.11549450107847,1.1155087497281058,1.1152757389800332,1.115455712809206
2026-01-03 13:33:00,1.1155601579708536,1.1156262739306755,1.1155593830458927,1.1156143180550129
2026-01-03 13:34:00,1.1157291917005387,1.115748604029008,1.1156599504805187,1.1157451476050237
2026-01-03 13:35:00,1.1157486517346582,1.1157884563553944,1.1156682645510092,1.1156978845953447
2026-01-03 13:36:00,1.115594487649301,1.1158466851052409,1.1155405316474383,1.1156121226890512
2026-01-03 13:37:00,1.1157034508382841,1.11580202093904,1.1155708388032026,1.1156620138156
2026-01-03 13:38:00,1.1157724307404147,1.1158123642748912,1.1157058067843737,1.115801983026451
2026-01-03 13:39:00,1.115716016741017,1.1158866209698577,1.115725120911609,1.1157685749213344
2026-01-03 13:40:00,1.1158486094234465,1.1160875532060492,1.1158597952590432,1.1159283507161917
2026-01-03 13:41:00,1.1162118794314784,1.1162050170249467,1.1159973510024077,1.1161462432280147
2026-01-03 13:42:00,1.1159519515310719,1.116153115169532,1.1159159214586003,1.1160087950901536
2026-01-03 13:43:00,1.1159206163140905,1.1159470756844692,1.1158081669479887,1.1158832569845842
2026-01-03 13:44:00,1.1158122033744087,1.1160366318372228,1.1158100412097132,1.1158622007257484
2026-01-03 13:45:00,1.1159742118218738,1.1159747024128328,1.11579312125967,1.1159083426259768
2026-01-03 13:46:00,1.1159399967101424,1.1158501373616398,1.115682336910924,1.1158296575739117
2026-01-03 13:47:00,1.115948161472757,1.1160734020680194,1.115997291868321,1.1160324879757417
2026-01-03 13:48:00,1.1160418601832616,1.116237582071252,1.1159784281863923,1.1160960980049695
2026-01-03 13:49:00,1.1161406716553959,1.116189434989207,1.1160391065213042,1.1161020150622056
2026-01-03 13:50:00,1.1159122807797937,1.115897813344034,1.115824355575525,1.1158866286336253
2026-01-03 13:51:00,1.1157281023538992,1.115734525276012,1.1155841233593589,1.115689256261161
2026-01-03 13:52:00,1.1157027198711833,1.1158481941794327,1.1156514411971687,1.1157314076487035
2026-01-03 13:53:00,1.1155108950128314,1.1154443558307219,1.1153528260442356,1.1154115183047801
2026-01-03 13:54:00,1.1155693163895615,1.1156741860258252,1.1155318175210918,1.115563413916227
2026-01-03 13:55:00,1.1154788427107287,1.1155963510544102,1.1153176919308152,1.115539690839571
2026-01-03 13:56:00,1.1160134973600082,1.1160905858350212,1.115931499648868,1.1160261547850103
2026-01-03 13:57:00,1.116312163877791,1.116386989783768,1.1162902513704858,1.1163723422226026
2026-01-03 13:58:00,1.1164246719301434,1.1163974572404884,1.1163445790777875,1.1163451248622156
2026-01-03 13:59:00,1.1162961577486958,1.1164092333460707,1.1161764162177001,1.1163291743118358
2026-01-03 14:00:00,1.1165031357131734,1.116509462527529,1.1163575746211027,1.1164785115389362
2026-01-03 14:01:00,1.1167104537731747,1.1167531878541208,1.1166673610917877,1.1167339874304238
2026-01-03 14:02:00,1.1164575137063202,1.1165160346576966,1.1164429477267983,1.1164882830718084
2026-01-03 14:03:00,1.1161248140429412,1.1162523455374973,1.1159891223463694,1.1162203267520052
2026-01-03 14:04:00,1.1161569302613217,1.1161408550593737,1.1160566578867612,1.116127021531172
2026-01-03 14:05:00,1.1162793912312796,1.1162521745087612,1.1161402111724057,1.1162144321686482
2026-01-03 14:06:00,1.116243164828156,1.1166047403355288,1.1162327539810162,1.1162889632072244
2026-01-03 14:07:00,1.1163721674697218,1.116540107652765,1.1164104117061837,1.1164494289254718
2026-01-03 14:08:00,1.116309640098354,1.1163107890438124,1.1162412742419616,1.1162694742962171
2026-01-03 14:09:00,1.1158397406493163,1.1159453735665923,1.1158844138605828,1.1159220527167717
2026-01-03 14:10:00,1.1161117314928644,1.1160958767287614,1.1160235607869728,1.116050754846067
2026-01-03 14:11:00,1.1158813056489745,1.115939605464495,1.1159213335692446,1.1159265254051223
2026-01-03 14:12:00,1.1155685875883228,1.1156530351098226,1.1154726239130528,1.115623752225464
2026-01-03 14:13:00,1.1156579349084144,1.1158335553417642,1.1155142457312779,1.1156455117873578
2026-01-03 14:14:00,1.11571258117634,1.115921427100128,1.115662342330189,1.1157644881405906
2026-01-03 14:15:00,1.1157108240167077,1.1158098678096662,1.1156639453409036,1.1157461795707724
2026-01-03 14:16:00,1.1156952014094788,1.115698216256523,1.1156076624007123,1.1156775023128451
2026-01-03 14:17:00,1.115532142361165,1.1156775252927384,1.1155419000352593,1.1156535979780233
2026-01-03 14:18:00,1.1156801315259595,1.115745822686273,1.1155887506241362,1.1155980105636631
2026-01-03 14:19:00,1.1153979855034954,1.1155440431755717,1.1152089060892894,1.115395803496872
2026-01-03 14:20:00,1.1152239530947035,1.1153637359422839,1.1152813721293522,1.1152886013953236
2026-01-03 14:21:00,1.1153159311126113,1.1155188025551748,1.115267673959313,1.1153667933810756
2026-01-03 14:22:00,1.115464627481195,1.1154281570947495,1.1153418592412963,1.115415045162282
2026-01-03 14:23:00,1.1154703067799308,1.1155287383914572,1.115316012165794,1.1154402541331772
2026-01-03 14:24:00,1.1153603208937635,1.115496106555226,1.1152432473750549,1.1152909818608991
2026-01-03 14:25:00,1.1152296192443385,1.115333136828369,1.1152040940171806,1.1152637563865788
2026-01-03 14:26:00,1.1149520258214698,1.1149471280633914,1.1146994396466194,1.1149371966296122
2026-01-03 14:27:00,1.1149852965247844,1.1149912108192883,1.114893945938067,1.1149639681291952
2026-01-03 14:28:00,1.1152130601603798,1.1153737560858155,1.1149562645995668,1.1151782967853672
2026-01-03 14:29:00,1.1150135410217326,1.1149882166459364,1.1148965532462112,1.1149571769655608
2026-01-03 14:30:00,1.114833424619271,1.1149573940333013,1.1148489954189098,1.1148692878145632
2026-01-03 14:31:00,1.1149129453179818,1.114972712785551,1.114913179191802,1.1149186538313698
2026-01-03 14:32:00,1.1150760727392548,1.1151684885434727,1.1150644816397326,1.1151065802265339
2026-01-03 14:33:00,1.115036715940421,1.1150768974321528,1.1150303423757022,1.1150393465340889
2026-01-03 14:34:00,1.114970430623802,1.1150011187082993,1.1149318081752915,1.1149355089846988
2026-01-03 14:35:00,1.1145574687383233,1.1147670960805263,1.1145560656702966,1.1146401705133364
2026-01-03 14:36:00,1.1147111548112059,1.1147054179473685,1.114487397393838,1.1146556862327328
2026-01-03 14:37:00,1.1149050385325412,1.1149914058426338,1.1148132822151835,1.1149619976387544
2026-01-03 14:38:00,1.114988232892064,1.1150199348761167,1.1149317682537294,1.1150036014080489
2026-01-03 14:39:00,1.1150624566574197,1.1151464312627972,1.1149901397984396,1.1150002595611714
2026-01-03 14:40:00,1.1150649723936856,1.1151457131435538,1.11485848872628,1.1150485719077865
2026-01-03 14:41:00,1.1150638846046073,1.1151764339692607,1.1150128216472692,1.115046908107194
2026-01-03 14:42:00,1.1148659246490904,1.1150437112680327,1.1148889653976368,1.1149249559513552
2026-01-03 14:43:00,1.1149962436419156,1.1151063389205138,1.1150236772188633,1.1150484479387068
2026-01-03 14:44:00,1.115129374987007,1.1150887459319114,1.1150783214977216,1.1150823121671736
2026-01-03 14:45:00,1.1150554969776894,1.115130471333359,1.114970675085464,1.1150849541549637
2026-01-03 14:46:00,1.1149139036572069,1.1150402120392713,1.1148619622983602,1.114938649250872
2026-01-03 14:47:00,1.1151823730032149,1.115152921378871,1.1149556810437429,1.115134175440662
2026-01-03 14:48:00,1.1151813851751935,1.115239126591151,1.1151415831626246,1.115233880852462
2026-01-03 14:49:00,1.1151644044835012,1.1152289255909325,1.115141552078691,1.1151509427268569
2026-01-03 14:50:00,1.1153033618212176,1.1153387273544035,1.1152711989499808,1.1153012164549092
2026-01-03 14:51:00,1.1152264465428583,1.1153834327276988,1.1150286478596518,1.1152265808291515
2026-01-03 14:52:00,1.115083358523681,1.1151880850675981,1.1150955591349705,1.115109280305275
2026-01-03 14:53:00,1.1149663320785796,1.115061017744287,1.1149389838425705,1.1149953248376527
2026-01-03 14:54:00,1.1146757463464998,1.1148730478385556,1.114713373335352,1.1147296645546896
2026-01-03 14:55:00,1.1148245291630543,1.1149381254606794,1.1147370170471744,1.1148003959117523
2026-01-03 14:56:00,1.1144923167204257,1.1145600576975867,1.1144845080654966,1.1145257241800015
2026-01-03 14:57:00,1.11438989483637,1.1144556783446002,1.114287381269814,1.1143414576053117
2026-01-03 14:58:00,1.1140188916518703,1.114145843858723,1.1139664463480392,1.11403011940395
2026-01-03 14:59:00,1.1139642864255603,1.11403435851007,1.1139998265975068,1.1140172089500313
2026-01-03 15:00:00,1.1139827701868832,1.1140681279903581,1.113763892058217,1.1139946608809905
2026-01-03 15:01:00,1.1139251135890555,1.1140412500312455,1.113871286457322,1.1139456564490124
2026-01-03 15:02:00,1.1138397249653984,1.11390762470507,1.113757455531546,1.113789269794812
2026-01-03 15:03:00,1.1135949847223339,1.1137299010666477,1.113608264937859,1.1136134347317965
2026-01-03 15:04:00,1.1136692796922685,1.113803481576225,1.1136143547678925,1.1136830902113284
2026-01-03 15:05:00,1.113671084756847,1.1136230330897705,1.11349068384122,1.1136005074215722
2026-01-03 15:06:00,1.1136733745358756,1.1137108972331453,1.1134108726324718,1.1136479611698025
2026-01-03 15:07:00,1.1135983091676842,1.113545080775407,1.1134620679498461,1.113515173866884
2026-01-03 15:08:00,1.1136052855285028,1.113610262660298,1.1134605019046677,1.1135423332782997
2026-01-03 15:09:00,1.113693466854479,1.1138088386445806,1.113708415553058,1.113737824983897
2026-01-03 15:10:00,1.113875247396676,1.1140372192138632,1.1137436659580708,1.1138257498539559
2026-01-03 15:11:00,1.1138401529458273,1.1138062778884568,1.1137198121057796,1.1137638877812235
2026-01-03 15:12:00,1.113879108283393,1.113808790841428,1.1137118333032372,1.1138024676267768
2026-01-03 15:13:00,1.1138157726497762,1.113793951846587,1.1137453043060759,1.1137663678505973
2026-01-03 15:14:00,1.113815926028047,1.1138834102046675,1.1136874278423203,1.1137675498783015
2026-01-03 15:15:00,1.1137035751682955,1.1139002731180672,1.1136730878885641,1.1137187082204794
2026-01-03 15:16:00,1.113652188835379,1.1137454668200333,1.113653853009569,1.1136940579395964
2026-01-03 15:17:00,1.1137082610766127,1.1138156375197226,1.1136513532543681,1.1137258719425576
2026-01-03 15:18:00,1.1134936286875488,1.1137024878815618,1.1134285422491348,1.1135768681376204
2026-01-03 15:19:00,1.1134916260793428,1.1135432576519857,1.113163928638003,1.1134244863135718
2026-01-03 15:20:00,1.113202040282526,1.1132977958840118,1.1132050981831774,1.113216204930497
2026-01-03 15:21:00,1.1130407308012746,1.1130915348971846,1.1128025908711268,1.1129761642648215
2026-01-03 15:22:00,1.1127319968821274,1.1128432353224864,1.1125493930024555,1.1127935718609885
2026-01-03 15:23:00,1.112871622483059,1.112881001238169,1.1127706787836293,1.112817491237009
2026-01-03 15:24:00,1.1126588290767765,1.1127235900702055,1.112608935785503,1.1126835731096854
2026-01-03 15:25:00,1.1126963968089045,1.1129620216067437,1.1127570835933605,1.11276061527932
2026-01-03 15:26:00,1.1128471782442408,1.112852510800121,1.112685513883561,1.1127658223416328
2026-01-03 15:27:00,1.1125259122930842,1.1124735155886458,1.1123783414048996,1.1124705467096172
2026-01-03 15:28:00,1.1125793826682595,1.1126175148667135,1.1124102251299401,1.1125687930472503
2026-01-03 15:29:00,1.1126921097383458,1.1127671435803494,1.1125948190380712,1.112690412844089
2026-01-03 15:30:00,1.112563308943805,1.1125557587950923,1.1123469750341262,1.112541333442864
2026-01-03 15:31:00,1.112614093603194,1.1126374405549522,1.1125988168407825,1.1126043621742983
2026-01-03 15:32:00,1.1124362736409783,1.112484373984523,1.1124470954765622,1.1124758874386869
2026-01-03 15:33:00,1.1124699353817098,1.112559099932621,1.1124638188386335,1.112490537995199
2026-01-03 15:34:00,1.1123988991257576,1.1123321497993048,1.1122721550138444,1.1123008632341558
2026-01-03 15:35:00,1.1121655051034072,1.1120384710322804,1.111927708573028,1.1120318972662757
2026-01-03 15:36:00,1.1120526081130953,1.1120013115677474,1.1119660736687413,1.1119744746878337
2026-01-03 15:37:00,1.1119798265429006,1.1119640444883967,1.1118769906864039,1.1119559153458924
2026-01-03 15:38:00,1.1118793759402152,1.1119447225297343,1.111852072499634,1.1118962633918503
2026-01-03 15:39:00,1.1116787495134222,1.1117454063470067,1.1117016577862189,1.111718658808117
2026-01-03 15:40:00,1.1116220598282758,1.1116967565906317,1.1116299057444297,1.1116586739487972
2026-01-03 15:41:00,1.11167140477875,1.1118333403478193,1.1115315551677152,1.1116990681616843
2026-01-03 15:42:00,1.1117998924092372,1.1117188505994404,1.1116885624121893,1.1116923342071658
2026-01-03 15:43:00,1.111810023476575,1.1117846092138033,1.1116440366614706,1.111719709361756
2026-01-03 15:44:00,1.1116565060011843,1.111707552760287,1.111414041135279,1.1116191920816876
2026-01-03 15:45:00,1.1117469191100744,1.111931569602662,1.1116642880619656,1.111794949768895
2026-01-03 15:46:00,1.1116631765647476,1.1117266651064859,1.1115032067985664,1.111618523768412
2026-01-03 15:47:00,1.1116797269615495,1.111725242539447,1.1116609889914228,1.111691657812975
2026-01-03 15:48:00,1.1117612910049868,1.1119205811436976,1.1118459771713622,1.111868941476919
2026-01-03 15:49:00,1.1119554327227013,1.1120655828131816,1.1118092500616281,1.1119410776908312
2026-01-03 15:50:00,1.1118686034047298,1.1119489808048701,1.1118608076166752,1.1119106990567715
2026-01-03 15:51:00,1.1117910518283176,1.111892062882994,1.1118040084820107,1.111831454499772
2026-01-03 15:52:00,1.1119743472477506,1.112035535279717,1.1119845291349133,1.111986867647429
2026-01-03 15:53:00,1.1117485052599925,1.111867781186267,1.1116707019298153,1.1117734214086397
2026-01-03 15:54:00,1.1116261899286275,1.1116985533159376,1.1115071252873403,1.1116279027695828
2026-01-03 15:55:00,1.1115641525772582,1.1115701813227443,1.111404782819643,1.111568269104759
2026-01-03 15:56:00,1.1116601267137436,1.1118085133610973,1.111663740699592,1.111753917168386
2026-01-03 15:57:00,1.1118868962132362,1.111945847280814,1.1118038189158268,1.111810882313792
2026-01-03 15:58:00,1.111616506613868,1.1118076939438937,1.1116508024912337,1.1116656754500154
2026-01-03 15:59:00,1.1115715093749512,1.111678340684236,1.111571068172683,1.1116191292942077
2026-01-03 16:00:00,1.1115105531600036,1.1115976477330005,1.1113748956993867,1.1115269808225932
2026-01-03 16:01:00,1.1114150957313897,1.1114924724235207,1.1114103517018892,1.1114205124737582
2026-01-03 16:02:00,1.1116402948983832,1.111574368269599,1.1115529428173438,1.1115673459075417
2026-01-03 16:03:00,1.111375055610755,1.1113902953886383,1.1113597725903896,1.1113615844381521
2026-01-03 16:04:00,1.1116312248407179,1.1116464227193412,1.1114246991552421,1.1116029015665123
2026-01-03 16:05:00,1.1117408628294192,1.1118012858450312,1.1116902477097463,1.11172713602004
2026-01-03 16:06:00,1.1119023383497557,1.1119251409225817,1.1118878145107687,1.1118907652706307
2026-01-03 16:07:00,1.1118368108189811,1.1118334704502468,1.1116749807784008,1.1118213243438269
2026-01-03 16:08:00,1.1117021965288365,1.1118487783552535,1.1117841321526036,1.111798833235965
2026-01-03 16:09:00,1.1115713645395442,1.111650768984813,1.1114701545777816,1.1115838604637862
2026-01-03 16:10:00,1.1115632741582548,1.1116920677530941,1.111414033097036,1.1115051611027262
2026-01-03 16:11:00,1.111776325880413,1.1116546391431334,1.1115586800777097,1.1115792093298726
2026-01-03 16:12:00,1.111713403342513,1.1119401313187702,1.1116251753852957,1.1117736187891398
2026-01-03 16:13:00,1.1116286992646358,1.1118077192833673,1.1115399112950433,1.1116075452666196
2026-01-03 16:14:00,1.111524167047178,1.1115677661902212,1.1115375894720947,1.1115527193760717
2026-01-03 16:15:00,1.1116324070882317,1.1115963409520495,1.1115043559699478,1.1115300244930368
2026-01-03 16:16:00,1.1112529669746685,1.1113414421628147,1.1112217406609086,1.111320656112708
2026-01-03 16:17:00,1.1114406054734876,1.1114226182661744,1.1113679774871095,1.1114093584989717
2026-01-03 16:18:00,1.1112303993942352,1.111461081633872,1.1112894962810278,1.1113007599492104
2026-01-03 16:19:00,1.1112555230631307,1.111452939779482,1.1112667832231176,1.1112714513965338
2026-01-03 16:20:00,1.1112019433242095,1.1112332523147816,1.1110756237886632,1.111203658990747
2026-01-03 16:21:00,1.111138742798976,1.1110988010983611,1.110931112495406,1.1110852582148891
2026-01-03 16:22:00,1.111030343125759,1.1111267832669036,1.110998592979867,1.111084201467067
2026-01-03 16:23:00,1.1110850291827243,1.111217574388795,1.1110407331783652,1.111051860030282
2026-01-03 16:24:00,1.1109970202341095,1.1110432204742164,1.1109286565170975,1.11099608134794
2026-01-03 16:25:00,1.1109004517740022,1.1110140020592303,1.110735177358108,1.110886812104688
2026-01-03 16:26:00,1.1109826574410397,1.1109625390493274,1.1108628917755736,1.1109347408053054
2026-01-03 16:27:00,1.111118655560929,1.1112675307846358,1.11115369205542,1.1111827833955792
2026-01-03 16:28:00,1.1112442962291624,1.111208221697062,1.1111371122273068,1.111203766480505
2026-01-03 16:29:00,1.1113247389700873,1.1114897956208352,1.1112858073293082,1.1113531842127418
2026-01-03 16:30:00,1.1111994445967177,1.1112504469953528,1.1110518794947404,1.1111446509239689
2026-01-03 16:31:00,1.1111850430215897,1.1111764995733158,1.1111490352606122,1.1111683151398628
2026-01-03 16:32:00,1.1109932334729413,1.1111805255831924,1.1108577937925983,1.1110037098920171
2026-01-03 16:33:00,1.1107526698544328,1.1108122385889316,1.110761435476018,1.1107821711528874
2026-01-03 16:34:00,1.1107124301914864,1.110717595592792,1.1106583207775138,1.1106712654417685
2026-01-03 16:35:00,1.1109130979262045,1.110883355104028,1.1108257986969778,1.1108500503419305
2026-01-03 16:36:00,1.110965910139188,1.111020142288375,1.1107611667666704,1.110992552716231
2026-01-03 16:37:00,1.11097235309625,1.1111514436452439,1.1110269444068157,1.1110290034245391
2026-01-03 16:38:00,1.1108338088927028,1.1108557524392637,1.1107689191474903,1.1107990983405556
2026-01-03 16:39:00,1.1106972296957458,1.1108345031628495,1.1107184069037594,1.1107696562428475
2026-01-03 16:40:00,1.1107496356223037,1.1110305557818831,1.1106994475492942,1.1108149112441827
2026-01-03 16:41:00,1.110788106664843,1.1108783674156866,1.1107531810326414,1.1108412416786195
2026-01-03 16:42:00,1.1105439001169455,1.1106627876126545,1.1104882538794838,1.1105646726410974
2026-01-03 16:43:00,1.1103643083694337,1.1104698179085546,1.11023387248659,1.1104311249638945
2026-01-03 16:44:00,1.110324573303803,1.1105953117977845,1.1102832699651815,1.110421513299272
2026-01-03 16:45:00,1.1104451847259829,1.1105448537305547,1.1103675223352167,1.1105019569356998
2026-01-03 16:46:00,1.1102046614848633,1.1102064135787626,1.1100870750314795,1.1101725377625347
2026-01-03 16:47:00,1.1100846419626063,1.1101610589928044,1.1100819029286317,1.1101482191662126
2026-01-03 16:48:00,1.110152662997797,1.110176505102471,1.1101114497754438,1.1101696764816946
2026-01-03 16:49:00,1.1103944532030903,1.1103234606434838,1.1102509207201747,1.110297118279972
2026-01-03 16:50:00,1.1103985882111063,1.1104312738568158,1.110330440222622,1.1104010469176075
2026-01-03 16:51:00,1.1105055591649153,1.1105415193316357,1.110392507277784,1.110488432615429
2026-01-03 16:52:00,1.110321139538511,1.1104620246624028,1.1103586384322957,1.1103684415394237
2026-01-03 16:53:00,1.11019041496154,1.1101898306017275,1.1100741341447544,1.1100822412188551
2026-01-03 16:54:00,1.109996218580839,1.1101356028103835,1.1099768569309723,1.1100232833052959
2026-01-03 16:55:00,1.1101621228448546,1.110378093533845,1.1101167286251248,1.1101735280790772
2026-01-03 16:56:00,1.1104483991921044,1.110435580548373,1.1102649236875302,1.110382546258206
2026-01-03 16:57:00,1.110480041911308,1.1105195778437185,1.1103606914259996,1.1104891286235505
2026-01-03 16:58:00,1.1105559241861047,1.1106592812140001,1.1105515270129904,1.1105535297469709
2026-01-03 16:59:00,1.1105963912781893,1.1106728099242962,1.1105036732566396,1.1106104756942288
2026-01-03 17:00:00,1.1105133162633118,1.11053871501686,1.1105219636543082,1.1105270578822146
2026-01-03 17:01:00,1.1105260739387228,1.1105289657322948,1.1104849313094134,1.1105075488381815
2026-01-03 17:02:00,1.1107855564265152,1.1108555712986419,1.110753234321665,1.1107579092670554
2026-01-03 17:03:00,1.1105843631446262,1.1106325524519285,1.1105365512773757,1.1106165255661868
2026-01-03 17:04:00,1.110820438361986,1.1109011257386139,1.1107100134054726,1.1108587423847933
2026-01-03 17:05:00,1.1107799813571766,1.1108869992773225,1.110600994408948,1.1108104381616195
2026-01-03 17:06:00,1.1109391902772736,1.1110826636115643,1.110996134962557,1.1110092529779836
2026-01-03 17:07:00,1.1107187092136332,1.1109520015074121,1.1107551306159757,1.1107982307265591
2026-01-03 17:08:00,1.110900974714095,1.1109425939831652,1.1108185225902534,1.1108861163567338
2026-01-03 17:09:00,1.1108225306265005,1.110844049449697,1.1106433459900584,1.1107756008363416
2026-01-03 17:10:00,1.1106068630222103,1.110651275125108,1.1104773669388734,1.110563310757553
2026-01-03 17:11:00,1.1104769913002577,1.1106781237100278,1.1104544074557006,1.1105960908639145
2026-01-03 17:12:00,1.110735258377852,1.1107698142003308,1.1105851272577771,1.110747511632204
2026-01-03 17:13:00,1.1105656658186354,1.1106489740374612,1.110425680369736,1.110620770416415
2026-01-03 17:14:00,1.110403104894237,1.1104112035215277,1.1103866798764463,1.1103959180223462
2026-01-03 17:15:00,1.1103612501317555,1.1104254975537151,1.1103421716586124,1.110382141307696
2026-01-03 17:16:00,1.1103986216036916,1.1105453239736331,1.1100778456139078,1.1103690260083794
2026-01-03 17:17:00,1.1104503162979924,1.1105020456294274,1.1103068098272058,1.1104512739525125
2026-01-03 17:18:00,1.1104989130434715,1.1107652311352876,1.1105162195275065,1.1105937131382173
2026-01-03 17:19:00,1.1105364465673864,1.1106673932193294,1.1103828809357552,1.1105848008610264
2026-01-03 17:20:00,1.110863415613987,1.1110314578158382,1.1107728585439756,1.1108631263582456
2026-01-03 17:21:00,1.1109012670913874,1.110936038406231,1.1108643983226747,1.110896761569926
2026-01-03 17:22:00,1.1107745137536396,1.1109535724615602,1.1108426643558618,1.1108447975940248
2026-01-03 17:23:00,1.110526239504982,1.1106154517264828,1.1104347961986945,1.1106030624901593
2026-01-03 17:24:00,1.1105664758289906,1.110675515910533,1.110348839641916,1.110563663562112
2026-01-03 17:25:00,1.1104430221549977,1.1105774910696964,1.1104545212523478,1.1105132055203002
2026-01-03 17:26:00,1.1105738197684176,1.1107923802800124,1.1104572525837115,1.1106572512397426
2026-01-03 17:27:00,1.1107043667577208,1.1107566366620352,1.1105168050370253,1.1107266237833524
2026-01-03 17:28:00,1.1105252961105407,1.110650152197737,1.1104175303158916,1.1105497184151076
2026-01-03 17:29:00,1.1105316365492024,1.1105882390415829,1.1105708507189918,1.1105755565730693
2026-01-03 17:30:00,1.1106410994009923,1.1107129204165425,1.1106579620577828,1.1106762862488286
2026-01-03 17:31:00,1.1109061827388977,1.1109231671630617,1.110726425853441,1.1109054909527367
2026-01-03 17:32:00,1.111002608402665,1.1110408516033456,1.1109632976565702,1.111038616547849
2026-01-03 17:33:00,1.1111562783970788,1.111251409448768,1.1111231954646055,1.1111527435459956
2026-01-03 17:34:00,1.111142733018382,1.1112244441515409,1.1111409726068515,1.1111617564451879
2026-01-03 17:35:00,1.1112283857537706,1.1112248798111857,1.11118014404211,1.1112200032460013
2026-01-03 17:36:00,1.1114513392593792,1.111506281881894,1.1113036963612772,1.1114074289811073
2026-01-03 17:37:00,1.111249474763755,1.1114316050271058,1.111129055672225,1.1112075123714853
2026-01-03 17:38:00,1.111219506995956,1.1112027394890747,1.111034264143808,1.1111550964724028
2026-01-03 17:39:00,1.111081118504934,1.1110545372154292,1.111014732698129,1.1110392111600893
2026-01-03 17:40:00,1.1111080120044754,1.1112376045805685,1.1110348684472027,1.1110960841278983
2026-01-03 17:41:00,1.111258945872364,1.1114647990151847,1.1111907300731583,1.111280617454246
2026-01-03 17:42:00,1.111171683265097,1.1112056062534692,1.1108956889626977,1.1111910713112378
2026-01-03 17:43:00,1.1107886367907955,1.1108672654047609,1.110780215225429,1.1108325256561173
2026-01-03 17:44:00,1.1107709190089163,1.110869492826164,1.1106840354889211,1.1107706925443637
2026-01-03 17:45:00,1.110942582978102,1.110922432879243,1.1108728123773035,1.1109077136041663
2026-01-03 17:46:00,1.1109520747094646,1.1110082643449848,1.1106597857182405,1.1109883580896087
2026-01-03 17:47:00,1.1110507251338473,1.1110710687301426,1.1109830694250185,1.1110525860267804
2026-01-03 17:48:00,1.1109767189200632,1.1110438630793629,1.110736991015561,1.1110105870314992
2026-01-03 17:49:00,1.1108292001375757,1.110874715265949,1.1107618554515324,1.1108187324210663
2026-01-03 17:50:00,1.1108685574001125,1.11091979083494,1.1108330379455527,1.11089602656931
2026-01-03 17:51:00,1.11073390876924,1.1108919585604677,1.1107360926899927,1.1107708842978048
2026-01-03 17:52:00,1.1110645004730653,1.111192345518386,1.110920434947864,1.1110984988078119
2026-01-03 17:53:00,1.1112092413277572,1.1112387156510113,1.1110011186294328,1.111184074889065
2026-01-03 17:54:00,1.1110921401734153,1.111125201702874,1.1110394439068776,1.1110969776436819
2026-01-03 17:55:00,1.1109838487700736,1.1111103472856207,1.1109799514870036,1.1110052698565736
2026-01-03 17:56:00,1.1110043984507088,1.1111076221242668,1.1108484015376143,1.1109913282255814
2026-01-03 17:57:00,1.110934677126405,1.1109911444420955,1.1108729360748093,1.1109554029372783
2026-01-03 17:58:00,1.1111792538982919,1.1112182289534291,1.1109675925337021,1.1111229280036077
2026-01-03 17:59:00,1.1111021971213848,1.1111808781765191,1.1111469104836578,1.1111508904290694
2026-01-03 18:00:00,1.1110317970925923,1.1110871872332175,1.1109744072627972,1.1110411456682332
2026-01-03 18:01:00,1.1112544735099232,1.1113386659752993,1.1112886986758788,1.1113247117710066
2026-01-03 18:02:00,1.11131476430114,1.111357786346467,1.1112903621175982,1.1113321080207346
2026-01-03 18:03:00,1.1113634521972446,1.111470281226511,1.111439319588945,1.1114474339721299
2026-01-03 18:04:00,1.111393515822141,1.111422906543286,1.1113383284835796,1.111356199996013
2026-01-03 18:05:00,1.1114489925285251,1.1115651729809155,1.1113932858551279,1.111410667340175
2026-01-03 18:06:00,1.1114965423475325,1.1114936650396852,1.1113577383460236,1.1114573338388463
2026-01-03 18:07:00,1.1111753300690406,1.1112035437127012,1.1111002637005152,1.1111738864450318
2026-01-03 18:08:00,1.1114321841913655,1.1115295472364015,1.1113778673968864,1.111476177711601
2026-01-03 18:09:00,1.1116297573491376,1.1118190696430148,1.1115687153204235,1.1116697743807393
2026-01-03 18:10:00,1.1116867036860785,1.111649297550004,1.111584757641615,1.1116101950833175
2026-01-03 18:11:00,1.111516638477439,1.1115928027984352,1.1113711709098386,1.111444854622249
2026-01-03 18:12:00,1.1115031166221672,1.1115628912469855,1.1114821831229305,1.1114969888643196
2026-01-03 18:13:00,1.1114842118175279,1.1116428581603863,1.1114456784782196,1.1115099935192319
2026-01-03 18:14:00,1.1116317750326512,1.1116450905741861,1.1115371920018438,1.1115633438615162
2026-01-03 18:15:00,1.1115573553128761,1.1116834263289086,1.1115589994189932,1.1115920804709454
2026-01-03 18:16:00,1.111679459079746,1.1116987205430666,1.111579967973319,1.1116680166193413
2026-01-03 18:17:00,1.11195271033952,1.1118902360578031,1.1118518066307432,1.11188511247425
2026-01-03 18:18:00,1.111928511030036,1.1120328864143867,1.111938800136274,1.1119703279550193
2026-01-03 18:19:00,1.1118543408094645,1.111835206789026,1.111789727752978,1.1118128796301827
2026-01-03 18:20:00,1.1120432920978818,1.1120479886806558,1.1118857592521372,1.1120172640580896
2026-01-03 18:21:00,1.1122613804155015,1.1124002657008893,1.1122063932349584,1.112263356242613
2026-01-03 18:22:00,1.112686493072833,1.1127460368422353,1.1126958990546252,1.1127361647527898
2026-01-03 18:23:00,1.1125314186597985,1.112650282880223,1.1125605946137571,1.1125676406478038
2026-01-03 18:24:00,1.112618545503419,1.1126266080982807,1.1125613745813903,1.1126040729497764
2026-01-03 18:25:00,1.1122205913045538,1.1124584244702207,1.1122263016501384,1.112291758144298
2026-01-03 18:26:00,1.112381267710706,1.1124425639806885,1.112363696974439,1.112374730517755
2026-01-03 18:27:00,1.112319553022233,1.1123539148261548,1.1121817181447884,1.11229250047303
2026-01-03 18:28:00,1.1126302783508941,1.1127334690603652,1.1124873166441291,1.1125810173422537
2026-01-03 18:29:00,1.112394907243028,1.1125093197358404,1.1123318845864183,1.1124648250967508
2026-01-03 18:30:00,1.1122772600059136,1.112371555071672,1.112082302084607,1.1122114476410556
2026-01-03 18:31:00,1.1122255262546592,1.1122299421379098,1.1120236918269302,1.1121407580799503
2026-01-03 18:32:00,1.1118649424926534,1.1118598998849238,1.1117849025854785,1.1118444349142678
2026-01-03 18:33:00,1.1119051974033727,1.1121384291796457,1.1118165138638574,1.111957099832444
2026-01-03 18:34:00,1.1116309319110873,1.1116492692059325,1.111617547841031,1.1116473373755054
2026-01-03 18:35:00,1.111649226150427,1.1116617690180361,1.1115897770823517,1.1116516060126829
2026-01-03 18:36:00,1.1113534574151411,1.111456656013035,1.1112982683336496,1.1113399342397046
2026-01-03 18:37:00,1.1112929886466563,1.111450734286648,1.1112533336710277,1.111291889569024
2026-01-03 18:38:00,1.1115524545495392,1.111606895010309,1.111519303919219,1.1115383962923946
2026-01-03 18:39:00,1.1115879561382431,1.1116726116525089,1.1115817789431364,1.11159249347611
2026-01-03 18:40:00,1.111476224790091,1.1115395096509666,1.1114405453398104,1.1114629694353653
2026-01-03 18:41:00,1.1114352627409663,1.1115656301822654,1.111437205440159,1.1114582889120244
2026-01-03 18:42:00,1.111444082106982,1.1115108604340447,1.1112374486993553,1.111460991442831
2026-01-03 18:43:00,1.1115030847361838,1.1117261357638037,1.1114509549043146,1.1115318859947076
2026-01-03 18:44:00,1.1114227202169407,1.1113423994834684,1.1110787921484644,1.1113268572402155
2026-01-03 18:45:00,1.1114889373706012,1.1115313130887843,1.1113660460180004,1.1114157423312925
2026-01-03 18:46:00,1.1110378482960528,1.111030344163844,1.1110015869268635,1.1110100835865522
2026-01-03 18:47:00,1.1109818663535609,1.1110136013273109,1.11078238832717,1.1109156009036976
2026-01-03 18:48:00,1.1108822828942788,1.1108728749109174,1.110761403147121,1.1108423598273298
2026-01-03 18:49:00,1.1109464224092163,1.1110521679378802,1.1107471675363743,1.1109373588512406
2026-01-03 18:50:00,1.110865474912091,1.1109749288712134,1.1108885500501577,1.110940753479142
2026-01-03 18:51:00,1.1107168108250574,1.1108597516150305,1.110537990891049,1.1107299190210635
2026-01-03 18:52:00,1.1105654181575904,1.1108342547528485,1.1104578338261233,1.1105821700521912
2026-01-03 18:53:00,1.1105553182949686,1.1106268529297911,1.1105066251502158,1.1106119720536232
2026-01-03 18:54:00,1.110525803838613,1.1106215045989785,1.110565988830241,1.1106001119523434
2026-01-03 18:55:00,1.1105378793032266,1.1106109379098363,1.1105068683437302,1.1105132433358982
2026-01-03 18:56:00,1.1104573434835898,1.1106111809924366,1.1103488095382263,1.1104411182674714
2026-01-03 18:57:00,1.110487173618042,1.1106190177883926,1.1105004664253266,1.1105455434670453
2026-01-03 18:58:00,1.1104305956557932,1.1104873387296013,1.1104262580553805,1.1104678895811149
2026-01-03 18:59:00,1.1105127370081682,1.110521263676881,1.1104413443138585,1.1104546758945104
2026-01-03 19:00:00,1.1107362815570467,1.1107990294908794,1.1107482600907441,1.1107801663827226
2026-01-03 19:01:00,1.1105751539323867,1.110727420711907,1.1104751486136573,1.11056661398719
2026-01-03 19:02:00,1.1102793486624754,1.1103923979830583,1.1102000412837936,1.1102888375774538
2026-01-03 19:03:00,1.1104316942007266,1.1104944819163793,1.1103035876380303,1.1104063760271736
2026-01-03 19:04:00,1.1102617741853467,1.1103093094422924,1.110121763075187,1.1103045795679796
2026-01-03 19:05:00,1.110261348112695,1.11032631085123,1.1100951080690735,1.110256843938818
2026-01-03 19:06:00,1.1101481066109657,1.110183321968425,1.1101053710595383,1.1101396704820985
2026-01-03 19:07:00,1.1101122095012947,1.1102078684983723,1.110023449600344,1.1101007004609833
2026-01-03 19:08:00,1.110344434870696,1.1103700036536321,1.110266505248728,1.1103404811777977
2026-01-03 19:09:00,1.11047803091262,1.110528744945082,1.1103122787881756,1.1104608004465903
2026-01-03 19:10:00,1.110699722489976,1.1105913363762647,1.1104783707292132,1.1105901339733735
2026-01-03 19:11:00,1.1105057648038432,1.1104016555008982,1.1103275147100686,1.1103776999150046
2026-01-03 19:12:00,1.1101730660474822,1.1102539446895854,1.1100963405055495,1.1102050268545216
2026-01-03 19:13:00,1.1096632529065813,1.1098971427305362,1.1096075152978844,1.1097791650555988
2026-01-03 19:14:00,1.1096875326974727,1.109660693102648,1.1096055748782876,1.1096577579324365
2026-01-03 19:15:00,1.1098105760333892,1.1098407941356592,1.1097101464043917,1.1098012634103942
2026-01-03 19:16:00,1.1099318574807158,1.109882107718476,1.1097563415146352,1.1098788053877566
2026-01-03 19:17:00,1.1098598226932994,1.1099802725227526,1.1098072305964213,1.1098455783983137
2026-01-03 19:18:00,1.1098451635527324,1.109919635633163,1.1097576927000778,1.109842233355756
2026-01-03 19:19:00,1.1097953458541634,1.1097396486040436,1.1096853148301207,1.1097389005243696
2026-01-03 19:20:00,1.1098330533861507,1.1097912832664798,1.1096833836631135,1.10976961435673
2026-01-03 19:21:00,1.109815168095713,1.1099140626538002,1.1098258002776544,1.109884496098652
2026-01-03 19:22:00,1.1096012827711834,1.109682443040957,1.109512731311459,1.1096421130805405
2026-01-03 19:23:00,1.1096817805857517,1.1098696260332825,1.1096095119688476,1.109687060233716
2026-01-03 19:24:00,1.1098318473455555,1.1098570780939363,1.1098144387033397,1.1098269254643593
2026-01-03 19:25:00,1.1097533612608472,1.109913104327834,1.1096864062923821,1.1097646604210147
2026-01-03 19:26:00,1.109891475871726,1.1099975936075788,1.1098383702941412,1.109869765512833
2026-01-03 19:27:00,1.1103417689189696,1.110298048631504,1.1102873474851067,1.1102919636795037
2026-01-03 19:28:00,1.1103624477460916,1.1102956463555236,1.1101980256095259,1.1102763122605557
2026-01-03 19:29:00,1.110364253969245,1.1104249880512598,1.1102392636226581,1.1103353083180565
2026-01-03 19:30:00,1.1101819830715847,1.1102668322352522,1.1101959724218295,1.1102245997555074
2026-01-03 19:31:00,1.1102444186186378,1.1103646508813356,1.1101673136890184,1.1102517874298976
2026-01-03 19:32:00,1.110317060561582,1.1103279187098978,1.110239762418075,1.110320828173645
2026-01-03 19:33:00,1.1103757865366843,1.110383571222008,1.1102561492103151,1.1103500545246854
2026-01-03 19:34:00,1.110216508628401,1.1103715535155898,1.110189309422096,1.1101971002267292
2026-01-03 19:35:00,1.1103305743249834,1.1102970821157516,1.110133684328988,1.110228054492428
2026-01-03 19:36:00,1.1104243082264729,1.1104657379154372,1.1102967310196044,1.1104473838832356
2026-01-03 19:37:00,1.1105339167746011,1.110526174341062,1.1104420874393135,1.1105146792479128
2026-01-03 19:38:00,1.1107767128961608,1.1108072004686413,1.1104439462469404,1.1106589773262736
2026-01-03 19:39:00,1.1105941651859266,1.1107385920890764,1.1105229550447009,1.1106234255307716
2026-01-03 19:40:00,1.1107431680014936,1.1107461208725744,1.1106275557143523,1.1107359105666852
2026-01-03 19:41:00,1.1107305567173613,1.1107815560500838,1.110705631097016,1.1107778007424176
2026-01-03 19:42:00,1.110639268477946,1.1106752282967987,1.1105480718059777,1.1106351641329646
2026-01-03 19:43:00,1.1106439314262775,1.1107617499090747,1.1106084666680058,1.1106829422836844
2026-01-03 19:44:00,1.110586527829343,1.1105798233814816,1.1105289430142034,1.1105341877841683
2026-01-03 19:45:00,1.1104466216858873,1.1104759632075374,1.1103812585258324,1.1104392557429357
2026-01-03 19:46:00,1.1104208851260304,1.1105573135430942,1.110400668185239,1.1104676549890296
2026-01-03 19:47:00,1.1105542700149262,1.110569586379372,1.110417843128502,1.1105122416300366
2026-01-03 19:48:00,1.1103428400622186,1.1104830241461552,1.1102348908315238,1.110333856760275
2026-01-03 19:49:00,1.1105395955648136,1.110564437563301,1.110400290756616,1.1104919546259524
2026-01-03 19:50:00,1.1105203724363,1.1106700533242115,1.1105666201274589,1.1105777555676974
2026-01-03 19:51:00,1.1104904875229682,1.110524109363012,1.1104510307419369,1.1104720463023559
2026-01-03 19:52:00,1.1102800756676208,1.1104011705558052,1.1101463910366816,1.1102414085828884
2026-01-03 19:53:00,1.1101985040215145,1.1103686866482363,1.11019271252662,1.1102196728960263
2026-01-03 19:54:00,1.1100898312025986,1.1103582328278876,1.1099265244581136,1.1101527813389471
2026-01-03 19:55:00,1.1101676720327367,1.110324033084882,1.1101192808613216,1.1101697524075052
2026-01-03 19:56:00,1.1101766906730208,1.1101488635022299,1.1100719337262115,1.1101152849083318
2026-01-03 19:57:00,1.1098704628957516,1.109929629813093,1.1097582002221875,1.10981416637922
2026-01-03 19:58:00,1.109734492916737,1.1098624826082568,1.1097000327093012,1.1097559143384748
2026-01-03 19:59:00,1.109645917199996,1.109878444728576,1.1096431750236428,1.1097100714718147
2026-01-03 20:00:00,1.109783561639513,1.1098158584873716,1.1097332663548527,1.1098051206255306
2026-01-03 20:01:00,1.1096769667918025,1.1098609584701473,1.1095171787135814,1.109700390674339
2026-01-03 20:02:00,1.1099745142145103,1.1099663581385322,1.1099177143780858,1.109952191875345
2026-01-03 20:03:00,1.1096601957176018,1.1096956780827818,1.1096034434978395,1.109665445792747
2026-01-03 20:04:00,1.1098244577068306,1.109999680613848,1.1098032517474705,1.1098621209174175
2026-01-03 20:05:00,1.1098836862251489,1.109868882602969,1.109777093096515,1.1098284730717858
2026-01-03 20:06:00,1.1099644320960096,1.1101609639483092,1.1098201358360125,1.1099574108026373
2026-01-03 20:07:00,1.1099911518078829,1.110168590465996,1.109842505924486,1.1099693810252462
2026-01-03 20:08:00,1.1100540650839432,1.110153425489518,1.1100735201886038,1.1101403143556499
2026-01-03 20:09:00,1.1099609968174322,1.110139963487369,1.1100260440052745,1.110082210060967
2026-01-03 20:10:00,1.1098455397081182,1.1099871408018294,1.1099158482005147,1.1099174169971904
2026-01-03 20:11:00,1.1101064654690007,1.110165245134533,1.1101033816710164,1.110130492640281
2026-01-03 20:12:00,1.1101422883442795,1.1102291260651056,1.1099643477602599,1.1101134705433988
2026-01-03 20:13:00,1.110029591970922,1.1102748281797947,1.110106722046083,1.1101467043144424
2026-01-03 20:14:00,1.1104115597047677,1.1104535618402769,1.1103219620332305,1.110331917101549
2026-01-03 20:15:00,1.1101856521165734,1.1101926749756112,1.110114314031727,1.110177123815235
2026-01-03 20:16:00,1.1103344621995281,1.1103927339252535,1.110197769900976,1.1102664474498807
2026-01-03 20:17:00,1.1101336647322875,1.110300915861533,1.1100860223935358,1.1101779632364113
2026-01-03 20:18:00,1.1101833308297733,1.1101688607619067,1.1101502991630918,1.1101581378330647
2026-01-03 20:19:00,1.1101732394743709,1.110218966781323,1.1101459255191874,1.1101689796778724
2026-01-03 20:20:00,1.109984830714308,1.1099780556918695,1.1097278407989204,1.1099439463986553
2026-01-03 20:21:00,1.1098154312738524,1.1099293171577382,1.1097850105650162,1.1098271208422323
2026-01-03 20:22:00,1.1100534425365447,1.1101030997078365,1.1099292996069186,1.1100297817760942
2026-01-03 20:23:00,1.1102178202203203,1.1103005247224316,1.110120366796064,1.1101627104543819
2026-01-03 20:24:00,1.1101207557030883,1.1102523768401207,1.1100795883501438,1.1101533145177829
2026-01-03 20:25:00,1.1102018952481842,1.1102241021934283,1.1099620141439566,1.1101897830365597
2026-01-03 20:26:00,1.1100512535488531,1.1102215448302604,1.1099637389416948,1.1101456466607142
2026-01-03 20:27:00,1.1103842593195417,1.1103939420026898,1.1103023766773403,1.1103491341685885
2026-01-03 20:28:00,1.1104168144090927,1.1104723193201782,1.1102051902207715,1.1103190812819195
2026-01-03 20:29:00,1.1102916357933523,1.1103959112663302,1.1101312640539438,1.1103538575957397
2026-01-03 20:30:00,1.1105211930543395,1.1107105730277715,1.1104470069732981,1.110525762117361
2026-01-03 20:31:00,1.1104531804596798,1.1104631581748063,1.1103621606073169,1.1104091563946341
2026-01-03 20:32:00,1.110644545645982,1.1107491915170675,1.110619376762422,1.1106429747723086
2026-01-03 20:33:00,1.1104216605384216,1.1104457570555255,1.1103644111587496,1.110413405560847
2026-01-03 20:34:00,1.1106383019084378,1.1106592806017024,1.1104028492513622,1.110657851880514
2026-01-03 20:35:00,1.1105805429302669,1.1106930449833052,1.1105633480810504,1.1106019505429212
2026-01-03 20:36:00,1.110561211023068,1.1107268435478066,1.1105111803179193,1.1105655457307473
2026-01-03 20:37:00,1.110284127776177,1.110354967900001,1.110121854325911,1.11028204420507
2026-01-03 20:38:00,1.1101547529343845,1.1102221421746568,1.110134994070986,1.1102138249974633
2026-01-03 20:39:00,1.110054552918512,1.110195587520762,1.1099708377020312,1.1100578540178092
2026-01-03 20:40:00,1.1100451337629387,1.1101859049316314,1.1096987086174068,1.1099667070660033
2026-01-03 20:41:00,1.1099251537314556,1.1100883338712857,1.109916753737476,1.109946110421135
2026-01-03 20:42:00,1.110027916414162,1.1101579425856727,1.1099996679851996,1.1100897791633058
2026-01-03 20:43:00,1.1101133488626167,1.1101223305016412,1.1100597428797967,1.110120919666016
2026-01-03 20:44:00,1.1101313405234199,1.1102276225291385,1.1099527266821718,1.1101670711640261
2026-01-03 20:45:00,1.1099358261644332,1.1100091840079425,1.1099770837721203,1.1100027432556994
2026-01-03 20:46:00,1.1098775885653456,1.1099277247117194,1.10985593091383,1.109870630142259
2026-01-03 20:47:00,1.110104924793154,1.1102218791771108,1.1100041285869535,1.1101404388950116
2026-01-03 20:48:00,1.1099989230314544,1.1100872073484052,1.1100014367052797,1.1100301587397972
2026-01-03 20:49:00,1.1102862613466251,1.1103780314304266,1.1100806579981204,1.1102785899776058
2026-01-03 20:50:00,1.1101654720680054,1.1103641858581665,1.1101727610022722,1.1102421307977735
2026-01-03 20:51:00,1.1101553955056824,1.11044382941766,1.1101700311705716,1.110242473988195
2026-01-03 20:52:00,1.1104365723719547,1.1104274386065798,1.1102670996197959,1.1104030287622295
2026-01-03 20:53:00,1.1104972709454841,1.1106212037342051,1.1104918157536436,1.1105938126255204
2026-01-03 20:54:00,1.1105283568567133,1.1107295079878958,1.1105611345296489,1.1105771907414785
2026-01-03 20:55:00,1.1104289623066808,1.110572095423564,1.1104625726275115,1.1105189542834502
2026-01-03 20:56:00,1.1104862593928293,1.1105298744235725,1.1104663380523387,1.1105105662161718
2026-01-03 20:57:00,1.1105826627827893,1.1106662918006343,1.1104747299178932,1.1105612598454067
2026-01-03 20:58:00,1.1107005722958738,1.110756055510846,1.1104557572094815,1.110694955398437
2026-01-03 20:59:00,1.1108151835467592,1.1107752238792612,1.110660893847598,1.1106955898772863
2026-01-03 21:00:00,1.1108427686028792,1.110788584993686,1.1107731728541588,1.1107884228219898
2026-01-03 21:01:00,1.1109876188893226,1.1110518935933418,1.1109775097225343,1.1110341767818304
2026-01-03 21:02:00,1.111031520473429,1.1111162626205835,1.1110149786872987,1.1110913732236702
2026-01-03 21:03:00,1.1112734555491195,1.111177236789296,1.1111336291982554,1.1111381211520708
2026-01-03 21:04:00,1.1109634131285941,1.1109531882531167,1.1107783650230307,1.1109102845283074
2026-01-03 21:05:00,1.1105451434881464,1.1106861535983619,1.1103225297788732,1.110515675007783
2026-01-03 21:06:00,1.1105776739577782,1.1105987267879003,1.110461035040654,1.1105739313671674
2026-01-03 21:07:00,1.1105733838108491,1.1106077045470903,1.1103204065029988,1.1105597077324754
2026-01-03 21:08:00,1.110408386667464,1.110534088430173,1.1104102126538449,1.1104824903312382
2026-01-03 21:09:00,1.110526871820376,1.1105607071681252,1.1105001586276686,1.1105190198618662
2026-01-03 21:10:00,1.1105135208723595,1.1105758224977655,1.110491793209768,1.1105099593024865
2026-01-03 21:11:00,1.1106339193979267,1.1107023457905458,1.110654387046087,1.1106791263400817
2026-01-03 21:12:00,1.1106651166476422,1.1107915844893657,1.1105753233719848,1.1106920429703206
2026-01-03 21:13:00,1.1106557632972323,1.110637560670143,1.1105309449033696,1.11058000447756
2026-01-03 21:14:00,1.1107222706673892,1.1107580350323845,1.1106708373723355,1.110728529413404
2026-01-03 21:15:00,1.1107995183172885,1.1107422453807334,1.1106611169571328,1.110695959752162
2026-01-03 21:16:00,1.1106879062828885,1.1108062224783897,1.1105809245915295,1.110774940254713
2026-01-03 21:17:00,1.1106772221394727,1.1107607053597741,1.1106290997980262,1.110703328648784
2026-01-03 21:18:00,1.1105284906883968,1.1107456390466623,1.1104812989344908,1.1106058546159592
2026-01-03 21:19:00,1.1105580087277926,1.1107375971549813,1.1105600388730184,1.1106184798504872
2026-01-03 21:20:00,1.1105789938617356,1.1106745514476695,1.1105145905357618,1.1106204041470187
2026-01-03 21:21:00,1.1107081436836623,1.1107025788303364,1.1106611204597843,1.1106923782023237
2026-01-03 21:22:00,1.1106654226478814,1.110719183119819,1.110641077856934,1.1106520813393272
2026-01-03 21:23:00,1.1103426628557802,1.1104834271495676,1.1102131226046998,1.1103766273717617
2026-01-03 21:24:00,1.1102003213113565,1.1104056082360938,1.1102074337835477,1.1103117112892233
2026-01-03 21:25:00,1.1105046687029467,1.1104371718425783,1.1104104592861646,1.110430784059295
2026-01-03 21:26:00,1.1103718894116066,1.1105115799126513,1.1103423771215566,1.1103861776474084
2026-01-03 21:27:00,1.1102934056285163,1.110449113774656,1.1102972196989511,1.1103492201370313
2026-01-03 21:28:00,1.1105109231519708,1.1105244399643492,1.110452098163608,1.1104971766129172
2026-01-03 21:29:00,1.1104006028873545,1.1104246031867708,1.1101817542187475,1.1103903806288284
2026-01-03 21:30:00,1.110142826322842,1.1102688280834354,1.1100294669575579,1.110158960146092
2026-01-03 21:31:00,1.1101422920289452,1.110139322439252,1.1099889769392999,1.110134865478163
2026-01-03 21:32:00,1.1100044878934554,1.110125361821173,1.1099407328249167,1.1100622393854758
2026-01-03 21:33:00,1.1099552980796716,1.1100324251032636,1.1097272135585525,1.1099173024375129
2026-01-03 21:34:00,1.1098411523143903,1.1100014953893085,1.1097321729592573,1.109890995669128
2026-01-03 21:35:00,1.10993444303345,1.110002474631071,1.1098778383674262,1.1099647215162152
2026-01-03 21:36:00,1.1099957683227875,1.1100890895432376,1.1098141339260637,1.1099633282319799
2026-01-03 21:37:00,1.1100695733411332,1.1100627206374605,1.1098216714774198,1.1100093753928828
2026-01-03 21:38:00,1.1103606752760624,1.1103840490959487,1.1101207406575562,1.1102813865476602
2026-01-03 21:39:00,1.1102827446303498,1.1102757684174107,1.1101811239397552,1.1102299547184264
2026-01-03 21:40:00,1.110255503404433,1.110281221825931,1.110252507634761,1.1102717070136232
2026-01-03 21:41:00,1.1101182733557784,1.1102341729999106,1.1100361025018686,1.1101953250092333
2026-01-03 21:42:00,1.1101386238305304,1.1100899711934076,1.1100498444597573,1.1100683710512502
2026-01-03 21:43:00,1.110049169702683,1.1100140314182054,1.1099198109884312,1.1099806349032377
2026-01-03 21:44:00,1.1098752223098418,1.109925939054489,1.1098776821237397,1.1099088211175094
2026-01-03 21:45:00,1.1100088019390326,1.1099693537265367,1.109915782838812,1.1099627424871414
2026-01-03 21:46:00,1.1102984949654502,1.110486026495067,1.1102709798729296,1.1103151038551466
2026-01-03 21:47:00,1.1102827611838808,1.1102468671413064,1.11018989871891,1.1102076973397053
2026-01-03 21:48:00,1.1101194603107427,1.1101541238736319,1.109949694932471,1.1101452035438628
2026-01-03 21:49:00,1.1102346676562735,1.1102967643899444,1.1100439734929854,1.1101357350918961
2026-01-03 21:50:00,1.1102344109465827,1.1102890614359282,1.1100530778106759,1.1101951049192027
2026-01-03 21:51:00,1.1103245147832301,1.110415467073846,1.1102159306471984,1.110234637540996
2026-01-03 21:52:00,1.1104040620466056,1.1104890587594811,1.1103949996981775,1.1104272519100882
2026-01-03 21:53:00,1.11008354457973,1.1100979458013391,1.1099514762446705,1.1100632930995078
2026-01-03 21:54:00,1.1096567896590612,1.1098060969210315,1.1095922419557416,1.1097052536189784
2026-01-03 21:55:00,1.1096730713557827,1.1097838467886774,1.1096083370798056,1.1096308718931769
2026-01-03 21:56:00,1.1098404189979503,1.1099492065943768,1.109781691080791,1.1097954669213084
2026-01-03 21:57:00,1.1096804709124777,1.1097020307556285,1.1095164819662382,1.1095606197165677
2026-01-03 21:58:00,1.1091335768554746,1.1093582205414843,1.1090993985833235,1.1091094748656136
2026-01-03 21:59:00,1.1092313564866716,1.109240974079472,1.1091763823834042,1.1091951517765464
2026-01-03 22:00:00,1.1092081588412765,1.1093981195655802,1.1090917660553232,1.1092317003601018
2026-01-03 22:01:00,1.1090952380677137,1.1091157753548597,1.109050021310894,1.109068169099082
2026-01-03 22:02:00,1.1089013435985395,1.1089693993823766,1.1087875029798226,1.1089203381589738
2026-01-03 22:03:00,1.1087806696389706,1.1088031525337916,1.108758315088519,1.1087748766010286
2026-01-03 22:04:00,1.1088001826817269,1.1089035465960264,1.1086540433162346,1.1087914568986497
2026-01-03 22:05:00,1.1086798943635547,1.1088679871816451,1.1086694072874947,1.1086975096072222
2026-01-03 22:06:00,1.1087747664498957,1.1088768739261419,1.1086544708820714,1.1087716191950685
2026-01-03 22:07:00,1.1083246604371473,1.1085277188862577,1.1083307264143125,1.108343425195633
2026-01-03 22:08:00,1.108195910859612,1.1082396245610746,1.1081317003050557,1.1082148974158637
2026-01-03 22:09:00,1.1080998225543022,1.108134647271003,1.107986538421464,1.1080459893217272
2026-01-03 22:10:00,1.1080163089020625,1.1081526608498613,1.107992739345219,1.1080075382199712
2026-01-03 22:11:00,1.1079441843698077,1.1080192578964572,1.107755854731031,1.1079268310561976
2026-01-03 22:12:00,1.1079736423847328,1.108167825542021,1.1079302086636142,1.108046507623182
2026-01-03 22:13:00,1.1077887800240247,1.1078208962794558,1.107752299056985,1.1077676071074332
2026-01-03 22:14:00,1.1078009520020813,1.1078361593995705,1.1077028699220852,1.1077744308288826
2026-01-03 22:15:00,1.1078382643612301,1.1079784061927005,1.1078188576514483,1.1078581812923645
2026-01-03 22:16:00,1.1082409298916618,1.1082573319801943,1.1081332827193322,1.1081366784078488
2026-01-03 22:17:00,1.1079499521489755,1.1080913187814863,1.1080282700925497,1.1080644135121847
2026-01-03 22:18:00,1.108152300659626,1.108203098325625,1.1080364367068525,1.1081130823028376
2026-01-03 22:19:00,1.1078781431242009,1.1078838477543003,1.107699204056282,1.1078425028839531
2026-01-03 22:20:00,1.1075107885999063,1.1075123481277018,1.1074038446325871,1.1074837094533063
2026-01-03 22:21:00,1.1076192362449555,1.1076292850925882,1.107518231949545,1.1076104256096735
2026-01-03 22:22:00,1.1076371255317576,1.10770348728345,1.1075172882219027,1.1076095915656263
2026-01-03 22:23:00,1.1078297772430739,1.107939345877107,1.1077312428768626,1.107786368469096
2026-01-03 22:24:00,1.107544063656559,1.1077297843886573,1.1074664294198295,1.1075803580357506
2026-01-03 22:25:00,1.107673303137789,1.1076764304678282,1.1074882462047384,1.10765834335668
2026-01-03 22:26:00,1.1079295001906604,1.1079878204741422,1.1077582249500917,1.1079386660327615
2026-01-03 22:27:00,1.107946933454004,1.108064326735485,1.1079782339136839,1.1080016218740152
2026-01-03 22:28:00,1.1080789675985843,1.108219914771771,1.1080060393083322,1.1080431090998537
2026-01-03 22:29:00,1.1080161744907433,1.1080463470964572,1.1079831513466858,1.1080443925119774
2026-01-03 22:30:00,1.1077338673596695,1.1078140358042086,1.1077536790098903,1.1078087602934086
2026-01-03 22:31:00,1.10798514070073,1.10807744413196,1.1079919016268895,1.108012096233765
2026-01-03 22:32:00,1.1078805226428896,1.1079273582011064,1.1077954650222355,1.1079204675877943
2026-01-03 22:33:00,1.1080475640267111,1.1080094004840757,1.1079655699571767,1.1079961400762517
2026-01-03 22:34:00,1.107769344587294,1.107879384993945,1.1077065412764484,1.107761684930266
2026-01-03 22:35:00,1.1076538851178745,1.107716012710935,1.107512183865786,1.10758476598059
2026-01-03 22:36:00,1.1077667012789116,1.107853668012358,1.1077650998132378,1.1078000290904733
2026-01-03 22:37:00,1.1077916422407246,1.107915048463609,1.1077208222322934,1.1077479337471297
2026-01-03 22:38:00,1.1081079062142762,1.1080497612565359,1.1078665248645851,1.1079659250685359
2026-01-03 22:39:00,1.1079719920930335,1.1080754561829396,1.1079476056199207,1.1079541904696772
2026-01-03 22:40:00,1.1077209882468497,1.1077561000572789,1.107631413502297,1.1076779058037336
2026-01-03 22:41:00,1.1078463918269046,1.107818256967053,1.1077936506054888,1.1078117159436933
2026-01-03 22:42:00,1.1076521283296588,1.1077245824204893,1.1075486351927826,1.10772323209603
2026-01-03 22:43:00,1.1078573262829308,1.1079387087168304,1.1078098112356396,1.1078280354180574
2026-01-03 22:44:00,1.107847139864221,1.1078617863977818,1.107762973396201,1.1078318170481884
2026-01-03 22:45:00,1.107587361944827,1.1076766958443278,1.1075663710117831,1.107600349313997
2026-01-03 22:46:00,1.1075807917100924,1.1076633390302881,1.1074729271115047,1.1076249935288027
2026-01-03 22:47:00,1.107989126162142,1.1080535361136588,1.107928129508724,1.1079544270001256
2026-01-03 22:48:00,1.1079797547819221,1.1081613544054232,1.1079796436525973,1.1080283749689026
2026-01-03 22:49:00,1.108126429586186,1.1081873053509144,1.1079404732883213,1.1080197473059519
2026-01-03 22:50:00,1.1081867572704198,1.108261700799491,1.1079467631154165,1.1081810488162454
2026-01-03 22:51:00,1.1081514837336364,1.1083803691370224,1.108198172536914,1.1082126490860258
2026-01-03 22:52:00,1.108218379406649,1.1082875930953615,1.1081396605026788,1.1082440792205652
2026-01-03 22:53:00,1.108066428727827,1.108211823311182,1.107995542569406,1.1080803354447415
2026-01-03 22:54:00,1.108236031481306,1.1081373198048636,1.1079288399130132,1.10811541264861
2026-01-03 22:55:00,1.108226499713732,1.108318268385294,1.1082384742900497,1.1082707291610725
2026-01-03 22:56:00,1.1081395089750947,1.1082289068638191,1.1080612116843966,1.1081453198382574
2026-01-03 22:57:00,1.1083321027929511,1.1084685812925243,1.1082361214059215,1.1083589942114445
2026-01-03 22:58:00,1.1083702012321017,1.1086220756683853,1.1082435317534256,1.1083452383078227
2026-01-03 22:59:00,1.1081859787104067,1.1082372280711104,1.1081995170288446,1.108212072881092
2026-01-03 23:00:00,1.108304764859323,1.1085542744286632,1.1082918703168085,1.10836171769263
2026-01-03 23:01:00,1.1083089338282794,1.10846806953317,1.1083105706024678,1.1083186985572693
2026-01-03 23:02:00,1.1084176560982255,1.108493732880903,1.1083867657450042,1.108432625790392
2026-01-03 23:03:00,1.108359249776672,1.1084655086386552,1.1082980397431441,1.1083888619955533
2026-01-03 23:04:00,1.108352947556079,1.1084731999828925,1.108346493569224,1.1083798880740239
2026-01-03 23:05:00,1.108513156894568,1.1085212693842899,1.10841593130802,1.108453922104674
2026-01-03 23:06:00,1.1084815696525991,1.1085222484960615,1.1084420186976975,1.1084975566633126
2026-01-03 23:07:00,1.1081415205131209,1.1083908246780891,1.1081122183894705,1.1081982268962447
2026-01-03 23:08:00,1.1080069345370405,1.1082087643316911,1.1079920793295892,1.1080300403352306
2026-01-03 23:09:00,1.1081721686159225,1.1082128508791709,1.1080858331214953,1.1081694518329492
2026-01-03 23:10:00,1.1080828178627864,1.1082991885182623,1.1081314907411421,1.108149631344614
2026-01-03 23:11:00,1.1081523705471987,1.108198915144995,1.107976289571557,1.1080710716491984
2026-01-03 23:12:00,1.107910664520785,1.107967386501358,1.1077289837660351,1.1078672855469096
2026-01-03 23:13:00,1.1077768337358993,1.1078086440851547,1.1074960072964792,1.1077053250987183
2026-01-03 23:14:00,1.1074216617089983,1.1074671995577103,1.1072512470177096,1.107402055302724
2026-01-03 23:15:00,1.1072821783224123,1.1075735332535992,1.1073357216694166,1.1073868631949189
2026-01-03 23:16:00,1.1073738642436635,1.1073395573744338,1.1072364245575796,1.1072970975578316
2026-01-03 23:17:00,1.1071089309561983,1.1071918731243615,1.1070444276768212,1.1071521093741838
2026-01-03 23:18:00,1.1071027815232086,1.1071881645252084,1.1070681380540621,1.1071418908604087
2026-01-03 23:19:00,1.1072043027122342,1.1072271912891292,1.1071689615862796,1.1071964864550365
2026-01-03 23:20:00,1.1075793776372016,1.1076248227493608,1.1073520333870832,1.107510466144868
2026-01-03 23:21:00,1.1073363479886311,1.1072943330299625,1.1071412552905062,1.1072836836319335
2026-01-03 23:22:00,1.1075029048444374,1.1075419206195571,1.1074417224560666,1.1074575907884285
2026-01-03 23:23:00,1.1075879646699371,1.1076737590549475,1.1075639476259729,1.1076035560225808
2026-01-03 23:24:00,1.1074703117353697,1.10750645966837,1.1074488931370758,1.1074866921116744
2026-01-03 23:25:00,1.1075344746882612,1.1077693379850084,1.107315655314319,1.1075171775048622
2026-01-03 23:26:00,1.1074420289753975,1.1074913678088387,1.1073891988574984,1.1074485325174617
2026-01-03 23:27:00,1.107520851699891,1.107515568675296,1.1074502000837998,1.1074763858045245
2026-01-03 23:28:00,1.10774426133976,1.107704767569493,1.1076833474433017,1.107702755456535
2026-01-03 23:29:00,1.1078231634574884,1.1078827664495368,1.1076657478706846,1.1077935963914298
2026-01-03 23:30:00,1.1077435895833265,1.1079371270058476,1.1077315017455154,1.107869887647415
2026-01-03 23:31:00,1.1078117406676053,1.1078389912283035,1.1077456640017849,1.1078053412494215
2026-01-03 23:32:00,1.1075772900556464,1.1077394286867996,1.107497731924207,1.107582732749683
2026-01-03 23:33:00,1.10755986379819,1.1075921715564419,1.1075235830201249,1.107551462518102
2026-01-03 23:34:00,1.1076947375094042,1.1079277597108856,1.1077257067388058,1.1077324537413316
2026-01-03 23:35:00,1.107437139267323,1.1076028641980897,1.1074603772104619,1.107503378562843
2026-01-03 23:36:00,1.1073682720816154,1.1074210953708155,1.107310417812306,1.1073451151576166
2026-01-03 23:37:00,1.1073462402521652,1.1074350568623408,1.1072763197445363,1.1073640553180517
2026-01-03 23:38:00,1.10724509175001,1.1072293569229048,1.1070477564053476,1.1072163571003246
2026-01-03 23:39:00,1.107063932864373,1.1072037822105427,1.1068563145640784,1.1070974785832572
2026-01-03 23:40:00,1.1071047343280227,1.107076063533867,1.1070196101288097,1.107033938795998
2026-01-03 23:41:00,1.106879149427498,1.1069137801799165,1.1067534181486673,1.1068290961853695
2026-01-03 23:42:00,1.1066978192638643,1.1067364126297825,1.106535432495333,1.106682977908437
2026-01-03 23:43:00,1.106777827675286,1.106965333638519,1.1066438163853223,1.1067884920959552
2026-01-03 23:44:00,1.1066350070725104,1.1066919033951363,1.10655890929615,1.1065923866286205
2026-01-03 23:45:00,1.1063723331992081,1.1064464425498717,1.1062830941033117,1.1063527058084464
2026-01-03 23:46:00,1.1062701312709127,1.1063412181987509,1.1061422485064711,1.1062582020615161
2026-01-03 23:47:00,1.1064201386573709,1.1064052796117583,1.1063399929636006,1.1063679953868928
2026-01-03 23:48:00,1.1064097839234135,1.1063604760471137,1.1062520399077758,1.1063384571156931
2026-01-03 23:49:00,1.1062061493947517,1.1063720088937885,1.1062675045075612,1.106268769953976
2026-01-03 23:50:00,1.1062229045682357,1.1064677751223635,1.106272706056836,1.1062754237736032
2026-01-03 23:51:00,1.1059745546224002,1.1061088717050107,1.105951434486322,1.1060135676586742
2026-01-03 23:52:00,1.1060126522768583,1.10619558604632,1.1060507221710811,1.1060877735067405
2026-01-03 23:53:00,1.1061421513351726,1.1061539104712519,1.1061222038646608,1.1061452887614511
2026-01-03 23:54:00,1.106113898313099,1.1060968597955396,1.1060029078842248,1.1060838924903367
2026-01-03 23:55:00,1.1062337102523585,1.1063884342361443,1.1062199382269997,1.106234781167106
2026-01-03 23:56:00,1.1060389506701824,1.1060941356932146,1.1059831865781844,1.106065656752263
2026-01-03 23:57:00,1.1062911659891077,1.1063345695970481,1.1061762618028956,1.1062348431012512
2026-01-03 23:58:00,1.1062650449712508,1.1063044025940412,1.1062008640814005,1.1062580171510905
2026-01-03 23:59:00,1.106224683410977,1.1063173529009867,1.1060687496655741,1.1062075342626088
2026-01-04 00:00:00,1.1062622649575484,1.1062494440560349,1.1060926141293288,1.1062045532173035
2026-01-04 00:01:00,1.1061823014054895,1.1062290745381342,1.1061411451918013,1.106188463502432
2026-01-04 00:02:00,1.1064745166405259,1.1063811814287385,1.1061951760568647,1.1063715059368946
2026-01-04 00:03:00,1.1061876133175803,1.106371479054003,1.1061842724177149,1.1062100040677738
2026-01-04 00:04:00,1.1061955235921275,1.1062401779966764,1.1058141138129114,1.106095626181902
2026-01-04 00:05:00,1.1062023348566172,1.1062872630427858,1.106230774781398,1.1062510716157128
2026-01-04 00:06:00,1.1061876156205792,1.1062414851871423,1.106148247422419,1.1061617413754352
2026-01-04 00:07:00,1.1062646947285948,1.106404274316058,1.1060351100252919,1.106296821337035
2026-01-04 00:08:00,1.1066077150403353,1.1065742637066875,1.1064183431704973,1.1065517367344861
2026-01-04 00:09:00,1.106467555850052,1.1065521436954655,1.1064200962340585,1.106491467480445
2026-01-04 00:10:00,1.1066082153889636,1.1067347410614734,1.1065608155179125,1.1065936718294314
2026-01-04 00:11:00,1.1063880908874282,1.1064515890684108,1.106398019832696,1.1064206179872302
2026-01-04 00:12:00,1.1065806892406238,1.1065912766524821,1.1064049928400201,1.1065338279819406
2026-01-04 00:13:00,1.1065309540168067,1.1066509118383985,1.106456690766375,1.1065637415798386
2026-01-04 00:14:00,1.1067188680643998,1.1066856486785555,1.1065411890385197,1.1066346973221626
2026-01-04 00:15:00,1.106488061656009,1.1065565945423395,1.1064292943204388,1.1065378615113572
2026-01-04 00:16:00,1.1062214176031058,1.1064278447957177,1.1062739451802122,1.1062886989990222
2026-01-04 00:17:00,1.1064117644126386,1.1063854112397187,1.1063120002570794,1.1063641868087346
2026-01-04 00:18:00,1.1060250941538496,1.1060579536996182,1.1059612154446037,1.1060546763358627
2026-01-04 00:19:00,1.1060067118963537,1.1060091960271097,1.1058874587398737,1.1060070737620262
2026-01-04 00:20:00,1.1061321389842975,1.1062417104314792,1.106001830914737,1.1061482510419893
2026-01-04 00:21:00,1.1061114052890124,1.1061847942413188,1.1060585613124996,1.1061770357023701
2026-01-04 00:22:00,1.1064654374158818,1.1066089631168285,1.1064200433651732,1.1064692870990886
2026-01-04 00:23:00,1.1066862992667246,1.1066675503035135,1.1065940704677888,1.1066230534719759
2026-01-04 00:24:00,1.1065751255638923,1.106528075056367,1.1064033749319295,1.106524968713727
2026-01-04 00:25:00,1.106540655358836,1.1065452424488214,1.1065044838080336,1.1065290657207048
2026-01-04 00:26:00,1.1065775735299748,1.1065550468181637,1.1064535740949886,1.1065219601153231
2026-01-04 00:27:00,1.1062316576715865,1.1063596102636701,1.1061020823899228,1.1062846336008212
2026-01-04 00:28:00,1.1061273010469035,1.1062044976464376,1.1060378694214321,1.1061435737633487
2026-01-04 00:29:00,1.1060792498743381,1.106092646113484,1.1059898766326623,1.1060594596273017
2026-01-04 00:30:00,1.1057475058105324,1.1057865047112843,1.1056344323611298,1.1057540265518733
2026-01-04 00:31:00,1.1057488094055872,1.105809144546226,1.105672975932035,1.105761150572111
2026-01-04 00:32:00,1.105663757608797,1.1058245092941659,1.1056681179977497,1.105723789795413
2026-01-04 00:33:00,1.1053687886407841,1.1054896787643347,1.10541156730304,1.1054728557102163
2026-01-04 00:34:00,1.1055743809612553,1.1057496180286381,1.1054719562518005,1.1055334876400078
2026-01-04 00:35:00,1.1056530296303742,1.1056891219226936,1.1054550835365826,1.1056408685517116
2026-01-04 00:36:00,1.1057200236424518,1.1057409580289976,1.105670611180446,1.1056749237235413
2026-01-04 00:37:00,1.105604451700152,1.1057010681098385,1.105596120328748,1.10562631349726
2026-01-04 00:38:00,1.1056793909257814,1.1057545345052395,1.105650122186666,1.1057150298200227
2026-01-04 00:39:00,1.105817390272426,1.1058479675575965,1.1057239463480164,1.1058170628740942
2026-01-04 00:40:00,1.1059058833919828,1.1060055687941062,1.1058154438086711,1.105863173409552
2026-01-04 00:41:00,1.1057279089612375,1.105880858536816,1.105717730222393,1.105739481571987
2026-01-04 00:42:00,1.1058210609460302,1.1057838889567364,1.1057020364502235,1.1057809716868137
2026-01-04 00:43:00,1.105909978384158,1.1059742257475105,1.1058164511125599,1.1059602937844375
2026-01-04 00:44:00,1.1058627270689871,1.105981890540119,1.1057438071169128,1.1058707994256456
2026-01-04 00:45:00,1.1061819846193117,1.1063355705280418,1.1060658769548064,1.1061854903265156
2026-01-04 00:46:00,1.1061679651836138,1.1061389532606853,1.1060453203049527,1.1061066456864177
2026-01-04 00:47:00,1.1061218881083197,1.1062450637839725,1.1060776158838512,1.1061115067384188
2026-01-04 00:48:00,1.1060979377749325,1.1061081539531863,1.105865599873142,1.1060106338990179
2026-01-04 00:49:00,1.1059767402844085,1.106081050902171,1.1059319094682574,1.106044124524406
2026-01-04 00:50:00,1.105789287215731,1.1059333745110436,1.1057100917879388,1.1057827912705105
2026-01-04 00:51:00,1.105709854902647,1.1057058760239922,1.105624008317832,1.105700885000688
2026-01-04 00:52:00,1.105568071480515,1.1055960583602606,1.105375259972519,1.1055370668206357
2026-01-04 00:53:00,1.1055166995759973,1.1055904714631013,1.1053580292227614,1.1055573675728196
2026-01-04 00:54:00,1.1057907569961165,1.1057874693476255,1.1056313783566056,1.105706534679146
2026-01-04 00:55:00,1.1058040838042866,1.1059060079467105,1.1057250971347976,1.105803435607213
2026-01-04 00:56:00,1.1053933333274375,1.1056541732308527,1.105389651202799,1.1054476867030842
2026-01-04 00:57:00,1.1057531959015028,1.1058761776195212,1.105559264302333,1.1057539971510235
2026-01-04 00:58:00,1.1057826310659726,1.1058382661932609,1.1057715195166806,1.1057982891421165
2026-01-04 00:59:00,1.105820976028155,1.105697528849413,1.1055965032445978,1.1056818142710427
2026-01-04 01:00:00,1.1057578806388675,1.1057056072705387,1.105694830965014,1.1057053834588912
2026-01-04 01:01:00,1.1057342950000522,1.1058385553255627,1.105705008673534,1.1057318119322668
2026-01-04 01:02:00,1.105626188790464,1.1057576911158686,1.1054654803987642,1.105631784624724
2026-01-04 01:03:00,1.1057090249679493,1.105762003637425,1.1056074997568515,1.1056614721248252
2026-01-04 01:04:00,1.1056202943896984,1.105642668125565,1.1054252137355751,1.1055703512816821
2026-01-04 01:05:00,1.1053641194868127,1.10554635760748,1.1054841641656041,1.1055096969827787
2026-01-04 01:06:00,1.105438904770152,1.1054863268787674,1.105321918458773,1.1054067551124154
2026-01-04 01:07:00,1.1051932527461534,1.105366503482114,1.1051335201256667,1.1051918544189545
2026-01-04 01:08:00,1.1051481726983976,1.1053164449930761,1.1052034333652403,1.1052137298894869
2026-01-04 01:09:00,1.1053455355119455,1.105382360759931,1.10523887478336,1.1053015248049642
2026-01-04 01:10:00,1.1054910667450535,1.105390723234623,1.105268011203513,1.1053787573443756
2026-01-04 01:11:00,1.1055295859296124,1.105653174205843,1.1053816044290923,1.105501746132271
2026-01-04 01:12:00,1.1056054185858861,1.1055721977268853,1.1054959101566908,1.1055503971637732
2026-01-04 01:13:00,1.105560694293639,1.1054736144804562,1.1054566690642615,1.1054704883390407
2026-01-04 01:14:00,1.1055549248111693,1.1056134353726803,1.1055668245597168,1.1055964379187053
2026-01-04 01:15:00,1.1052999317154708,1.1054629925917834,1.105333994975197,1.105392810287729
2026-01-04 01:16:00,1.1052905528835177,1.1053214003882526,1.1051126296337213,1.1052577095803522
2026-01-04 01:17:00,1.1051006989928165,1.1051605920974832,1.1050013653935182,1.1051130795696387
2026-01-04 01:18:00,1.105206379305891,1.1053283873504522,1.1052489254521516,1.1052750879785096
2026-01-04 01:19:00,1.1054125977588238,1.1054804965513458,1.105391894484993,1.1054165062556307
2026-01-04 01:20:00,1.1055259794098768,1.1055611256995763,1.105484176580901,1.1054896020411873
2026-01-04 01:21:00,1.105642942937731,1.1056897266334516,1.105520700259642,1.1056503915209692
2026-01-04 01:22:00,1.1054791577220706,1.1056772179105752,1.105431417348421,1.1055184991036073
2026-01-04 01:23:00,1.1055596130185719,1.1055915199811874,1.1054964373045533,1.1055707883715866
2026-01-04 01:24:00,1.1055510383840639,1.1056143647872116,1.1054844553544698,1.105552012207329
2026-01-04 01:25:00,1.1055825704097806,1.1058595862075538,1.1056082958021913,1.1056790445229119
2026-01-04 01:26:00,1.1056546221403705,1.105781556684263,1.105624270119399,1.105661760888029
2026-01-04 01:27:00,1.10553680243116,1.1056466765800503,1.1054759582402314,1.1056040194547674
2026-01-04 01:28:00,1.1057181070301525,1.105724096088704,1.1055997628410945,1.1056851557325516
2026-01-04 01:29:00,1.105738528978851,1.1059521616415735,1.1057027529631414,1.1058165811076304
2026-01-04 01:30:00,1.105766963938631,1.1057198234784493,1.1056853877098891,1.1057163293284034
2026-01-04 01:31:00,1.1056867097242398,1.1057979006336376,1.1056507376831193,1.1057071679777004
2026-01-04 01:32:00,1.1055212530973157,1.1056042714109464,1.105462554293537,1.1055484018826542
2026-01-04 01:33:00,1.1051884154598952,1.1052141565820344,1.1051221533502187,1.1051736927300302
2026-01-04 01:34:00,1.1051604599524811,1.105326200402078,1.1051593137217546,1.1052037616747423
2026-01-04 01:35:00,1.1053090347658872,1.1053843748089083,1.1052105011749176,1.1052950974781806
2026-01-04 01:36:00,1.105297802060809,1.1055078116949857,1.105160231088305,1.1053344074995435
2026-01-04 01:37:00,1.105014136516264,1.1050803941640452,1.1049279719132403,1.1050419732418804
2026-01-04 01:38:00,1.1050096135358352,1.105000121832914,1.1048922824601075,1.1049893458273687
2026-01-04 01:39:00,1.1045996646266745,1.1046815830369425,1.1045292681181806,1.1046565936633612
2026-01-04 01:40:00,1.1047988319644213,1.1048912637137212,1.104848417699953,1.1048620488295093
2026-01-04 01:41:00,1.104711551917562,1.1047271642367917,1.10460891682192,1.1046991406421915
2026-01-04 01:42:00,1.1048861061909863,1.1049166680664313,1.104861294461288,1.1048874511836106
2026-01-04 01:43:00,1.1050377662674036,1.105040816139191,1.1049948549721758,1.1050293316301631
2026-01-04 01:44:00,1.104910625039119,1.1049811229111133,1.104851459655711,1.1048942430772828
2026-01-04 01:45:00,1.104727194112283,1.1047266357691927,1.104524030626185,1.1047243253345926
2026-01-04 01:46:00,1.104807285498249,1.104874674750606,1.104732848298583,1.1047768808670506
2026-01-04 01:47:00,1.104655104075822,1.104711474550563,1.1045694058789663,1.104650232261473
2026-01-04 01:48:00,1.104565239762813,1.1048635068271457,1.104589346814847,1.1046656049577968
2026-01-04 01:49:00,1.1045057865894428,1.10479586253078,1.1044888031235356,1.1045931808191758
2026-01-04 01:50:00,1.104422404516018,1.1044122825162013,1.1041607968238367,1.104326007057006
2026-01-04 01:51:00,1.1039914404474902,1.1040744439036503,1.1039151745624938,1.1039914368541373
2026-01-04 01:52:00,1.1040729515739973,1.1040536239763512,1.1038807572074003,1.1040254394914115
2026-01-04 01:53:00,1.1039239206341807,1.1040048934768827,1.1039168072106622,1.103941205829462
2026-01-04 01:54:00,1.103855341602205,1.1040124970780623,1.1038390501564213,1.1038582423569248
2026-01-04 01:55:00,1.1039399537000754,1.104104609649216,1.1037494072867746,1.103962621932789
2026-01-04 01:56:00,1.1042619346408569,1.1041500858801656,1.104114003478989,1.1041386382742837
2026-01-04 01:57:00,1.1041104186871977,1.1041086093503358,1.1040269379499434,1.1040977565660794
2026-01-04 01:58:00,1.1040199238647677,1.104129350623114,1.1040184590543554,1.104046666760043
2026-01-04 01:59:00,1.1040391112293384,1.1041320891377824,1.104008144984107,1.10412168821501
2026-01-04 02:00:00,1.1040168345516919,1.1040939687672204,1.1037925541755533,1.103918147879555
2026-01-04 02:01:00,1.1039434569185058,1.1039767326212315,1.1038941646660136,1.1039516208377673
2026-01-04 02:02:00,1.1040716151895187,1.1041316199553348,1.1039219623185434,1.1040344037335406
2026-01-04 02:03:00,1.1041792381293185,1.1041443962194588,1.1040151398719482,1.1041364382648031
2026-01-04 02:04:00,1.1038227838332564,1.10398934306308,1.1038045042813351,1.103845925359428
2026-01-04 02:05:00,1.1037653447077258,1.1039056645933796,1.1036372467837556,1.1037317220689564
2026-01-04 02:06:00,1.1035697756666953,1.103680004854573,1.103594811269902,1.103599982581033
2026-01-04 02:07:00,1.1035654443060925,1.1036702349195728,1.1035276895171156,1.1036149656241945
2026-01-04 02:08:00,1.1037453005457851,1.103725240420701,1.1036705816236188,1.1036870773111596
2026-01-04 02:09:00,1.1039036744032853,1.1039855964386869,1.103798374184193,1.1039115838722764
2026-01-04 02:10:00,1.1038632646919013,1.1038546934919773,1.1038205250856163,1.1038373390502212
2026-01-04 02:11:00,1.103783249225169,1.1038042834480468,1.103747703666484,1.1037627031754749
2026-01-04 02:12:00,1.1039670505763095,1.1039977312826799,1.1039257694166844,1.1039351539783067
2026-01-04 02:13:00,1.1039018136723762,1.104002632953628,1.1038993677618425,1.1039796405190863
2026-01-04 02:14:00,1.1041405237191986,1.1042475680088522,1.1041030100063356,1.1041697882457644
2026-01-04 02:15:00,1.104196873688341,1.1042863274011896,1.1039934528200515,1.1042130974462159
2026-01-04 02:16:00,1.103997956019764,1.1041176657653895,1.1039924430674715,1.104039529953409
2026-01-04 02:17:00,1.103861011042593,1.1038447979770651,1.1037407772580614,1.1038395607001923
2026-01-04 02:18:00,1.103666178516713,1.1037113798868816,1.1035621964383575,1.1036068338628333
2026-01-04 02:19:00,1.1037734008708144,1.1037262836280548,1.1036421185885004,1.1037061416380471
2026-01-04 02:20:00,1.1038674709232497,1.1039225556270265,1.1037709299516916,1.1038844311615101
2026-01-04 02:21:00,1.1041764337758413,1.1041658961058862,1.1041123857295403,1.1041618354827183
2026-01-04 02:22:00,1.104310583457791,1.1042979225087706,1.104274153387273,1.1042883012825666
2026-01-04 02:23:00,1.1044937898739071,1.1044886201120194,1.104450147806431,1.104462727069197
2026-01-04 02:24:00,1.1043318178656452,1.1044294053662214,1.1041934782849996,1.104375724619299
2026-01-04 02:25:00,1.1042932912602006,1.1043272187379798,1.1041075822373692,1.1042022622467873
2026-01-04 02:26:00,1.1043761001558674,1.1044731375075318,1.1041522704445372,1.10432977414665
2026-01-04 02:27:00,1.1044400587266703,1.1045783925635406,1.1043892478689987,1.1043924262594857
2026-01-04 02:28:00,1.104468715918482,1.1044770241266109,1.1042249858679498,1.104408542915637
2026-01-04 02:29:00,1.1044933554348453,1.1044760755448084,1.1044487283723,1.104466648637732
2026-01-04 02:30:00,1.1044637607889483,1.1045563620570094,1.1044191768524407,1.1045151264601007
2026-01-04 02:31:00,1.104700750352501,1.104865316241853,1.1046711934857982,1.1047076989890787
2026-01-04 02:32:00,1.1048193941570483,1.105087775975624,1.1047544689726774,1.1049019468268013
2026-01-04 02:33:00,1.1050043335051374,1.1050343492924912,1.1049671284264728,1.1049835798796523
2026-01-04 02:34:00,1.1051019896276284,1.1053231336593166,1.1050247330731475,1.1051104503105367
2026-01-04 02:35:00,1.105185533574224,1.1051907218907915,1.1051383782532915,1.1051875596934004
2026-01-04 02:36:00,1.1051785842900994,1.1051455525920453,1.1050410442519885,1.1051183842335952
2026-01-04 02:37:00,1.1052090192329043,1.1053909485090494,1.1051262418940573,1.1052318689348322
2026-01-04 02:38:00,1.1050100885165648,1.1050347581505928,1.1049521142689918,1.1050226946745034
2026-01-04 02:39:00,1.105181877072146,1.105285180920292,1.105105114160837,1.1051807784073477
2026-01-04 02:40:00,1.104909600353912,1.1050599836745365,1.1049157155385527,1.1050015999663827
2026-01-04 02:41:00,1.105031167276614,1.1050879952791026,1.1049362546458192,1.105044470459402
2026-01-04 02:42:00,1.1047934076200236,1.1050585934403172,1.1047998282524585,1.104917697365638
2026-01-04 02:43:00,1.1049714296350044,1.1050282059429284,1.1049655018518034,1.1050007057130993
2026-01-04 02:44:00,1.1050383763818798,1.1051448271309245,1.1049647011572583,1.1049956169292101
2026-01-04 02:45:00,1.1047787668633982,1.1048859242427524,1.1046879989324476,1.1047564035354855
2026-01-04 02:46:00,1.1047897674646157,1.104835714690342,1.1048189999405256,1.1048195084801384
2026-01-04 02:47:00,1.1047348602745248,1.1048523381047646,1.104580107125198,1.1047328203636135
2026-01-04 02:48:00,1.104811242893379,1.1049130138151488,1.1047675863560438,1.1048649923717355
2026-01-04 02:49:00,1.104865074054888,1.1048920763036856,1.1046700169641446,1.1048651912250456
2026-01-04 02:50:00,1.1050710203871283,1.1049454392585871,1.1048789968152817,1.1049245043728537
2026-01-04 02:51:00,1.10487315909562,1.1047853734414026,1.1047698289132113,1.1047808690296015
2026-01-04 02:52:00,1.1046951003013883,1.104735735146227,1.104621466686206,1.1046924691948874
2026-01-04 02:53:00,1.104631680607718,1.1046629190013193,1.1045584653757368,1.1046236733994723
2026-01-04 02:54:00,1.1047032005057769,1.104844795097857,1.1046682562570418,1.1047521787715087
2026-01-04 02:55:00,1.104963695879282,1.1051247288675754,1.1047829575326915,1.1050037853346795
2026-01-04 02:56:00,1.1049011187880233,1.1050072922612506,1.1048177497809848,1.104883009571918
2026-01-04 02:57:00,1.1050182921653346,1.1051172535925058,1.104812785170497,1.1050445367936166
2026-01-04 02:58:00,1.1047642926607004,1.1047256743418181,1.1046607446893781,1.1047190851809578
2026-01-04 02:59:00,1.104618441054843,1.1047064710090484,1.1044723464069643,1.104539956770794
2026-01-04 03:00:00,1.104412771041605,1.1044229165542383,1.1042788505745027,1.1043961400023659
2026-01-04 03:01:00,1.1041983505592419,1.1043255340209486,1.1041915568164298,1.1041932636989498
2026-01-04 03:02:00,1.1038716864592362,1.1039732828489743,1.1038760570244726,1.1039557254404817
2026-01-04 03:03:00,1.1040550557895659,1.10412015035231,1.1039458690729187,1.1040176752773023
2026-01-04 03:04:00,1.1039283815575662,1.10417036914182,1.103931660972968,1.1039855651226431
2026-01-04 03:05:00,1.1040215754758522,1.1041415470169464,1.1040102747352223,1.104042475932284
2026-01-04 03:06:00,1.1041940256298215,1.1041581489383032,1.1041288409429657,1.1041460468352022
2026-01-04 03:07:00,1.1042373772923935,1.1042586065101314,1.1041270532277474,1.104185889384178
2026-01-04 03:08:00,1.104261228484233,1.1043249242040003,1.104283272430144,1.1042845538606005
2026-01-04 03:09:00,1.1042536782409182,1.1043570389211703,1.1041572749284545,1.1042741240176643
2026-01-04 03:10:00,1.1040611090657555,1.104335182865947,1.104017012610291,1.1040960750094184
2026-01-04 03:11:00,1.1041948544492752,1.104356727269911,1.104226515932349,1.1042547471365416
2026-01-04 03:12:00,1.1041346405425192,1.104264306291053,1.1040720097734813,1.1041663803166244
2026-01-04 03:13:00,1.1039453843708644,1.104051006425632,1.1039755391447357,1.10402604087181
2026-01-04 03:14:00,1.1040335063195148,1.104020107419928,1.1039829605927638,1.1039993531904393
2026-01-04 03:15:00,1.103882157732803,1.1039971101187565,1.1038222053180784,1.103862431552545
2026-01-04 03:16:00,1.1038278434594901,1.1039846036948167,1.1037048912650613,1.1037998169952465
2026-01-04 03:17:00,1.1038037048809521,1.1039704780478528,1.1038050466463432,1.103851425083481
2026-01-04 03:18:00,1.1038439228161923,1.1039237448662054,1.103770165882641,1.103903676344368
2026-01-04 03:19:00,1.1037716775481197,1.1038094714200903,1.1036751407265415,1.103769001834404
2026-01-04 03:20:00,1.1036990511567093,1.1037988064646038,1.1036454366452675,1.1036958460284618
2026-01-04 03:21:00,1.1038496324878015,1.104055243024194,1.1038416310662476,1.1038569959791773
2026-01-04 03:22:00,1.103916981833378,1.1040268320224185,1.1038995439126504,1.1039314559968374
2026-01-04 03:23:00,1.1043282545416244,1.1044598960194794,1.104124010637673,1.1042427157527397
2026-01-04 03:24:00,1.1044410362293906,1.1045119701117072,1.104297377012825,1.104419734978801
2026-01-04 03:25:00,1.1046899128586583,1.1046733176221348,1.1044578842662465,1.1045913789390849
2026-01-04 03:26:00,1.104446646907788,1.1045020927683218,1.1043790659733288,1.1043831986565165
2026-01-04 03:27:00,1.1045829412555623,1.1045419537742265,1.1044422809927616,1.1044977777092615
2026-01-04 03:28:00,1.1044360885506892,1.1045073720439873,1.1043554570383447,1.104489811689007
2026-01-04 03:29:00,1.1044368229680261,1.1044223595308236,1.1043447928149848,1.1044071644184763
2026-01-04 03:30:00,1.1044107784451065,1.1045132925823684,1.1044005250341844,1.1044323667195561
2026-01-04 03:31:00,1.1044909791141797,1.1046973813102692,1.1045725447834465,1.1045741484497478
2026-01-04 03:32:00,1.1047240733468764,1.1048018394293273,1.1045593133146006,1.1046492731883986
2026-01-04 03:33:00,1.104502817491912,1.1045771993209874,1.1044259849031253,1.1045175021181972
2026-01-04 03:34:00,1.1045761158737228,1.1047108853146483,1.1046057845441164,1.104628870955236
2026-01-04 03:35:00,1.1045125046307622,1.1045800066923104,1.1043823718784866,1.1045332328239246
2026-01-04 03:36:00,1.1045259240856307,1.104645555899405,1.1045411168973396,1.1045657352917693
2026-01-04 03:37:00,1.104485547883267,1.1046220865244127,1.1044284011679149,1.1045202327816477
2026-01-04 03:38:00,1.1044763226743781,1.1046163528508597,1.1043384092234234,1.1044874028438874
2026-01-04 03:39:00,1.1046888800497956,1.1046324972709225,1.1044759521340701,1.1046023392901434
2026-01-04 03:40:00,1.1044129943713439,1.1044791746347515,1.1044136721313866,1.104446310232171
2026-01-04 03:41:00,1.1048210530265234,1.1047954714847035,1.1046019857572194,1.1047380894933125
2026-01-04 03:42:00,1.1045073684227176,1.1045432421485197,1.1044610371312948,1.1044649265829185
2026-01-04 03:43:00,1.1043950900086095,1.10443216412795,1.1043541383649655,1.1043752764304302
2026-01-04 03:44:00,1.1044682142155342,1.1045716701632662,1.1043125187200338,1.1044308082139216
2026-01-04 03:45:00,1.1045191381220785,1.1045310299686364,1.1043640098479783,1.1045184553388867
2026-01-04 03:46:00,1.1045676864859941,1.1045705109944715,1.1044513663386408,1.104503383980801
2026-01-04 03:47:00,1.1045231243885143,1.1045693777706491,1.104493616396919,1.104494775375351
2026-01-04 03:48:00,1.1044731245888986,1.1046191118884243,1.1044997521422666,1.1045563578881499
2026-01-04 03:49:00,1.1045365100631257,1.104727046121397,1.1044733490756908,1.1045216974665313
2026-01-04 03:50:00,1.1047698733123712,1.104766750230688,1.1046488809261787,1.1047306746552215
2026-01-04 03:51:00,1.1048421269614261,1.1048638058570686,1.1048425261319277,1.1048565770223562
2026-01-04 03:52:00,1.1049938134686428,1.1050430832777647,1.1048225815426738,1.1049875006750072
2026-01-04 03:53:00,1.104811934266768,1.1048652299137398,1.1047564861560475,1.1048425771665016
2026-01-04 03:54:00,1.1047617876200375,1.1048737116727207,1.1047798996258227,1.1048306689028407
2026-01-04 03:55:00,1.1047080801669862,1.1049864463116308,1.1046515018069345,1.1047855990105326
2026-01-04 03:56:00,1.1045579054048258,1.1047819942103303,1.1044665520758095,1.1046347588041792
2026-01-04 03:57:00,1.1047222356688946,1.1047621784796076,1.104557173486586,1.1046887834317711
2026-01-04 03:58:00,1.104483622482685,1.1046655967539223,1.1045126283392903,1.104608136568104
2026-01-04 03:59:00,1.1046731231462334,1.1047400250043555,1.104673895801282,1.1047064471425816
2026-01-04 04:00:00,1.1045076357438852,1.1045776286914049,1.1044137972955397,1.1045459184081474
2026-01-04 04:01:00,1.1047896665232741,1.1048841179274906,1.1046423843545257,1.1048037745000736
2026-01-04 04:02:00,1.104576503023788,1.1047264470223084,1.1045200981503374,1.1046693246012849
2026-01-04 04:03:00,1.1047224143566021,1.1048412843114601,1.1046768559064757,1.104702219951865
2026-01-04 04:04:00,1.1047573407787152,1.104868000214548,1.1047061405168994,1.1048209988484232
2026-01-04 04:05:00,1.1047920230609287,1.1047457409835144,1.1047106676911782,1.1047354027838932
2026-01-04 04:06:00,1.1048321847960287,1.1049619171303182,1.104791013402268,1.1048632730804082
2026-01-04 04:07:00,1.1046741148895676,1.1047305780673204,1.1046348135608475,1.104678895540738
2026-01-04 04:08:00,1.1048969018884431,1.1051123481587883,1.1048318999522266,1.1048967131956153
2026-01-04 04:09:00,1.1049110476380035,1.10493690504774,1.1047076713642685,1.1048988355853604
2026-01-04 04:10:00,1.1048112245930397,1.1048469722321002,1.104787317620724,1.104809373874165
2026-01-04 04:11:00,1.1047431410808641,1.104820605521399,1.104628842103072,1.1047644966083008
2026-01-04 04:12:00,1.1049029869252445,1.1049347759221593,1.104865402510311,1.1048858344987098
2026-01-04 04:13:00,1.104821473561457,1.1050726961602995,1.104679453171704,1.1047981662049322
2026-01-04 04:14:00,1.1046475058181633,1.1047262660901043,1.1046369612712015,1.1046857625515187
2026-01-04 04:15:00,1.10467385045283,1.1047370872795166,1.1046342732814598,1.1046525320618812
2026-01-04 04:16:00,1.1045355737600857,1.104637014056845,1.1044547418724622,1.1044759877449657
2026-01-04 04:17:00,1.1047843640409623,1.1048243883261302,1.1047240263028568,1.104749069331157
2026-01-04 04:18:00,1.1047107289045572,1.104772311920979,1.104596081425903,1.1046641101424748
2026-01-04 04:19:00,1.1047974487028474,1.1048227195657903,1.1046730592904288,1.104788852660402
2026-01-04 04:20:00,1.1047734656506454,1.104966917412068,1.1048138334188866,1.104820273172949
2026-01-04 04:21:00,1.1046321108423915,1.1048135146451792,1.1043396426856258,1.1046725930653767
2026-01-04 04:22:00,1.1046876942573873,1.1048249596824544,1.1046469665288265,1.1046716998589947
2026-01-04 04:23:00,1.1048364384621492,1.1048162308948477,1.104759218862854,1.1047893002758915
2026-01-04 04:24:00,1.1049003566713282,1.1048760098120294,1.1046627160992806,1.1047610610756284
2026-01-04 04:25:00,1.104989119114728,1.1050974621892793,1.1049084560752764,1.1049400280175061
2026-01-04 04:26:00,1.1050347335385486,1.105134024300107,1.104975985568705,1.1050932553264234
2026-01-04 04:27:00,1.1051927289260042,1.1052891925086183,1.1051834907798623,1.1052310925546223
2026-01-04 04:28:00,1.105276069904579,1.1053680600871503,1.1050676625897569,1.105162144038781
2026-01-04 04:29:00,1.104989448225015,1.1050800178054045,1.10498366514537,1.105000167671614
2026-01-04 04:30:00,1.1049105052625476,1.104995790118794,1.104774568864145,1.1049081295308096
2026-01-04 04:31:00,1.104889544825889,1.1049687442292353,1.104871527534856,1.1049375656719096
2026-01-04 04:32:00,1.105097688849218,1.105144668315169,1.1048971934627743,1.1050194336789394
2026-01-04 04:33:00,1.1047187146285915,1.1048073435256578,1.1046874800452442,1.1046936979682254
2026-01-04 04:34:00,1.1046537509205894,1.1047027927805555,1.1045045342915891,1.1046924809879837
2026-01-04 04:35:00,1.1046665031073393,1.1047613389108146,1.104536495207054,1.104716194371782
2026-01-04 04:36:00,1.1046899229306297,1.104771845522593,1.10465835416407,1.1046745627333348
2026-01-04 04:37:00,1.1048704641179312,1.1048720101601237,1.1047820147515954,1.1048682538091872
2026-01-04 04:38:00,1.1049731263311857,1.1049884967122952,1.104769758674462,1.1049315208203248
2026-01-04 04:39:00,1.1051553980301934,1.105160467292641,1.1050830783457872,1.105128049606537
2026-01-04 04:40:00,1.105082431511046,1.1053154056290104,1.1049626211777352,1.1050956555284843
2026-01-04 04:41:00,1.1052090870725872,1.1053631485418178,1.1050474912535644,1.1052362771523603
2026-01-04 04:42:00,1.1054735400041247,1.1055005594337242,1.1054484148355537,1.1054815371115396
2026-01-04 04:43:00,1.1056507570865977,1.105716253578598,1.1056276108694751,1.1056782911289305
2026-01-04 04:44:00,1.105507960113276,1.1056001857287585,1.1053011514471534,1.1055144698899162
2026-01-04 04:45:00,1.1054772405247157,1.105628882337933,1.1052664432234853,1.1054764184782848
2026-01-04 04:46:00,1.1053797472277982,1.105704834929416,1.1053670947511576,1.1054246437724673
2026-01-04 04:47:00,1.1055295659458337,1.105541458317721,1.1054046848368864,1.1054980319527288
2026-01-04 04:48:00,1.1055824636002574,1.1057436499070619,1.105575464372537,1.105600984985981
2026-01-04 04:49:00,1.1054330568673627,1.105525062135557,1.1053239837434585,1.105475151084877
2026-01-04 04:50:00,1.1054677464905505,1.105498119582202,1.1052645222572104,1.1054853268619647
2026-01-04 04:51:00,1.1051944506699722,1.1052459104147854,1.1051697968941936,1.1051823377621413
2026-01-04 04:52:00,1.105402781423002,1.1054485542744608,1.105298821095751,1.1053986295130114
2026-01-04 04:53:00,1.1053428792826552,1.1055090973880917,1.1053174529720413,1.1053217733769098
2026-01-04 04:54:00,1.1053750702741405,1.1053751897870123,1.105226373420585,1.1053301529678867
2026-01-04 04:55:00,1.105348952520989,1.1053243902743024,1.1051360311437097,1.1052837055107885
2026-01-04 04:56:00,1.1054698839551749,1.105557148879908,1.1053933968990048,1.1054556096470405
2026-01-04 04:57:00,1.104976513561469,1.105147166810878,1.1048764306034937,1.1050299836808308
2026-01-04 04:58:00,1.1050140365893555,1.1051301981721693,1.1048976379965052,1.105027492129482
2026-01-04 04:59:00,1.1049614033966382,1.105076406544822,1.1049502156894615,1.1050116193158572
2026-01-04 05:00:00,1.1050284165614042,1.104979818845878,1.104760676382093,1.1049435738577185
2026-01-04 05:01:00,1.1053018778836903,1.1052534972348504,1.1049792732362453,1.105202507839564
2026-01-04 05:02:00,1.1051019239806104,1.1050876254835067,1.105051884084439,1.1050694084207355
2026-01-04 05:03:00,1.1052281007894529,1.105274365610778,1.1051042984354793,1.105185177847321
2026-01-04 05:04:00,1.1052511629252886,1.1053613171733556,1.105052188781901,1.1052386157656267
2026-01-04 05:05:00,1.10544614644928,1.1054958342431818,1.105203375427964,1.105427843653507
2026-01-04 05:06:00,1.105247892579874,1.1053462615495246,1.1052837970898985,1.1053277652907905
2026-01-04 05:07:00,1.1052141233376591,1.105457978322025,1.1051043162702117,1.105217819955922
2026-01-04 05:08:00,1.1053381727889262,1.1054685494132601,1.1053081049052926,1.1053822304420435
2026-01-04 05:09:00,1.10546009646517,1.1056500420268927,1.1052922020742018,1.105446028638293
2026-01-04 05:10:00,1.105211307544022,1.1054147303666588,1.1051442762771098,1.1052142880362914
2026-01-04 05:11:00,1.1052307333822393,1.1051431233991922,1.1050142203707602,1.105133392284122
2026-01-04 05:12:00,1.1052371810666353,1.1052211649348191,1.1051704990391038,1.1051913496821992
2026-01-04 05:13:00,1.1053312399145572,1.1053862208352976,1.105263836745335,1.1053170143154312
2026-01-04 05:14:00,1.105201782733095,1.1052219499704854,1.1051554997389061,1.1052151297174522
2026-01-04 05:15:00,1.1048617923919177,1.1049186632622356,1.1047728518262605,1.1047779913189797
2026-01-04 05:16:00,1.104854977064534,1.1048640986985725,1.1047937045573852,1.1048564747968403
2026-01-04 05:17:00,1.1046900103914303,1.1048231147207337,1.1046443245460402,1.1046734266933487
2026-01-04 05:18:00,1.1043729383538516,1.1044319343798779,1.1043043151365284,1.1043708258736302
2026-01-04 05:19:00,1.1039257692895974,1.1039700494152815,1.1038876209300932,1.1039459769848827
2026-01-04 05:20:00,1.1040698994250318,1.104238188161339,1.1038635802341092,1.1040680741139124
2026-01-04 05:21:00,1.1039892683889392,1.104124772940286,1.1040648496382504,1.104087366731473
2026-01-04 05:22:00,1.1039761329543043,1.1040799664428613,1.103855142053421,1.1040535182743663
2026-01-04 05:23:00,1.1042793534558941,1.1042682421647871,1.1042098510274652,1.1042618719288106
2026-01-04 05:24:00,1.1044358806157906,1.1043791533362863,1.1043477840280167,1.1043574706312642
2026-01-04 05:25:00,1.1046173266928796,1.1046291914295496,1.1044153756695474,1.1045999156376725
2026-01-04 05:26:00,1.1043549868741025,1.1044411953402173,1.1042881354452583,1.1043910053168473
2026-01-04 05:27:00,1.104313680035551,1.1043887043834133,1.1042936509396062,1.1043858227232544
2026-01-04 05:28:00,1.104182542080036,1.1041748129041677,1.103901480141655,1.1041433157170122
2026-01-04 05:29:00,1.104080548609683,1.1041304066489792,1.1041057923307536,1.1041089083672337
2026-01-04 05:30:00,1.1041037777600964,1.1041839587178783,1.1039469830080613,1.1040716159891688
2026-01-04 05:31:00,1.1041851012926613,1.1042333074444957,1.1040501071850182,1.1041656080347582
2026-01-04 05:32:00,1.1041963576365421,1.1041917288012446,1.1039326263074043,1.1041724426169295
2026-01-04 05:33:00,1.1042676337730393,1.1044177958907369,1.1041251105386347,1.1042659536876716
2026-01-04 05:34:00,1.104390651926891,1.1044134965605479,1.1040464363600229,1.1043714697076423
2026-01-04 05:35:00,1.104688736289187,1.1048252052781289,1.1044835000765245,1.1046947090092498
2026-01-04 05:36:00,1.1046156491842385,1.1047081087717956,1.104625961219068,1.1046474145109568
2026-01-04 05:37:00,1.104458086152831,1.10469045301375,1.1044137967040122,1.104506261105857
2026-01-04 05:38:00,1.1044239232082558,1.1046736571244864,1.1044979112451563,1.1045431736481544
2026-01-04 05:39:00,1.1044137761659631,1.1044363492682177,1.1044038982404654,1.1044228316440834
2026-01-04 05:40:00,1.1047210946684967,1.1046503212364391,1.1045830324197876,1.104645125759349
2026-01-04 05:41:00,1.104639147058134,1.1046307778882563,1.1044816899133936,1.1046026430535072
2026-01-04 05:42:00,1.10452919205425,1.1045523049145218,1.1044888144830236,1.104517806598326
2026-01-04 05:43:00,1.104410408990439,1.1044698121261922,1.1043591253095433,1.1044471092401533
2026-01-04 05:44:00,1.1046047388149622,1.1046140594603084,1.104472094332237,1.1045548718536742
2026-01-04 05:45:00,1.1045252443405993,1.1046586370320628,1.104450976528401,1.1045312098061895
2026-01-04 05:46:00,1.1045137064988595,1.1044463185945321,1.1044248862023578,1.10443495978317
2026-01-04 05:47:00,1.1046357082076486,1.1047230209550856,1.1044670071519453,1.1046847625708134
2026-01-04 05:48:00,1.1045188386183156,1.1046488296762862,1.1045125548824282,1.1045563370947142
2026-01-04 05:49:00,1.1045193085086082,1.104588549584734,1.1044716862086557,1.1045616720058191
2026-01-04 05:50:00,1.104585412010039,1.104678228638573,1.1046177087858098,1.1046595179285605
2026-01-04 05:51:00,1.1043679654277385,1.1044536601233659,1.1043473238763069,1.1044148176619981
2026-01-04 05:52:00,1.1044920175501973,1.1045895819259595,1.1044373050847947,1.104486856737209
2026-01-04 05:53:00,1.1042929805346442,1.104488708705768,1.1042452897603028,1.1043285905858868
2026-01-04 05:54:00,1.10425918923655,1.1045145671332626,1.1044119837747188,1.104452008003012
2026-01-04 05:55:00,1.1043613240160952,1.104456074537412,1.1041185263092201,1.1043076103512242
2026-01-04 05:56:00,1.1043273210195341,1.1045141610682405,1.1043709669703266,1.1044115257060014
2026-01-04 05:57:00,1.10460686208019,1.104736344794302,1.104497515511544,1.1045774006659457
2026-01-04 05:58:00,1.104708176874274,1.104735007250664,1.1045895482659198,1.1047066161447905
2026-01-04 05:59:00,1.1048501822828474,1.1047450199324813,1.1046392094469977,1.1047443136420263
2026-01-04 06:00:00,1.104759466374663,1.1047493733702416,1.1046403241775722,1.104709618500587
2026-01-04 06:01:00,1.1045979253343623,1.104761607366079,1.1045654994520857,1.1046231555641366
2026-01-04 06:02:00,1.1048087075896413,1.1049425836193516,1.1047499696253718,1.1048438107677592
2026-01-04 06:03:00,1.104814022868774,1.104816447120878,1.104616838845626,1.104738886484734
2026-01-04 06:04:00,1.1045095330188435,1.1046613072412723,1.1045086043904766,1.1045833265736986
2026-01-04 06:05:00,1.1046926759107494,1.1047823245449422,1.1046235310466548,1.1046831319139534
2026-01-04 06:06:00,1.1045571553703128,1.1047520097381427,1.104517100573521,1.1045637113934754
2026-01-04 06:07:00,1.1044040405654203,1.1045735616499224,1.1043606363055045,1.1044212018688555
2026-01-04 06:08:00,1.1042223369287527,1.104206474653881,1.104084339951301,1.1042046612295302
2026-01-04 06:09:00,1.1041417027466365,1.1041615531965114,1.104077269314025,1.104132224753611
2026-01-04 06:10:00,1.1041426875371663,1.1041682909648236,1.1040919970404246,1.1041198175000266
2026-01-04 06:11:00,1.1041632300417938,1.1041864611085153,1.1041407233122527,1.1041562812591756
2026-01-04 06:12:00,1.1043198612660714,1.1045520141626846,1.1041919017581867,1.1042989771958205
2026-01-04 06:13:00,1.104382680144017,1.104400801140247,1.1042814025988348,1.1043780118843705
2026-01-04 06:14:00,1.1043164097070768,1.1043724596666478,1.1042933529620695,1.1043493810514375
2026-01-04 06:15:00,1.1043198517629924,1.1043993503668619,1.1041210226387934,1.1043196516999805
2026-01-04 06:16:00,1.1043604559923326,1.1044085660019698,1.104368433209194,1.1043961753203178
2026-01-04 06:17:00,1.1045480420145204,1.1046485569679616,1.1045097635013403,1.104587060844757
2026-01-04 06:18:00,1.1045892004745437,1.104726365780133,1.1044963004440382,1.1046060079746796
2026-01-04 06:19:00,1.1045296671885112,1.1046845667729919,1.1043910983628697,1.1045356383465479
2026-01-04 06:20:00,1.1043884697117026,1.1044113079802207,1.1043510607495222,1.1043867084463852
2026-01-04 06:21:00,1.1042157465980915,1.1042145980178044,1.1041337252016246,1.1041699276567234
2026-01-04 06:22:00,1.1042449449034029,1.1043285738609891,1.1042644340781156,1.1042698681075298
2026-01-04 06:23:00,1.1043664074823996,1.1043572197518563,1.1042802690604043,1.1043565648860758
2026-01-04 06:24:00,1.104449070800539,1.104497411811795,1.104291327216241,1.1044431694148418
2026-01-04 06:25:00,1.1043934390835157,1.1045047668871817,1.1042586790642024,1.104423870497889
2026-01-04 06:26:00,1.1046385977490831,1.1047907012530047,1.104582396243894,1.1046349107097728
2026-01-04 06:27:00,1.1046124290063437,1.104661555745883,1.1044263211142848,1.104562292935585
2026-01-04 06:28:00,1.1047149086320103,1.1048400760998727,1.1046181593042428,1.104705583321166
2026-01-04 06:29:00,1.104711101083369,1.1048072821917292,1.1046986108754722,1.1046997718869176
2026-01-04 06:30:00,1.1045732528556687,1.1047132114472265,1.1044800994511246,1.1046085192722157
2026-01-04 06:31:00,1.1047958417608739,1.1047651958154032,1.1046410435001885,1.1046973988183135
2026-01-04 06:32:00,1.1047264264176,1.1048873170127578,1.1045998879028298,1.104758844236116
2026-01-04 06:33:00,1.1047290009769786,1.1048454925834268,1.1046738463718404,1.104812390150006
2026-01-04 06:34:00,1.1048675911193253,1.1048700523529562,1.1047626219153042,1.1048245819133145
2026-01-04 06:35:00,1.1048131570990745,1.1048255145445116,1.1045370675224366,1.104818897951057
2026-01-04 06:36:00,1.10516200165894,1.1052030425015587,1.105155884776557,1.1051771537499875
2026-01-04 06:37:00,1.1053275145577464,1.1054613725179019,1.1053260219579542,1.105354792246767
2026-01-04 06:38:00,1.1055568020122306,1.1055227017183544,1.1054382390198108,1.1054632162810147
2026-01-04 06:39:00,1.1054977156686756,1.1055413073439928,1.1054271322345621,1.1054799861547453
2026-01-04 06:40:00,1.105658547295917,1.1056635217022748,1.1055434384769027,1.1056310597348349
2026-01-04 06:41:00,1.1057168897324725,1.105732532124084,1.1056097289965836,1.1057087589512935
2026-01-04 06:42:00,1.1057261921448818,1.1057229974863627,1.105668118750196,1.1057126896642095
2026-01-04 06:43:00,1.1057370862459477,1.1056695530173213,1.1054870779452275,1.1056671550154198
2026-01-04 06:44:00,1.105642474681709,1.105730080096968,1.105620897441501,1.1056550174147703
2026-01-04 06:45:00,1.1051066066771127,1.1052094084955086,1.1049490445760337,1.1051794535543886
2026-01-04 06:46:00,1.1052544464129948,1.105211262039367,1.1051736220068031,1.1052110436802833
2026-01-04 06:47:00,1.1051626073488787,1.1052752807915833,1.1051009903114224,1.1051377722682667
2026-01-04 06:48:00,1.1053820717586536,1.1054229260646407,1.1053407241740318,1.1053766727680092
2026-01-04 06:49:00,1.1054031120407084,1.1054183423665342,1.1053380364163803,1.105379574378631
2026-01-04 06:50:00,1.105182692654686,1.1053289735260852,1.104962918647592,1.1052012298657006
2026-01-04 06:51:00,1.1051947824717243,1.1053094060077409,1.1051697954108903,1.1051937478425815
2026-01-04 06:52:00,1.1050302446671292,1.105163791006082,1.1050330403966426,1.105036829679822
2026-01-04 06:53:00,1.1050782663793255,1.105232355849775,1.1049796912522538,1.105107840792179
2026-01-04 06:54:00,1.1052109415359852,1.105287244860135,1.1051467156073675,1.1051514828968299
2026-01-04 06:55:00,1.1052245459101253,1.1053095170003673,1.105130507702836,1.105295158841496
2026-01-04 06:56:00,1.1052945706813326,1.1052183780286577,1.1051335176571249,1.105176526572742
2026-01-04 06:57:00,1.1052254958976366,1.105231292892389,1.1051012453223519,1.1051816277871762
2026-01-04 06:58:00,1.104887975741127,1.1050691790005847,1.104855195953754,1.104976874517862
2026-01-04 06:59:00,1.1050708904186763,1.1051227081370356,1.1049986828304792,1.1050820987351508
2026-01-04 07:00:00,1.1051515021164218,1.1052413447378768,1.1051056789892506,1.105159929412217
2026-01-04 07:01:00,1.1052538944968182,1.1053508203653677,1.105108424041395,1.105234300165371
2026-01-04 07:02:00,1.1051850741065374,1.1053805732635955,1.1051862500255567,1.1052345430200745
2026-01-04 07:03:00,1.1052983602208613,1.1053155531313361,1.1052335566313312,1.1052967589536928
2026-01-04 07:04:00,1.1055313538500329,1.105594656961117,1.1054901052926553,1.105537409819939
2026-01-04 07:05:00,1.1054577647632542,1.1055597422492607,1.1054845129636968,1.1054946456813828
2026-01-04 07:06:00,1.1054716048473656,1.1055272405684,1.105445749395443,1.1055154424589393
2026-01-04 07:07:00,1.1053984637463974,1.1054682231596287,1.1051106459673552,1.1053525235140622
2026-01-04 07:08:00,1.1051374552428204,1.105290491849625,1.105211175534692,1.1052222843698225
2026-01-04 07:09:00,1.1052608503105914,1.1053521912276827,1.1051324638603244,1.1052369563637865
2026-01-04 07:10:00,1.1054424219111356,1.1054510092522518,1.1052862561385373,1.1054025463957917
2026-01-04 07:11:00,1.105353176355237,1.1053784460352223,1.1053493887416324,1.105364104272154
2026-01-04 07:12:00,1.1053313354347434,1.1054362818411148,1.1053256219839305,1.1053287167927572
2026-01-04 07:13:00,1.1053258587560664,1.1053013423106275,1.105117176818656,1.1052676840060816
2026-01-04 07:14:00,1.1051522279299186,1.1052332389616226,1.1050857874165534,1.1051874705054547
2026-01-04 07:15:00,1.1052016336023667,1.1053363874951887,1.105168983411784,1.1052317162238112
2026-01-04 07:16:00,1.1049823533929795,1.105084483347655,1.1049514327888004,1.1050071275770343
2026-01-04 07:17:00,1.1052575347934954,1.1052488391081918,1.1051179662283175,1.1051992685135343
2026-01-04 07:18:00,1.1051640698561591,1.1051121215715496,1.1050220911843212,1.105099455168815
2026-01-04 07:19:00,1.1051379461799076,1.1052628523156347,1.1051853807461862,1.1052077406916307
2026-01-04 07:20:00,1.1050675529393872,1.1051591842216761,1.1049477910609968,1.1050172409020216
2026-01-04 07:21:00,1.105158512336921,1.1052033111645583,1.1050740776253358,1.1051175669216036
2026-01-04 07:22:00,1.1052960383532981,1.1052381803455478,1.105002267352499,1.1052183586127757
2026-01-04 07:23:00,1.105295244325183,1.1053085148733997,1.105227234467936,1.1052759889235766
2026-01-04 07:24:00,1.1051246116392925,1.1051416794356659,1.104947149298764,1.1051268246453065
2026-01-04 07:25:00,1.1052215177080749,1.105194430179142,1.1051203082909467,1.1051642568737463
2026-01-04 07:26:00,1.1050217436356113,1.1050801051066084,1.104970119079583,1.1049867984460362
2026-01-04 07:27:00,1.105061128878479,1.1049552381482277,1.1047503613042045,1.1049488839577717
2026-01-04 07:28:00,1.105151231315163,1.1051736213057246,1.1048697005610348,1.105103295922915
2026-01-04 07:29:00,1.1052304786107967,1.105400178725196,1.1051412701004968,1.1052228012119756
2026-01-04 07:30:00,1.1051663734343378,1.1056173186785185,1.105184961336182,1.1052250786533566
2026-01-04 07:31:00,1.1050498118081087,1.105107236469752,1.1049930225436677,1.1050788576669683
2026-01-04 07:32:00,1.105103898074893,1.1053181723891665,1.1050881301874715,1.1051756958237944
2026-01-04 07:33:00,1.105167849907646,1.1051998481797203,1.1050920023385509,1.105178603009449
2026-01-04 07:34:00,1.1048768590493763,1.1048607653738172,1.1047307602375005,1.1048305556697147
2026-01-04 07:35:00,1.104947766589238,1.1051066902039037,1.10490761866693,1.104947950143662
2026-01-04 07:36:00,1.1049954014820196,1.104984314873876,1.1048231512560167,1.1049443152185816
2026-01-04 07:37:00,1.105141561592451,1.105141268808459,1.1050214186359668,1.105124682905779
2026-01-04 07:38:00,1.1049402377134647,1.1050440914434159,1.104948061168046,1.1049603923279525
2026-01-04 07:39:00,1.1044882680137318,1.1045207365146572,1.1044348700244355,1.1044838867559732
2026-01-04 07:40:00,1.1045493541692777,1.1045715170340238,1.1044201462975682,1.104525749334725
2026-01-04 07:41:00,1.1045764450561504,1.1046766314792527,1.1045172057645707,1.1045694838862272
2026-01-04 07:42:00,1.1043234173535288,1.104426858154875,1.104311638289185,1.1043158831420863
2026-01-04 07:43:00,1.104130655704827,1.1042014329289596,1.10411842707044,1.1041691082102063
2026-01-04 07:44:00,1.1045607420585022,1.1047371478511778,1.1045278650234616,1.1045823908717642
2026-01-04 07:45:00,1.104649472319449,1.1045569436653928,1.104447854018894,1.1045365492796413
2026-01-04 07:46:00,1.1047076164506187,1.1046654920902748,1.104625080648413,1.1046461931260976
2026-01-04 07:47:00,1.1044749021071518,1.1047162396481838,1.1045067692604644,1.1045485941519924
2026-01-04 07:48:00,1.104116700269289,1.1043915461065086,1.1042000788426285,1.1042350487171644
2026-01-04 07:49:00,1.1042133196012174,1.1042695986977304,1.1042069427486243,1.104209509980145
2026-01-04 07:50:00,1.1042143429408233,1.1042519375387594,1.1041447100484947,1.104169669296102
2026-01-04 07:51:00,1.1040836904684308,1.1041432192859415,1.104094970395517,1.1041096875603018
2026-01-04 07:52:00,1.1041435743713859,1.1041105219401097,1.1040905710928794,1.104092491434976
2026-01-04 07:53:00,1.1041351144039733,1.1042277452460187,1.1039804062896657,1.1041321316757229
2026-01-04 07:54:00,1.1041014610690483,1.1041686959678438,1.1040428786045893,1.1041096141330347
2026-01-04 07:55:00,1.1039578189666515,1.104044517308665,1.1039019019789538,1.1039200132078426
2026-01-04 07:56:00,1.1039663471369319,1.1039980918459524,1.1038927538852228,1.103992940926577
2026-01-04 07:57:00,1.1036861998471883,1.103738071132893,1.1037005191125377,1.1037005351632785
2026-01-04 07:58:00,1.1034264899077924,1.1034045003775637,1.1032191417868338,1.103392981544686
2026-01-04 07:59:00,1.1035022888220378,1.1036221671704163,1.1034680139999606,1.1035038586188912
2026-01-04 08:00:00,1.1036753504733803,1.103673292702319,1.1035599186673994,1.1035799116597114
2026-01-04 08:01:00,1.103605993625593,1.1036216255934035,1.103497012024407,1.1035713023549503
2026-01-04 08:02:00,1.1033934257706537,1.1035925487629739,1.1031549577247857,1.103361985079237
2026-01-04 08:03:00,1.1032533232058326,1.103357356576101,1.103251680486441,1.103255798438136
2026-01-04 08:04:00,1.1032601241598183,1.103298643718103,1.1031650189044035,1.103216386425983
2026-01-04 08:05:00,1.1029608719420567,1.1031081567273004,1.1029108535421688,1.1029770023306968
2026-01-04 08:06:00,1.1028802669195534,1.1028818826887608,1.1028586852310118,1.1028661480319935
2026-01-04 08:07:00,1.1029181829303696,1.1030616482416262,1.102901293931805,1.10296399758272
2026-01-04 08:08:00,1.1032300654569747,1.1033853068989727,1.1031051360940411,1.1031780933873632
2026-01-04 08:09:00,1.1031297084093277,1.1031356714218887,1.1030743361894515,1.1031151781744646
2026-01-04 08:10:00,1.1033277770807968,1.1032849724010163,1.1031575822283652,1.103228651427612
2026-01-04 08:11:00,1.1030611573362072,1.1030117381468532,1.10287318058583,1.1029415424170237
2026-01-04 08:12:00,1.1030786260757626,1.1030789813684168,1.1029669649155074,1.103040460103191
2026-01-04 08:13:00,1.1029232891065421,1.103031936411624,1.102829576840277,1.1029198678409817
2026-01-04 08:14:00,1.1029186664578816,1.1029792975550108,1.1027891768168039,1.102965969683488
2026-01-04 08:15:00,1.1029740443109148,1.102949355463508,1.1028327328195695,1.102928806820752
2026-01-04 08:16:00,1.1031373831504143,1.1031382997975254,1.1029407175861536,1.1031268689222196
2026-01-04 08:17:00,1.103022605316926,1.102995883925604,1.1029192267459833,1.1029957035749685
2026-01-04 08:18:00,1.1031763338889757,1.1031987787833741,1.1030655982224307,1.103089844519603
2026-01-04 08:19:00,1.1030066972356751,1.1031587628602806,1.1030155428933852,1.1030479184001083
2026-01-04 08:20:00,1.102977957369983,1.1030536921152228,1.1028751232918332,1.103024172578407
2026-01-04 08:21:00,1.1029847731975146,1.1030360826434333,1.1028807379451508,1.102996594494433
2026-01-04 08:22:00,1.1029108035862465,1.1029503944916614,1.1027872210868408,1.1028697435287589
2026-01-04 08:23:00,1.1028953720458836,1.1029135507236718,1.1028194385206687,1.1028676286838728
2026-01-04 08:24:00,1.1028134470249698,1.1028758448703257,1.1027225586014835,1.1028582314505546
2026-01-04 08:25:00,1.1029322451328507,1.1030478299571607,1.1028491884885585,1.1028944174878157
2026-01-04 08:26:00,1.102847032618725,1.1030758966921894,1.1028622351717445,1.1029070932596696
2026-01-04 08:27:00,1.1029849053583938,1.1030868672351752,1.1028710245149291,1.1030267924421113
2026-01-04 08:28:00,1.103159545868659,1.1032175708111627,1.1030551967764457,1.1031653187345185
2026-01-04 08:29:00,1.1029800536739456,1.1030730389752372,1.1029235744903532,1.1030077252362442
2026-01-04 08:30:00,1.1031825340857655,1.103239921631092,1.1030747215934658,1.103138041111333
2026-01-04 08:31:00,1.1029744095714167,1.1030415592125904,1.1028936638607707,1.1029600906472665
2026-01-04 08:32:00,1.1031365470893684,1.1030938032728015,1.102997853575392,1.103048269030487
2026-01-04 08:33:00,1.103128870579925,1.1031766157444747,1.1030935684974907,1.1031412298481926
2026-01-04 08:34:00,1.102848422206891,1.1030710844596638,1.1027161855831975,1.1028545323144432
2026-01-04 08:35:00,1.1029289983318755,1.1029739412642712,1.1028562946402913,1.1028684792014225
2026-01-04 08:36:00,1.1027936587442624,1.1029006821956466,1.1027716790820605,1.1027982047844185
2026-01-04 08:37:00,1.1027590902581135,1.1028012480321554,1.1026407609766287,1.1026843899957282
2026-01-04 08:38:00,1.1029140592558524,1.1029868999322665,1.102855546851094,1.1028870178453332
2026-01-04 08:39:00,1.102671326650743,1.1029112024357361,1.1027083761965373,1.1027889659742374
2026-01-04 08:40:00,1.1027268879555772,1.1027786964640232,1.1026649501284467,1.1026680094348698
2026-01-04 08:41:00,1.1027250000165265,1.1028128142892042,1.1026569037281997,1.1026793636758705
2026-01-04 08:42:00,1.1028297687681208,1.1028369213167035,1.1026438597299597,1.1027822021378153
2026-01-04 08:43:00,1.1026654059309866,1.1028860904681377,1.1027136351915912,1.1027609548499138
2026-01-04 08:44:00,1.1029027609337005,1.1029790100517862,1.1029158280027969,1.1029359104317642
2026-01-04 08:45:00,1.1029861215393808,1.1030394173342302,1.1029197488430946,1.1030155567810587
2026-01-04 08:46:00,1.102646769014721,1.1027156664104685,1.10262172248196,1.102688825083099
2026-01-04 08:47:00,1.1026965011651677,1.1026345001406443,1.1025763900436338,1.102609405038573
2026-01-04 08:48:00,1.102524540331779,1.1026079467800576,1.1023967547803,1.1025251287236701
2026-01-04 08:49:00,1.1025952048195533,1.1026655985059362,1.1025923450123545,1.1025970328666848
2026-01-04 08:50:00,1.1022309107237442,1.1022672296616034,1.102021683658215,1.1022033103082285
2026-01-04 08:51:00,1.1026141268479306,1.1026012893982067,1.1024156496776534,1.1025856617645362
2026-01-04 08:52:00,1.102498571043239,1.1027339930858207,1.1025917476023943,1.1026653156787702
2026-01-04 08:53:00,1.1026553293225005,1.1027518293397525,1.1026306278395883,1.102687647199358
2026-01-04 08:54:00,1.1027942429279312,1.1029218174991788,1.1028212055817097,1.1028648823568208
2026-01-04 08:55:00,1.1032364457694004,1.1032755972697121,1.1032050072002926,1.1032164304647427
2026-01-04 08:56:00,1.1033325978407145,1.1034328157790916,1.1033303584946617,1.1033470424614311
2026-01-04 08:57:00,1.103490133804127,1.1035278436282623,1.103479728297343,1.1034893644259018
2026-01-04 08:58:00,1.1034050419421269,1.1035645421473756,1.1034224289790668,1.1035089679295713
2026-01-04 08:59:00,1.1034722464553317,1.10369314831071,1.1034861612976763,1.1034877390665663
2026-01-04 09:00:00,1.1034721262625573,1.103476910200442,1.1033579204066863,1.1034163697499657
2026-01-04 09:01:00,1.1033629254253636,1.1033397169275074,1.103255227299196,1.1032924529512085
2026-01-04 09:02:00,1.1032253440072306,1.1032424809946209,1.1031570359317826,1.1031894008362535
2026-01-04 09:03:00,1.1029200441769296,1.1030941364690088,1.1029641481146122,1.102986817441602
2026-01-04 09:04:00,1.1030384068141488,1.1029869963978671,1.1028832193783484,1.1029754367239992
2026-01-04 09:05:00,1.1027589367001653,1.102725713236249,1.1027097575044948,1.1027227365874153
2026-01-04 09:06:00,1.1027455146143337,1.102783532520074,1.1026490038323777,1.1027513740660368
2026-01-04 09:07:00,1.102644672659105,1.1027575752800782,1.102592138979698,1.1027459244748306
2026-01-04 09:08:00,1.1028156445171216,1.1028059347373302,1.1026824703044829,1.1027679647695885
2026-01-04 09:09:00,1.1026600367175863,1.1027207917535755,1.1026361981805786,1.1026896450340855
2026-01-04 09:10:00,1.1031684823806656,1.10315703498135,1.1031184908686644,1.1031511740896127
2026-01-04 09:11:00,1.1033586111676716,1.1034779743312455,1.1032686556037348,1.1033551914746398
2026-01-04 09:12:00,1.1032454298488488,1.1032005008274273,1.1031595740257674,1.103168510099627
2026-01-04 09:13:00,1.1031971719634412,1.1033425236675587,1.1031049833281454,1.103203440312741
2026-01-04 09:14:00,1.1031114837117961,1.1031441202252632,1.1030508288107714,1.1031122393913004
2026-01-04 09:15:00,1.1030389982018183,1.1029621595360326,1.1029240833862164,1.1029600674322944
2026-01-04 09:16:00,1.1027261455094381,1.1029486689492511,1.1026694715336154,1.1027590566216257
2026-01-04 09:17:00,1.10286460526781,1.1029599726230697,1.1028147411246418,1.1028238891252395
2026-01-04 09:18:00,1.1027117513038354,1.1028326276455238,1.102711068889218,1.1027216820899792
2026-01-04 09:19:00,1.1028167288954829,1.1030381271347107,1.102819236077543,1.102866855993583
2026-01-04 09:20:00,1.1030159813750986,1.1030205194193674,1.1029993214409752,1.1030159233257626
2026-01-04 09:21:00,1.1032565957392246,1.1032462687871731,1.103122364222003,1.1032220104835442
2026-01-04 09:22:00,1.1031618379606318,1.1032140729011426,1.1030052584680738,1.103094152468633
2026-01-04 09:23:00,1.1032391920095042,1.1032102269368764,1.103130117930491,1.103165457310237
2026-01-04 09:24:00,1.103245587239022,1.103314771429686,1.103200361078661,1.1032603254427333
2026-01-04 09:25:00,1.1031398362548661,1.1032986481525513,1.1030620290373154,1.1031891987164677
2026-01-04 09:26:00,1.1030574959778798,1.1030874604814136,1.1030584362937415,1.1030734329228586
2026-01-04 09:27:00,1.1032557844850588,1.1033484126059285,1.1032033190223722,1.1033148610227252
2026-01-04 09:28:00,1.1033381160941143,1.103374583118727,1.1032188724188672,1.103348985404085
2026-01-04 09:29:00,1.1034272973025108,1.1035563055909139,1.1033914027414888,1.1034443805666918
2026-01-04 09:30:00,1.1033574436751254,1.1034462639103688,1.1032520353525832,1.1033210691649176
2026-01-04 09:31:00,1.1030278797359436,1.103229758873099,1.1029585567194058,1.1031381764949393
2026-01-04 09:32:00,1.103016078631461,1.1030890765846386,1.102995630723449,1.1030527590287653
2026-01-04 09:33:00,1.1029978799054347,1.1030557976918207,1.1028720105582017,1.103034155820657
2026-01-04 09:34:00,1.1029338791822545,1.102888165034662,1.102799496938865,1.1028745228196342
2026-01-04 09:35:00,1.1028173538794666,1.1029508769536374,1.1028142224188853,1.1028730460983367
2026-01-04 09:36:00,1.1026311031881089,1.10266411326195,1.1025475781948855,1.1026197703201264
2026-01-04 09:37:00,1.1024453567860348,1.1024787902435234,1.102386592791934,1.1024517632067559
2026-01-04 09:38:00,1.1026045520203394,1.102713686731068,1.1025389845612983,1.1025523998939974
2026-01-04 09:39:00,1.1026727600652646,1.1027376303028722,1.1025557090193985,1.1026429684720391
2026-01-04 09:40:00,1.102590249143822,1.1026776524279647,1.1025293472784499,1.102584186957231
2026-01-04 09:41:00,1.1024037889671403,1.10246851487217,1.1024049007848544,1.1024315223108696
2026-01-04 09:42:00,1.1021847946529852,1.1023891444790337,1.102227247110261,1.1022774117781406
2026-01-04 09:43:00,1.102233775824034,1.1022255706517072,1.102197000037232,1.1022214215412496
2026-01-04 09:44:00,1.1023446238049228,1.1024151481609576,1.1021716286468346,1.1023180993149964
2026-01-04 09:45:00,1.1023785927880743,1.1025831626316347,1.1023440405522174,1.102457336168698
2026-01-04 09:46:00,1.1023211717001593,1.1024465117290632,1.1023318497490586,1.1023828564083757
2026-01-04 09:47:00,1.1022224490431467,1.1024420934670043,1.1021305420072942,1.102209832544478
2026-01-04 09:48:00,1.1022669661744684,1.102356190754757,1.1021209665576963,1.102250009090158
2026-01-04 09:49:00,1.1020769464790594,1.1022678817581202,1.1020439575570093,1.102126478844564
2026-01-04 09:50:00,1.1020200377130562,1.102070574823779,1.1020129015004319,1.1020487409487347
2026-01-04 09:51:00,1.1021557079203719,1.102344325557177,1.1020580489255423,1.1022475323623004
2026-01-04 09:52:00,1.1024404628717759,1.1024433849980206,1.102057557385575,1.1023715996765853
2026-01-04 09:53:00,1.1023303021030544,1.102474882204657,1.1023803372918912,1.1023952958234229
2026-01-04 09:54:00,1.1022316209428185,1.1022699467866621,1.1021006351832645,1.102204507973256
2026-01-04 09:55:00,1.102234469423569,1.1022652085757805,1.1021124013439432,1.1022362174583766
2026-01-04 09:56:00,1.102460095732976,1.1025272167939666,1.1022959772094305,1.1023956160519948
2026-01-04 09:57:00,1.1022996582974913,1.1023931494859147,1.102153511914465,1.10233927100213
2026-01-04 09:58:00,1.102545000751145,1.1025606438672755,1.1025359100407253,1.102541938115628
2026-01-04 09:59:00,1.1026509285635937,1.1027453961131914,1.1026347617593966,1.1027358499090556
2026-01-04 10:00:00,1.1028884834920303,1.103088370930986,1.1029715301937826,1.1029854098338772
2026-01-04 10:01:00,1.1030610129820502,1.103053889497237,1.1028085201503612,1.103031196302857
2026-01-04 10:02:00,1.1030300537658744,1.1032911980991231,1.1031155163877258,1.1031193050578278
2026-01-04 10:03:00,1.1033200222743558,1.1034361286045202,1.1032493364371463,1.1033314331510775
2026-01-04 10:04:00,1.1034491070140366,1.1034032059782946,1.1033949664772005,1.103398542241638
2026-01-04 10:05:00,1.103360691368274,1.1033754464158596,1.1032949431700003,1.1033233571254693
2026-01-04 10:06:00,1.1032228464255927,1.1033395130612196,1.103203318888379,1.10325607569999
2026-01-04 10:07:00,1.103212433786236,1.1033153168460181,1.1032314564583614,1.1032918589430563
2026-01-04 10:08:00,1.103123749472847,1.1031671007008415,1.1029322841735136,1.1030982747297642
2026-01-04 10:09:00,1.1031438987316027,1.1031315597903335,1.1030679035962319,1.1030767858924597
2026-01-04 10:10:00,1.103208156056261,1.103311821754922,1.1029976694477712,1.1032412679601942
2026-01-04 10:11:00,1.1028724142395991,1.1029971838497823,1.1027790782579547,1.1029125798825195
2026-01-04 10:12:00,1.1031165070996451,1.1032084420684205,1.1031342103145052,1.1031427521977886
2026-01-04 10:13:00,1.1033396887661344,1.1033833430710556,1.1031169337183888,1.103311108330594
2026-01-04 10:14:00,1.10330356951854,1.1032481346156273,1.103131726122565,1.1032421436382194
2026-01-04 10:15:00,1.103261671921831,1.1033360277266526,1.1032723125943225,1.1033236522624001
2026-01-04 10:16:00,1.10324921033097,1.1033553306346089,1.103303510883474,1.1033241244214362
2026-01-04 10:17:00,1.1036256227927985,1.1035944500197201,1.1035084118087035,1.103508622976702
2026-01-04 10:18:00,1.103647159308723,1.1037823217418041,1.1035812182676852,1.1036560254481174
2026-01-04 10:19:00,1.1034586594794247,1.1036371307721662,1.1034385896288907,1.10344601483964
2026-01-04 10:20:00,1.1034995076596286,1.1035908489297823,1.103506107588379,1.1035341042016595
2026-01-04 10:21:00,1.1035277581390859,1.1036834128643964,1.1034919851298055,1.1035032600236132
2026-01-04 10:22:00,1.103563687952926,1.1037179023191996,1.1034408465911218,1.103515684909191
2026-01-04 10:23:00,1.103421448932624,1.1035895768376018,1.1032787973040208,1.1034064591240453
2026-01-04 10:24:00,1.1037557225882642,1.1036879778211897,1.1036645516070742,1.1036686796844135
2026-01-04 10:25:00,1.1038083517279018,1.1040029004655973,1.1036531771355809,1.1038246889573988
2026-01-04 10:26:00,1.1037005791591512,1.103948027192968,1.1037055029901766,1.103713723282803
2026-01-04 10:27:00,1.1035251020093302,1.1035749355079214,1.1034803723138733,1.1035135316917664
2026-01-04 10:28:00,1.103478928879395,1.1034754881601345,1.1033802722166157,1.1034556807971196
2026-01-04 10:29:00,1.1035322535571366,1.103650918734139,1.103505024232774,1.1035208561940335
2026-01-04 10:30:00,1.1034926663192777,1.1036436676165797,1.1033700837781295,1.1035568870706254
2026-01-04 10:31:00,1.1037604827526504,1.1037675975022399,1.1037444657434112,1.1037448569943407
2026-01-04 10:32:00,1.1038446362734275,1.103952329429762,1.103793295246352,1.1038633449526678
2026-01-04 10:33:00,1.1039797314558268,1.1041048582623552,1.1039333198682912,1.1040087803065306
2026-01-04 10:34:00,1.1040594327193598,1.1040832213853293,1.1040074996912885,1.1040578086166222
2026-01-04 10:35:00,1.1038013376727243,1.1039191189049746,1.1038219044593962,1.1038494138070907
2026-01-04 10:36:00,1.1037632894612248,1.103859247153643,1.1038144084149526,1.1038200590274185
2026-01-04 10:37:00,1.1038482990404046,1.1040825322843655,1.103928896712288,1.1039790724884049
2026-01-04 10:38:00,1.1040587059155516,1.1040364108120053,1.103907541032561,1.1039713440491261
2026-01-04 10:39:00,1.104074594170375,1.1040893987011298,1.1040185723380216,1.1040468076044196
2026-01-04 10:40:00,1.1039931571510675,1.1041060619977519,1.103936101446163,1.1039989953571328
2026-01-04 10:41:00,1.1038111624180071,1.1039229556768815,1.103831807300222,1.1038445235798515
2026-01-04 10:42:00,1.1036822203561425,1.1038948715677008,1.1037972951773327,1.1038260219702447
2026-01-04 10:43:00,1.1038359526428885,1.1038958298402142,1.1038685876188863,1.1038723790866996
2026-01-04 10:44:00,1.1038098192456385,1.103932940658944,1.1037641733262897,1.1037740259287803
2026-01-04 10:45:00,1.1037857779572315,1.1037887821696584,1.1037186247437842,1.1037386692420519
2026-01-04 10:46:00,1.103629864355434,1.1036464128745729,1.103595952497817,1.1035977497557539
2026-01-04 10:47:00,1.1037735560911761,1.1037666570534277,1.1034958324477069,1.1037656364933885
2026-01-04 10:48:00,1.1037866618370469,1.103727806469014,1.1036903046998696,1.1037214681297502
2026-01-04 10:49:00,1.1039229546004148,1.1040122204928435,1.1038748517656762,1.1039393814615193
2026-01-04 10:50:00,1.104222953084907,1.1042599524589183,1.1041248912785675,1.1041686936391004
2026-01-04 10:51:00,1.104137307622206,1.104226675733773,1.1041302550620624,1.1041565367443922
2026-01-04 10:52:00,1.103961212369066,1.1040897967642143,1.1038758705131808,1.10400526943451
2026-01-04 10:53:00,1.1036420991038287,1.1037527628998052,1.1036632683758072,1.10369238475285
2026-01-04 10:54:00,1.1034183543708371,1.1036231110013281,1.1033660737370017,1.1034715791918959
2026-01-04 10:55:00,1.1032984573696012,1.1033196812917623,1.1032320832683544,1.1032655039681611
2026-01-04 10:56:00,1.1034351371337257,1.1036397014888877,1.1033762771603661,1.1034722744122805
2026-01-04 10:57:00,1.1034379966581127,1.1035797402122198,1.1034531084795407,1.1034896481003644
2026-01-04 10:58:00,1.1035837755399611,1.103649357335315,1.103437621943368,1.1035480887789781
2026-01-04 10:59:00,1.1032314241471617,1.1033910215158529,1.1031614616051364,1.103215025627638
2026-01-04 11:00:00,1.1030834602623978,1.103079910194638,1.1029159147976464,1.1030353306632554
2026-01-04 11:01:00,1.1031940226052859,1.103218764863405,1.1031364918266748,1.1031683926297222
2026-01-04 11:02:00,1.1031737531675698,1.1032640024746052,1.1030682357769273,1.1032114087465796
2026-01-04 11:03:00,1.1031931330756002,1.103213717048939,1.1029069112538366,1.1031893279547769
2026-01-04 11:04:00,1.1032803109581053,1.1033933516456687,1.1031086583526053,1.1032740543085668
2026-01-04 11:05:00,1.1034734660465635,1.1035586966033297,1.1035184426054476,1.1035194239794872
2026-01-04 11:06:00,1.1034310363612518,1.1035234138120653,1.1033719371825237,1.1034862676099566
2026-01-04 11:07:00,1.1034626369998997,1.1036742713050516,1.1033930344894969,1.1034966730803555
2026-01-04 11:08:00,1.1036273917359987,1.1036236572908664,1.1034404284059478,1.103525562618165
2026-01-04 11:09:00,1.1038637418587451,1.1039614604265178,1.103852656224634,1.1038843790634563
2026-01-04 11:10:00,1.1036311189633625,1.1037128381257753,1.1034343667291595,1.1035694756237933
2026-01-04 11:11:00,1.1036485260505378,1.1036911041476076,1.1035806199669316,1.1036719590760118
2026-01-04 11:12:00,1.103699180679675,1.1037209556140926,1.1036335087769318,1.103654738738698
2026-01-04 11:13:00,1.1037848790804035,1.1038896180473405,1.1037156964218529,1.1037397544976255
2026-01-04 11:14:00,1.1036887781399238,1.1037605700628277,1.1036107563497648,1.1036411486145263
2026-01-04 11:15:00,1.103653195226998,1.1037639140662,1.103542838657314,1.1036338038598974
2026-01-04 11:16:00,1.1038093837757565,1.1039403499435319,1.1036168003492695,1.1037405154468174
2026-01-04 11:17:00,1.1042263696754415,1.1042779836493655,1.1040762311776136,1.1042074519769738
2026-01-04 11:18:00,1.104414333891851,1.1043782339626858,1.104240246491281,1.104328657405384
2026-01-04 11:19:00,1.1041204515755203,1.1042658864110335,1.104186069049165,1.1042014475656796
